{"stats":{"minecraft:killed":{"minecraft:cave_spider":2,"minecraft:vindicator":3,"minecraft:spider":8,"minecraft:phantom":3,"minecraft:skeleton":3,"wildlife:lark":1,"endermanoverhaul:savanna_enderman":1,"minecraft:zombie":5},"minecraft:picked_up":{"clutter:clam":1,"tridents_n_stuff:prismarine_harpoon":5,"minecraft:diamond_sword":2,"minecraft:oak_stairs":44,"minecraft:shield":1,"minecraft:string":21,"minecraft:oak_trapdoor":5,"minecraft:moss_carpet":3,"minecraft:raw_copper":30,"minecraft:cooked_salmon":17,"minecraft:cracked_stone_bricks":1,"twigs:pebble":1,"minecraft:iron_pickaxe":4,"minecraft:phantom_membrane":2,"minecraft:stick":8,"minecraft:oak_fence":2,"minecraft:acacia_log":3,"minecraft:torch":14,"minecraft:spruce_stairs":1,"spellbladenext:frost_orb":1,"mcdar:flaming_quiver":1,"minecraft:arrow":5,"minecraft:rotten_flesh":6,"mcda:phantom_bones":1,"minecraft:hay_block":13,"minecraft:cobblestone":30,"farmersdelight:rice":1,"minecraft:cut_sandstone":42,"minecraft:oak_log":251,"bewitchment:aconite_seeds":4,"minecraft:dirt":241,"minecraft:bone":2,"minecraft:stone_bricks":4,"minecraft:wheat_seeds":12,"bewitchment:mandrake_seeds":2,"minecraft:stone_pickaxe":1,"minecraft:moss_block":10,"twigs:twig":26,"minecraft:acacia_sapling":1,"minecraft:oak_planks":3,"minecraft:oak_slab":4,"patchouli:guide_book":1,"minecraft:sand":43,"bewitchment:salt":10,"minecraft:spider_eye":2,"clutter:copper_coin":14,"minecraft:dried_kelp_block":27,"minecraft:stone_axe":1,"minecraft:chiseled_red_sandstone":1,"minecraft:jack_o_lantern":1,"minecraft:oak_sapling":37,"minecraft:coal":15,"minecraft:ender_pearl":1},"minecraft:killed_by":{"minecraft:spider":1,"mutantmonsters:mutant_skeleton":2},"minecraft:custom":{"lootr:looted_stat":47,"minecraft:mob_kills":27,"minecraft:interact_with_crafting_table":35,"minecraft:open_barrel":35,"minecraft:interact_with_campfire":17,"minecraft:bell_ring":3,"minecraft:damage_dealt_resisted":0,"minecraft:leave_game":6,"minecraft:time_since_death":112315,"minecraft:climb_one_cm":50,"minecraft:damage_resisted":0,"minecraft:sprint_one_cm":287162,"minecraft:walk_one_cm":414080,"minecraft:damage_blocked_by_shield":270,"minecraft:drop":44,"minecraft:talked_to_villager":1,"minecraft:play_time":160266,"minecraft:deaths":3,"minecraft:sneak_time":8032,"minecraft:walk_under_water_one_cm":9965,"minecraft:jump":2009,"minecraft:interact_with_brewingstand":1,"minecraft:interact_with_blast_furnace":1,"minecraft:walk_on_water_one_cm":11374,"minecraft:total_world_time":160266,"minecraft:interact_with_furnace":11,"minecraft:hex":0,"minecraft:time_since_rest":112344,"minecraft:damage_taken":1746,"minecraft:damage_dealt":5908,"minecraft:swim_one_cm":42055,"minecraft:fly_one_cm":414633,"minecraft:open_chest":12,"minecraft:crouch_one_cm":28387,"minecraft:interact_with_smoker":3,"minecraft:fall_one_cm":51133,"minecraft:inspect_dispenser":1},"minecraft:crafted":{"minecraft:oak_door":3,"minecraft:oak_planks":112,"minecraft:stone_shovel":2,"minecraft:furnace":1,"minecraft:oak_trapdoor":2,"minecraft:glass":43,"minecraft:iron_boots":1,"minecraft:iron_axe":1,"minecraft:stone_pickaxe":1,"minecraft:oak_fence":6,"minecraft:wheat":117,"minecraft:oak_slab":12,"minecraft:crafting_table":2,"minecraft:wooden_pickaxe":1,"minecraft:iron_helmet":1,"minecraft:stone_axe":2,"minecraft:bread":28,"minecraft:air":0,"minecraft:iron_chestplate":1,"minecraft:stick":20,"minecraft:iron_ingot":23,"minecraft:oak_stairs":36,"minecraft:wooden_axe":1,"minecraft:iron_leggings":1,"minecraft:torch":8},"minecraft:used":{"minecraft:oak_fence":7,"minecraft:oak_trapdoor":2,"minecraft:jack_o_lantern":1,"minecraft:stone_shovel":240,"minecraft:shield":6,"minecraft:cooked_salmon":3,"minecraft:oak_door":2,"minecraft:torch":21,"minecraft:dirt":72,"minecraft:glass":2,"minecraft:wooden_axe":29,"spellbladenext:frost_orb":1,"minecraft:iron_axe":1,"minecraft:oak_stairs":65,"minecraft:stone_bricks":4,"minecraft:furnace":1,"minecraft:oak_sapling":15,"minecraft:water_bucket":12,"minecraft:stone_pickaxe":17,"minecraft:baked_potato":5,"minecraft:oak_planks":3,"minecraft:wooden_pickaxe":19,"minecraft:cut_sandstone":5,"minecraft:cracked_stone_bricks":1,"minecraft:oak_slab":6,"minecraft:crafting_table":2,"minecraft:oak_log":172,"minecraft:bread":11,"minecraft:iron_pickaxe":92,"simplyswords:gold_cutlass":29,"minecraft:stone_axe":264,"minecraft:diamond_sword":77,"minecraft:cobblestone":1,"minecraft:bucket":11,"minecraft:glass_pane":9},"minecraft:dropped":{"minecraft:water_bucket":1,"minecraft:moss_block":10,"minecraft:wheat_seeds":12,"clutter:clam":1,"clutter:copper_coin":14,"minecraft:spruce_stairs":1,"minecraft:acacia_log":3,"minecraft:leather_helmet":1,"farmersdelight:rice":1,"bewitchment:aconite_seeds":4,"twigs:pebble":1,"minecraft:dirt":68,"minecraft:wooden_axe":1,"minecraft:iron_pickaxe":3,"minecraft:string":2,"twigs:twig":5,"mcdar:flaming_quiver":1,"minecraft:moss_carpet":3,"minecraft:stone_axe":1,"minecraft:wheat":64,"minecraft:rotten_flesh":2,"tridents_n_stuff:prismarine_harpoon":5,"spellbladenext:frost_orb":1,"patchouli:guide_book":1,"minecraft:filled_map":1,"minecraft:diamond_sword":1,"bewitchment:mandrake_seeds":2,"minecraft:acacia_sapling":1,"minecraft:oak_sapling":2,"minecraft:leather_leggings":1,"minecraft:wooden_pickaxe":1,"minecraft:stone_pickaxe":2},"minecraft:broken":{"simplyswords:gold_cutlass":1,"minecraft:stone_axe":1,"minecraft:stone_shovel":1},"minecraft:mined":{"minecraft:chiseled_red_sandstone":1,"minecraft:jack_o_lantern":1,"minecraft:acacia_log":2,"minecraft:grass_block":151,"minecraft:moss_block":10,"minecraft:hay_block":13,"minecraft:oak_trapdoor":5,"treechop:chopped_log":15,"minecraft:vine":2,"bewitchment:salt_ore":6,"minecraft:oak_stairs":44,"minecraft:stone":30,"minecraft:tripwire":1,"minecraft:cut_sandstone":42,"minecraft:oak_slab":3,"minecraft:acacia_leaves":3,"minecraft:glass_pane":9,"minecraft:oak_fence":1,"minecraft:torch":5,"minecraft:poppy":1,"clutter:pearl_clam_block":2,"minecraft:cobblestone":1,"minecraft:copper_ore":8,"minecraft:tall_grass":2,"minecraft:dried_kelp_block":27,"minecraft:oak_planks":3,"minecraft:wall_torch":3,"minecraft:grass":21,"minecraft:coal_ore":15,"minecraft:oak_log":99,"minecraft:gravel":1,"minecraft:sand":44,"minecraft:dirt":53,"minecraft:cobweb":13,"minecraft:cracked_stone_bricks":1,"minecraft:stone_bricks":4,"minecraft:oak_leaves":10,"minecraft:fern":2}},"DataVersion":3465}