{"stats":{"minecraft:killed":{"minecraft:spider":1,"wildlife:lark":1,"minecraft:skeleton":2,"minecraft:zombie":2},"minecraft:picked_up":{"clutter:clam":1,"tridents_n_stuff:prismarine_harpoon":5,"farmersdelight:rice":1,"minecraft:diamond_sword":1,"minecraft:oak_stairs":16,"minecraft:oak_log":102,"minecraft:shield":1,"bewitchment:aconite_seeds":4,"minecraft:dirt":204,"minecraft:string":2,"minecraft:moss_carpet":3,"minecraft:cooked_salmon":4,"minecraft:wheat_seeds":9,"twigs:pebble":1,"bewitchment:mandrake_seeds":2,"twigs:twig":16,"minecraft:moss_block":10,"minecraft:oak_planks":2,"minecraft:acacia_sapling":1,"minecraft:stick":6,"patchouli:guide_book":1,"minecraft:torch":5,"minecraft:acacia_log":1,"minecraft:spruce_stairs":1,"minecraft:sand":43,"spellbladenext:frost_orb":1,"mcdar:flaming_quiver":1,"minecraft:arrow":4,"clutter:copper_coin":14,"minecraft:dried_kelp_block":27,"minecraft:rotten_flesh":2,"minecraft:hay_block":13,"minecraft:oak_sapling":17,"minecraft:cobblestone":12},"minecraft:killed_by":{"mutantmonsters:mutant_skeleton":2,"minecraft:spider":1},"minecraft:custom":{"lootr:looted_stat":45,"minecraft:mob_kills":7,"minecraft:interact_with_crafting_table":20,"minecraft:open_barrel":23,"minecraft:interact_with_campfire":4,"minecraft:bell_ring":3,"minecraft:damage_dealt_resisted":0,"minecraft:leave_game":5,"minecraft:time_since_death":50405,"minecraft:hex":0,"minecraft:time_since_rest":50434,"minecraft:sprint_one_cm":183190,"minecraft:damage_taken":1008,"minecraft:walk_one_cm":234251,"minecraft:damage_blocked_by_shield":200,"minecraft:drop":30,"minecraft:damage_dealt":2018,"minecraft:swim_one_cm":29464,"minecraft:talked_to_villager":1,"minecraft:fly_one_cm":231050,"minecraft:open_chest":1,"minecraft:crouch_one_cm":10213,"minecraft:play_time":98356,"minecraft:deaths":3,"minecraft:sneak_time":3120,"minecraft:walk_under_water_one_cm":117,"minecraft:interact_with_brewingstand":1,"minecraft:jump":1045,"minecraft:interact_with_blast_furnace":1,"minecraft:walk_on_water_one_cm":4968,"minecraft:total_world_time":98356,"minecraft:interact_with_smoker":3,"minecraft:fall_one_cm":22183},"minecraft:crafted":{"minecraft:oak_planks":64,"minecraft:stone_shovel":2,"minecraft:crafting_table":2,"minecraft:wooden_pickaxe":1,"minecraft:stone_axe":1,"minecraft:bread":28,"minecraft:iron_boots":1,"minecraft:iron_chestplate":1,"minecraft:stick":8,"minecraft:oak_stairs":28,"minecraft:stone_pickaxe":1,"minecraft:wooden_axe":1,"minecraft:torch":8,"minecraft:wheat":117},"minecraft:used":{"minecraft:water_bucket":3,"minecraft:stone_shovel":240,"minecraft:stone_pickaxe":1,"minecraft:baked_potato":5,"minecraft:oak_planks":2,"minecraft:wooden_pickaxe":19,"minecraft:shield":4,"minecraft:cooked_salmon":1,"minecraft:torch":5,"minecraft:dirt":28,"minecraft:crafting_table":2,"minecraft:oak_log":62,"minecraft:wooden_axe":29,"spellbladenext:frost_orb":1,"minecraft:oak_stairs":26,"minecraft:bread":5,"simplyswords:gold_cutlass":29,"minecraft:stone_axe":105,"minecraft:diamond_sword":14,"minecraft:oak_sapling":15,"minecraft:bucket":3},"minecraft:dropped":{"minecraft:water_bucket":1,"mcdar:flaming_quiver":1,"minecraft:moss_carpet":3,"minecraft:moss_block":10,"minecraft:wheat_seeds":2,"clutter:clam":1,"minecraft:wheat":64,"clutter:copper_coin":14,"tridents_n_stuff:prismarine_harpoon":5,"spellbladenext:frost_orb":1,"minecraft:spruce_stairs":1,"minecraft:leather_helmet":1,"patchouli:guide_book":1,"farmersdelight:rice":1,"twigs:pebble":1,"bewitchment:aconite_seeds":1,"minecraft:filled_map":1,"minecraft:dirt":4,"bewitchment:mandrake_seeds":1,"minecraft:wooden_axe":1,"minecraft:acacia_sapling":1,"minecraft:oak_sapling":2,"minecraft:leather_leggings":1,"minecraft:wooden_pickaxe":1,"minecraft:string":2,"twigs:twig":5},"minecraft:broken":{"minecraft:stone_axe":1,"simplyswords:gold_cutlass":1,"minecraft:stone_shovel":1},"minecraft:mined":{"minecraft:acacia_leaves":3,"minecraft:torch":5,"minecraft:acacia_log":2,"minecraft:grass_block":146,"minecraft:poppy":1,"clutter:pearl_clam_block":2,"minecraft:tall_grass":2,"minecraft:dried_kelp_block":27,"minecraft:moss_block":10,"minecraft:oak_planks":2,"minecraft:hay_block":13,"treechop:chopped_log":8,"minecraft:grass":18,"minecraft:oak_log":36,"minecraft:oak_stairs":16,"minecraft:gravel":1,"minecraft:sand":44,"minecraft:dirt":37,"minecraft:stone":12,"minecraft:oak_leaves":10,"minecraft:fern":1}},"DataVersion":3465}