{"stats":{"minecraft:killed":{"guardvillagers:guard":1,"minecraft:cave_spider":2,"minecraft:spider":8,"minecraft:skeleton":3,"minecraft:pig":1,"minecraft:zombie_villager":1,"endermanoverhaul:savanna_enderman":1,"minecraft:zombie":8,"minecraft:vindicator":3,"minecraft:phantom":4,"wildlife:lark":1},"minecraft:picked_up":{"clutter:clam":1,"minecraft:wheat":2,"travellersbootsreloaded:travellers_boots_tier1":1,"minecraft:diamond_sword":2,"minecraft:oak_stairs":67,"mythicmetals:raw_kyber":2,"minecraft:string":23,"mythicmetals:raw_aquarium":28,"minecraft:raw_copper":30,"minecraft:cooked_salmon":17,"minecraft:iron_leggings":2,"twigs:pebble":2,"inmis:plated_backpack":1,"minecraft:calcite":1,"minecraft:iron_pickaxe":4,"minecraft:iron_boots":1,"minecraft:furnace":1,"minecraft:tipped_arrow":26,"minecraft:stick":16,"minecraft:oak_fence":2,"minecraft:torch":35,"minecraft:acacia_log":4,"minecraft:spruce_stairs":1,"twigs:bamboo_leaves":13,"minecraft:porkchop":2,"spellbladenext:frost_orb":1,"artifality:balloon":1,"regions_unexplored:raw_redstone_block":1,"minecraft:rotten_flesh":8,"mythicmetals:raw_manganese":27,"villagersplus:occultist_table":1,"villagersplus:alchemist_table":1,"minecraft:cobblestone":119,"minecraft:polished_diorite_slab":1,"farmersdelight:rice":1,"minecraft:jungle_log":12,"minecraft:lapis_lazuli":1,"minecraft:dirt":572,"minecraft:cut_sandstone_slab":4,"minecraft:lantern":1,"minecraft:bone":2,"minecraft:chipped_anvil":1,"minecraft:wheat_seeds":21,"twigs:twig":53,"minecraft:bamboo":44,"galosphere:raw_silver":10,"minecraft:moss_block":34,"mythicmetals:raw_silver":25,"minecraft:oak_planks":41,"patchouli:guide_book":1,"archon:earth_gem":4,"minecraft:sand":432,"mythicmetals:raw_quadrillum":3,"minecraft:loom":2,"regions_unexplored:palm_log":14,"clutter:copper_coin":23,"minecraft:diamond":3,"minecraft:crossbow":5,"soulsweapons:verglas":1,"minecraft:spruce_sign":2,"minecraft:chiseled_red_sandstone":1,"minecraft:jack_o_lantern":1,"minecraft:oak_sapling":94,"minecraft:bricks":2,"minecraft:diamond_pickaxe":1,"minecraft:charcoal":5,"tridents_n_stuff:prismarine_harpoon":5,"minecraft:crafting_table":2,"minecraft:sandstone_slab":20,"minecraft:shield":3,"minecraft:oak_trapdoor":10,"minecraft:red_bed":15,"minecraft:moss_carpet":4,"minecraft:cracked_stone_bricks":1,"minecraft:jungle_sapling":8,"minecraft:spruce_trapdoor":6,"minecraft:phantom_membrane":2,"minecraft:raw_iron":10,"minecraft:sandstone":408,"minecraft:redstone":22,"mcdar:flaming_quiver":1,"mythicmetals:raw_runite":4,"minecraft:arrow":5,"bewitchment:garlic":1,"minecraft:beetroot_seeds":3,"mcda:phantom_bones":1,"minecraft:hay_block":13,"spell_engine:spell_binding":4,"witcher_rpg:dark_iron_witcher_sword":1,"minecraft:jungle_boat":11,"mythicmounts:firebird_feather4":3,"minecraft:cut_sandstone":42,"minecraft:oak_log":512,"bewitchment:aconite_seeds":6,"minecraft:smooth_sandstone":13,"minecraft:stone_bricks":5,"bewitchment:mandrake_seeds":2,"minecraft:stone_pickaxe":1,"minecraft:acacia_sapling":1,"minecraft:oak_slab":4,"minecraft:book":5,"minecraft:scaffolding":12,"minecraft:pink_bed":1,"bewitchment:belladonna_seeds":2,"bewitchment:salt":10,"minecraft:white_bed":1,"minecraft:spider_eye":6,"minecraft:leather_helmet":1,"minecraft:cut_red_sandstone":2,"minecraft:dried_kelp_block":27,"minecraft:stone_axe":1,"minecraft:coal":15,"minecraft:hopper":1,"minecraft:ender_pearl":1},"minecraft:killed_by":{"minecraft:spider":1,"mutantmonsters:mutant_skeleton":2},"minecraft:custom":{"lootr:looted_stat":63,"minecraft:interact_with_crafting_table":53,"minecraft:open_barrel":51,"minecraft:bell_ring":21,"minecraft:leave_game":6,"minecraft:time_since_death":238315,"minecraft:damage_resisted":0,"minecraft:sprint_one_cm":604321,"minecraft:damage_blocked_by_shield":340,"minecraft:drop":115,"minecraft:talked_to_villager":12,"minecraft:play_time":286266,"minecraft:deaths":3,"minecraft:jump":3409,"minecraft:interact_with_brewingstand":1,"minecraft:walk_on_water_one_cm":25240,"minecraft:interact_with_furnace":13,"minecraft:sleep_in_bed":1,"minecraft:damage_dealt":7274,"minecraft:crouch_one_cm":70444,"minecraft:interact_with_smoker":3,"minecraft:inspect_dispenser":3,"minecraft:mob_kills":34,"minecraft:interact_with_campfire":17,"minecraft:damage_dealt_resisted":0,"minecraft:climb_one_cm":576,"minecraft:walk_one_cm":821199,"minecraft:sneak_time":18967,"minecraft:walk_under_water_one_cm":147490,"minecraft:boat_one_cm":4574,"minecraft:interact_with_blast_furnace":1,"minecraft:total_world_time":286266,"minecraft:hex":0,"minecraft:time_since_rest":96076,"minecraft:damage_taken":2416,"minecraft:swim_one_cm":485402,"minecraft:fly_one_cm":666892,"minecraft:open_chest":41,"minecraft:fall_one_cm":87980},"minecraft:crafted":{"minecraft:oak_planks":472,"minecraft:glass":43,"minecraft:iron_boots":1,"minecraft:chest":6,"minecraft:oak_fence":6,"minecraft:oak_slab":12,"minecraft:crafting_table":5,"minecraft:jungle_boat":5,"minecraft:wooden_pickaxe":1,"minecraft:iron_helmet":1,"minecraft:iron_chestplate":1,"minecraft:diamond_pickaxe":1,"minecraft:stick":28,"minecraft:iron_ingot":52,"minecraft:iron_pickaxe":1,"minecraft:sandstone":56,"minecraft:oak_door":3,"minecraft:stone_shovel":2,"minecraft:furnace":1,"minecraft:oak_trapdoor":18,"minecraft:iron_axe":2,"minecraft:stone_pickaxe":1,"minecraft:wheat":117,"minecraft:sandstone_slab":24,"minecraft:stone_axe":2,"minecraft:bread":28,"minecraft:air":0,"minecraft:jungle_planks":48,"minecraft:wooden_axe":1,"minecraft:oak_stairs":60,"minecraft:iron_shovel":3,"minecraft:iron_leggings":1,"minecraft:torch":8},"minecraft:used":{"minecraft:jack_o_lantern":1,"minecraft:iron_shovel":682,"minecraft:shield":7,"minecraft:chest":4,"travellersbootsreloaded:travellers_boots_tier1":1,"minecraft:glass":2,"spellbladenext:frost_orb":1,"minecraft:lantern":1,"minecraft:stone_bricks":4,"minecraft:oak_sapling":72,"minecraft:furnace":1,"minecraft:stone_pickaxe":17,"minecraft:oak_planks":241,"minecraft:wooden_pickaxe":19,"minecraft:sandstone":60,"minecraft:jungle_boat":12,"minecraft:sand":32,"minecraft:cut_sandstone_slab":2,"minecraft:loom":2,"minecraft:crossbow":1,"minecraft:bread":14,"minecraft:cut_red_sandstone":2,"minecraft:diamond_sword":94,"minecraft:oak_trapdoor":21,"minecraft:oak_fence":7,"minecraft:stone_shovel":240,"minecraft:cooked_salmon":14,"minecraft:oak_door":2,"minecraft:torch":42,"minecraft:dirt":286,"minecraft:wooden_axe":29,"minecraft:iron_axe":324,"minecraft:oak_stairs":112,"minecraft:iron_boots":1,"minecraft:water_bucket":12,"minecraft:baked_potato":5,"minecraft:cut_sandstone":6,"minecraft:cracked_stone_bricks":1,"minecraft:oak_slab":6,"minecraft:crafting_table":7,"mcdar:buzzy_nest":1,"minecraft:red_bed":13,"minecraft:oak_log":358,"minecraft:diamond_pickaxe":592,"minecraft:iron_pickaxe":193,"simplyswords:gold_cutlass":29,"minecraft:stone_axe":264,"minecraft:pink_bed":1,"minecraft:cobblestone":32,"minecraft:bucket":11,"minecraft:sandstone_slab":44,"minecraft:glass_pane":52},"minecraft:dropped":{"minecraft:moss_block":32,"artifality:balloon":2,"minecraft:porkchop":2,"clutter:clam":1,"minecraft:diamond":3,"minecraft:crossbow":2,"minecraft:leather_helmet":1,"farmersdelight:rice":1,"twigs:pebble":2,"bewitchment:aconite_seeds":6,"minecraft:dirt":69,"mythicmounts:firebird_feather4":2,"minecraft:jungle_sapling":8,"minecraft:sand":6,"minecraft:iron_pickaxe":3,"bewitchment:belladonna_seeds":2,"twigs:twig":32,"minecraft:gold_ingot":2,"minecraft:stone_axe":1,"regions_unexplored:raw_redstone_block":1,"minecraft:wheat":66,"minecraft:rotten_flesh":2,"tridents_n_stuff:prismarine_harpoon":5,"patchouli:guide_book":1,"minecraft:tipped_arrow":52,"minecraft:beetroot_seeds":1,"minecraft:acacia_sapling":1,"minecraft:leather_leggings":1,"minecraft:water_bucket":1,"minecraft:iron_ingot":24,"twigs:bamboo_leaves":13,"minecraft:wheat_seeds":20,"clutter:copper_coin":23,"minecraft:cobblestone":2,"minecraft:spruce_stairs":1,"minecraft:acacia_log":3,"minecraft:stick":4,"minecraft:wooden_axe":1,"minecraft:iron_leggings":1,"bewitchment:garlic":1,"minecraft:jungle_boat":4,"minecraft:string":23,"minecraft:smooth_sandstone":8,"travellersbootsreloaded:travellers_boots_tier1":1,"mcdar:flaming_quiver":1,"minecraft:moss_carpet":4,"minecraft:chiseled_red_sandstone":1,"spellbladenext:frost_orb":1,"minecraft:glass_pane":2,"minecraft:diamond_sword":1,"minecraft:filled_map":1,"minecraft:shield":1,"bewitchment:mandrake_seeds":2,"minecraft:spruce_trapdoor":4,"minecraft:diamond_pickaxe":1,"minecraft:oak_sapling":76,"minecraft:spider_eye":4,"minecraft:stone_bricks":1,"minecraft:sandstone":64,"minecraft:stone_pickaxe":2,"minecraft:wooden_pickaxe":1},"minecraft:broken":{"minecraft:iron_shovel":3,"minecraft:iron_boots":1,"simplyswords:gold_cutlass":1,"minecraft:stone_axe":1,"minecraft:stone_shovel":1,"minecraft:iron_axe":1,"minecraft:iron_pickaxe":1},"minecraft:mined":{"minecraft:cut_sandstone_slab":4,"minecraft:white_bed":1,"minecraft:oak_sapling":10,"minecraft:pink_bed":1,"minecraft:chiseled_red_sandstone":1,"minecraft:spruce_trapdoor":2,"minecraft:acacia_log":6,"minecraft:grass_block":361,"minecraft:hopper":1,"minerally:geode":1,"minecraft:iron_ore":12,"minecraft:water_cauldron":6,"minecraft:iron_bars":2,"minecraft:oak_stairs":67,"minecraft:tripwire":1,"minecraft:sandstone_slab":19,"minecraft:cut_sandstone":42,"minecraft:red_bed":15,"minecraft:torch":20,"minecraft:poppy":1,"galosphere:silver_ore":11,"minecraft:cobblestone":8,"minecraft:oak_planks":39,"minecraft:wall_torch":7,"mythicmetals:aquarium_ore":22,"mythicmetals:manganese_ore":20,"minecraft:grass":29,"minecraft:oak_log":197,"minecraft:loom":2,"minecraft:sand":500,"minecraft:dirt":159,"villagersplus:alchemist_table":1,"minecraft:tripwire_hook":1,"villagersplus:occultist_table":1,"minecraft:stonecutter":2,"minecraft:cut_red_sandstone":1,"minecraft:oak_leaves":18,"soulsweapons:verglas_ore":1,"minecraft:jack_o_lantern":1,"minecraft:glow_lichen":3,"mythicmetals:silver_ore":15,"minecraft:moss_block":39,"regions_unexplored:raw_redstone_block":2,"minecraft:sandstone":390,"minecraft:hay_block":13,"minerally:redstone_pile_0":1,"minecraft:redstone_ore":4,"minecraft:oak_trapdoor":10,"minecraft:furnace":2,"mythicmetals:kyber_ore":1,"minerally:redstone_pile_1":1,"treechop:chopped_log":26,"minecraft:vine":2,"bewitchment:salt_ore":7,"minecraft:lantern":1,"mythicmetals:runite_ore":2,"regions_unexplored:medium_grass":1,"minecraft:bamboo":7,"minecraft:stone":112,"minecraft:oak_slab":3,"minecraft:acacia_leaves":11,"minecraft:scaffolding":10,"minecraft:glass_pane":14,"minecraft:oak_fence":1,"minecraft:smooth_sandstone":13,"minecraft:crafting_table":3,"minerally:redstone_pile":1,"clutter:pearl_clam_block":2,"minecraft:tall_grass":4,"minecraft:copper_ore":8,"minecraft:dried_kelp_block":27,"spell_engine:spell_binding":4,"minecraft:coal_ore":17,"minecraft:gravel":1,"minecraft:cobweb":15,"minecraft:cracked_stone_bricks":1,"minecraft:stone_bricks":5,"minecraft:chipped_anvil":1,"minecraft:fern":5}},"DataVersion":3465}