{"stats":{"minecraft:picked_up":{"clutter:clam":1,"minecraft:dried_kelp_block":27,"minecraft:rotten_flesh":1,"minecraft:hay_block":13,"minecraft:string":1},"minecraft:custom":{"minecraft:time_since_rest":17036,"minecraft:crouch_one_cm":1392,"minecraft:play_time":17036,"lootr:looted_stat":27,"minecraft:sprint_one_cm":21174,"minecraft:walk_one_cm":19809,"minecraft:sneak_time":405,"minecraft:drop":1,"minecraft:jump":91,"minecraft:leave_game":1,"minecraft:walk_on_water_one_cm":669,"minecraft:time_since_death":17036,"minecraft:interact_with_smoker":2,"minecraft:total_world_time":17036,"minecraft:hex":0,"minecraft:interact_with_crafting_table":1,"minecraft:fall_one_cm":894,"minecraft:fly_one_cm":21954},"minecraft:crafted":{"minecraft:wheat":117},"minecraft:dropped":{"clutter:clam":1},"minecraft:used":{"minecraft:water_bucket":2,"minecraft:bucket":2},"minecraft:mined":{"minecraft:hay_block":13,"clutter:pearl_clam_block":2,"minecraft:dried_kelp_block":27}},"DataVersion":3465}