{"stats":{"minecraft:killed":{"hybrid-aquatic:piranha":3,"guardvillagers:guard":1,"minecraft:cave_spider":2,"minecraft:witch":2,"minecraft:spider":13,"minecraft:skeleton":10,"minecraft:chicken":1,"minecraft:pig":1,"minecraft:zombie_villager":2,"livingthings:mantaray":3,"endermanoverhaul:savanna_enderman":1,"bewitchment:raven":2,"minecraft:pillager":9,"archon:mana_leech":2,"minecraft:zombie":23,"minecraft:evoker":1,"minecraft:vex":5,"minecraft:vindicator":5,"minecraft:phantom":4,"minecraft:drowned":36,"mythicmounts:firebird":1,"wildlife:lark":1,"mutantmonsters:mutant_zombie":1},"minecraft:picked_up":{"clutter:clam":2,"archon:magical_bookshelf":2,"minecraft:flower_pot":1,"minecraft:wheat":33,"wizards:staff_arcane":1,"illagerinvasion:platinum_chunk":3,"travellersbootsreloaded:travellers_boots_tier1":1,"minecraft:diamond_sword":2,"minecraft:oak_stairs":69,"soulsweapons:moonstone":5,"minecraft:enchanted_book":4,"minecraft:stone_brick_stairs":1,"mythicmetals:raw_kyber":2,"minecraft:golden_sword":1,"minecraft:string":31,"mythicmetals:raw_aquarium":29,"minecraft:raw_copper":95,"minecraft:cooked_salmon":17,"minecraft:iron_leggings":2,"minecraft:beetroot":7,"mcdar:iron_hide_amulet":1,"minecraft:gold_nugget":11,"minecraft:cobbled_deepslate":64,"bosses_of_mass_destruction:soul_star":1,"twigs:pebble":2,"inmis:plated_backpack":1,"minecraft:written_book":1,"minecraft:calcite":1,"minecraft:iron_pickaxe":4,"minecraft:iron_boots":1,"minecraft:furnace":2,"minecraft:tipped_arrow":26,"minecraft:stick":18,"paladins:diamond_claymore":1,"soaringstructures2:heavenly_cup":1,"clutter:cow_plushie":1,"minecraft:oak_fence":2,"minecraft:torch":36,"minecraft:acacia_log":4,"minecraft:spruce_stairs":1,"artifality:balloon":1,"spellbladenext:flaming_falchion":2,"twigs:bamboo_leaves":13,"minecraft:porkchop":2,"minecraft:golden_axe":1,"spellbladenext:frost_orb":1,"minecraft:dried_kelp":19,"regions_unexplored:raw_redstone_block":1,"mythicmetals:morkite":14,"mutantmonsters:hulk_hammer":1,"minecraft:stone_sword":4,"minecraft:rotten_flesh":17,"mythicmetals:raw_manganese":33,"villagersplus:occultist_table":1,"villagersplus:alchemist_table":1,"minecraft:iron_bars":9,"minecraft:cobblestone":971,"archon:cloudshot_tome":1,"minecraft:nautilus_shell":2,"minecraft:magma_block":3,"minecraft:polished_diorite_slab":1,"minecraft:feather":2,"farmersdelight:rice":2,"minecraft:water_bucket":2,"minecraft:iron_door":1,"minecraft:jungle_log":17,"minecraft:smoker":3,"spellbladenext:monkeystaff":1,"minecraft:potato":25,"paraglider:spirit_orb":4,"minecraft:tuff":3,"mcdw:glaive_cackling_broom":1,"minecraft:lantern":11,"minecraft:map":1,"minecraft:lapis_lazuli":1,"mythicmetals:carmot_staff_smithing_template":1,"minecraft:dirt":1258,"minecraft:cut_sandstone_slab":4,"lootr:trophy":1,"mcdar:boots_of_swiftness":1,"minecraft:bone":24,"minecraft:chipped_anvil":1,"minecraft:bow":1,"minecraft:wheat_seeds":26,"jewelry:copper_ring":1,"minecraft:cobbled_deepslate_slab":1,"ftbquests:book":1,"minecraft:mossy_stone_bricks":1,"minecraft:bamboo":44,"minecraft:moss_block":37,"galosphere:raw_silver":18,"twigs:twig":162,"mythicmetals:raw_silver":25,"minecraft:oak_planks":65,"spellbladenext:fire_orb":1,"patchouli:guide_book":1,"betterarcheology:artifact_shards":1,"minecraft:poisonous_potato":5,"archon:earth_gem":4,"hybrid-aquatic:piranha":7,"minecraft:sand":491,"minecraft:jungle_planks":4,"mythicmetals:raw_quadrillum":3,"minecraft:loom":2,"regions_unexplored:palm_log":14,"minecraft:dark_oak_log":50,"minecraft:mossy_cobblestone":1,"galosphere:silver_nugget":3,"clutter:copper_coin":33,"minecraft:dispenser":1,"minecraft:diamond":19,"minecraft:crossbow":6,"minecraft:bone_meal":9,"minecraft:spruce_sign":2,"soulsweapons:verglas":1,"minecraft:emerald":24,"bewitchment:ectoplasm":1,"mcdar:buzzy_nest":1,"qu-enchantments:rune_1":1,"minecraft:chiseled_red_sandstone":1,"minecraft:jack_o_lantern":1,"minecraft:oak_sapling":141,"minecraft:bricks":2,"minecraft:diamond_pickaxe":2,"tridents_n_stuff:prismarine_harpoon":10,"minecraft:charcoal":9,"minecraft:crafting_table":2,"mutantmonsters:mutant_skeleton_arms":1,"minecraft:sandstone_slab":20,"minecraft:golden_pickaxe":1,"digs_dnd_origins:black_scale":1,"promenade:blunite":39,"minecraft:shield":7,"minecraft:moss_carpet":8,"minecraft:oak_trapdoor":10,"minecraft:red_bed":15,"minecraft:item_frame":24,"minecraft:iron_shovel":1,"dungeonnowloading:spawner_fragment":5,"clutter:raw_silver":10,"minecraft:cracked_stone_bricks":3,"minecraft:spruce_slab":1,"mcdar:golem_kit":1,"minecraft:jungle_sapling":8,"spellbladenext:fire_claymore":1,"minecraft:iron_nugget":13,"minecraft:tinted_glass":2,"minecraft:chest":10,"minecraft:phantom_membrane":2,"minecraft:spruce_trapdoor":6,"spellbladenext:arcane_blade":2,"minecraft:egg":1,"minecraft:dark_oak_sapling":4,"minecraft:raw_iron":267,"minecraft:sandstone":411,"minecraft:polished_deepslate_slab":5,"minecraft:oak_door":3,"minecraft:copper_ingot":28,"wizards:wizard_robe_legs":1,"minecraft:spruce_fence":9,"mcda:evocation_robe_leggings":1,"minecraft:stone_button":1,"mythicmetals:raw_tin":8,"minecraft:carrot":14,"minecraft:redstone":22,"meadow:inky_wool":2,"mythicmetals:aquarium_pickaxe":2,"berserker_rpg:golden_berserker_axe":1,"mcdar:flaming_quiver":2,"mythicmetals:raw_runite":4,"minecraft:arrow":36,"bewitchment:garlic":2,"xtraarrows:vex_wing":9,"artifacts:cowboy_hat":1,"minecraft:beetroot_seeds":3,"mcda:phantom_bones":1,"minecraft:hay_block":32,"spell_engine:spell_binding":4,"mutantmonsters:mutant_skeleton_rib":5,"minecraft:gold_ingot":1,"minecraft:totem_of_undying":1,"witcher_rpg:dark_iron_witcher_sword":2,"minecraft:skeleton_skull":1,"minecraft:bone_block":15,"soaringstructures2:bunch_heavenly_petals":4,"regions_unexplored:peat_dirt":3,"minecraft:jungle_boat":11,"mythicmounts:firebird_feather4":3,"minecraft:basalt":3,"minecraft:salmon":96,"minecraft:cut_sandstone":43,"mcdar:death_cap_mushroom":2,"minecraft:filled_map":6,"graveyard:spruce_coffin":2,"minecraft:oak_log":716,"minecraft:chainmail_chestplate":2,"bewitchment:aconite_seeds":7,"minecraft:smooth_sandstone":13,"minecraft:apple":33,"minecraft:stone_bricks":7,"bewitchment:mandrake_seeds":2,"minecraft:iron_ingot":36,"minecraft:stone_pickaxe":1,"minecraft:cobweb":3,"spellbladenext:arcane_claymore":1,"minecraft:acacia_sapling":1,"minecraft:book":35,"minecraft:oak_slab":4,"minecraft:scaffolding":12,"minecraft:pink_bed":1,"minecraft:emerald_block":2,"archon:sky_gem":2,"minecraft:stone_brick_slab":1,"bewitchment:belladonna_seeds":2,"minecraft:amethyst_shard":14,"bewitchment:salt":20,"minecraft:spruce_sapling":14,"minecraft:blast_furnace":1,"minecraft:spruce_log":54,"minecraft:white_bed":1,"clutter:common_coin_pouch":1,"minecraft:mossy_stone_brick_slab":2,"minecraft:spider_eye":12,"minecraft:leather_helmet":1,"minecraft:cut_red_sandstone":2,"minecraft:dried_kelp_block":27,"regions_unexplored:blackwood_sapling":1,"minecraft:stone_axe":1,"spellbladenext:spelloil":1,"minecraft:coal":112,"minecraft:hopper":1,"minecraft:ender_pearl":1},"minecraft:killed_by":{"minecraft:witch":5,"minecraft:vex":2,"minecraft:player":5,"minecraft:spider":1,"mutantmonsters:mutant_skeleton":2},"minecraft:custom":{"lootr:looted_stat":125,"minecraft:interact_with_crafting_table":92,"minecraft:open_barrel":67,"minecraft:bell_ring":21,"minecraft:leave_game":7,"minecraft:time_since_death":22557,"minecraft:damage_resisted":0,"minecraft:sprint_one_cm":1186303,"minecraft:damage_blocked_by_shield":865,"minecraft:drop":253,"minecraft:talked_to_villager":13,"minecraft:play_time":574429,"minecraft:deaths":18,"minecraft:jump":6663,"minecraft:interact_with_brewingstand":3,"minecraft:walk_on_water_one_cm":49746,"minecraft:interact_with_furnace":28,"minecraft:interact_with_loom":1,"minecraft:sleep_in_bed":3,"minecraft:open_enderchest":1,"minecraft:damage_dealt":27595,"minecraft:crouch_one_cm":130191,"minecraft:interact_with_smoker":7,"minecraft:inspect_dispenser":3,"minecraft:horse_one_cm":110120,"minecraft:interact_with_anvil":1,"minecraft:mob_kills":132,"minecraft:interact_with_campfire":17,"minecraft:damage_dealt_resisted":1361,"minecraft:climb_one_cm":9308,"minecraft:walk_one_cm":1373370,"minecraft:sneak_time":35030,"minecraft:walk_under_water_one_cm":483568,"minecraft:boat_one_cm":4574,"minecraft:interact_with_blast_furnace":27,"minecraft:total_world_time":574429,"minecraft:hex":0,"minecraft:time_since_rest":22584,"minecraft:damage_taken":12083,"minecraft:swim_one_cm":604973,"minecraft:fly_one_cm":1225808,"minecraft:open_chest":80,"minecraft:threat":19,"minecraft:fall_one_cm":185426},"minecraft:crafted":{"minecraft:oak_planks":672,"minecraft:cobblestone_slab":12,"mythicmetals:aquarium_shovel":1,"minecraft:cobblestone_stairs":32,"mythicmetals:aquarium_chestplate":1,"minecraft:glass":43,"minecraft:iron_boots":1,"minecraft:chest":14,"minecraft:oak_fence":6,"mythicmetals:tin_ingot":3,"minecraft:oak_slab":18,"minecraft:emerald":9,"minecraft:spruce_planks":108,"minecraft:crafting_table":5,"minecraft:jungle_boat":5,"minecraft:iron_helmet":2,"minecraft:wooden_pickaxe":1,"mythicmetals:aquarium_pickaxe":2,"minecraft:iron_chestplate":1,"minecraft:diamond_pickaxe":1,"naturescompass:naturescompass":1,"minecraft:stick":154,"minecraft:iron_ingot":304,"minecraft:compass":1,"minecraft:iron_pickaxe":2,"minecraft:sandstone":56,"mythicmetals:manganese_ingot":4,"minecraft:oak_door":3,"minecraft:stone_shovel":2,"inmis:gilded_backpack":1,"minecraft:furnace":2,"inmis:bejeweled_backpack":1,"minecraft:bone_meal":9,"minecraft:oak_trapdoor":18,"minecraft:iron_axe":3,"minecraft:spruce_slab":60,"minecraft:stone_pickaxe":1,"mythicmetals:aquarium_axe":1,"minecraft:wheat":117,"minecraft:cooked_salmon":32,"minecraft:sandstone_slab":24,"mythicmetals:silver_ingot":6,"minecraft:stone_axe":2,"minecraft:bread":38,"minecraft:air":0,"minecraft:jungle_planks":48,"minecraft:oak_stairs":64,"minecraft:wooden_axe":1,"minecraft:iron_shovel":5,"minecraft:iron_leggings":2,"minecraft:torch":8,"mythicmetals:aquarium_ingot":28},"minecraft:dropped":{"artifality:balloon":2,"minecraft:moss_block":33,"minecraft:porkchop":2,"mythicmetals:raw_tin":2,"minecraft:oak_log":2,"clutter:clam":2,"mythicmetals:raw_silver":2,"minecraft:diamond":7,"spellbladenext:arcane_claymore":1,"minecraft:crossbow":4,"mythicmetals:raw_runite":2,"minecraft:lantern":1,"spell_engine:spell_binding":1,"minecraft:cracked_stone_bricks":2,"minecraft:saddle":2,"mcda:evocation_robe_leggings":1,"minecraft:leather_helmet":1,"farmersdelight:rice":1,"minecraft:item_frame":16,"bewitchment:aconite_seeds":7,"twigs:pebble":2,"minecraft:dirt":70,"mythicmounts:firebird_feather4":3,"minecraft:stone_button":1,"minecraft:dispenser":1,"hybrid-aquatic:piranha":3,"minecraft:jungle_sapling":8,"minecraft:bone_meal":9,"minecraft:sand":11,"minecraft:iron_pickaxe":4,"bewitchment:belladonna_seeds":2,"spellbladenext:flaming_falchion":2,"twigs:twig":55,"minecraft:gold_ingot":2,"minecraft:bone":2,"regions_unexplored:raw_redstone_block":1,"mcdar:death_cap_mushroom":2,"minecraft:stone_axe":1,"minecraft:emerald_block":1,"mythicmetals:raw_quadrillum":2,"minecraft:tinted_glass":1,"minecraft:wheat":67,"minecraft:rotten_flesh":8,"tridents_n_stuff:prismarine_harpoon":5,"minecraft:mossy_stone_brick_slab":2,"soaringstructures2:bunch_heavenly_petals":1,"archon:sky_gem":2,"patchouli:guide_book":1,"minecraft:chainmail_chestplate":2,"regions_unexplored:peat_dirt":3,"minecraft:tipped_arrow":52,"minecraft:charcoal":2,"promenade:blunite":19,"minecraft:beetroot_seeds":1,"minecraft:acacia_sapling":1,"minecraft:leather_leggings":1,"spellbladenext:fire_claymore":1,"minecraft:basalt":3,"minecraft:iron_bars":5,"minecraft:written_book":2,"wizards:staff_arcane":1,"minecraft:enchanted_book":1,"minecraft:water_bucket":2,"minecraft:iron_ingot":24,"twigs:bamboo_leaves":13,"minecraft:wheat_seeds":22,"minecraft:mossy_cobblestone":1,"clutter:copper_coin":33,"spellbladenext:fire_orb":1,"minecraft:golden_axe":1,"minecraft:feather":2,"minecraft:cobblestone":12,"minecraft:spruce_stairs":1,"minecraft:acacia_log":3,"minecraft:coal":4,"witcher_rpg:dark_iron_witcher_sword":1,"minecraft:stick":60,"minecraft:cobweb":3,"illagerinvasion:platinum_chunk":1,"spellbladenext:spelloil":1,"mythicmetals:raw_aquarium":1,"minecraft:wooden_axe":1,"minecraft:iron_door":1,"bewitchment:garlic":2,"minecraft:iron_leggings":1,"minecraft:oak_stairs":1,"minecraft:iron_axe":1,"minecraft:jungle_boat":4,"paladins:diamond_claymore":1,"minecraft:iron_shovel":1,"minecraft:string":26,"minecraft:smooth_sandstone":8,"minecraft:stone_brick_slab":1,"mythicmetals:aquarium_pickaxe":2,"travellersbootsreloaded:travellers_boots_tier1":1,"mythicmetals:aquarium_ingot":2,"mcdar:flaming_quiver":1,"minecraft:moss_carpet":8,"minecraft:stone_sword":4,"minecraft:chiseled_red_sandstone":1,"minecraft:raw_iron":5,"minecraft:polished_deepslate_slab":5,"spellbladenext:frost_orb":1,"minecraft:cobbled_deepslate_slab":1,"mythicmetals:raw_kyber":2,"galosphere:silver_nugget":3,"dungeonnowloading:spawner_fragment":5,"minecraft:glass_pane":2,"spellbladenext:monkeystaff":1,"minecraft:diamond_sword":1,"soaringstructures2:heavenly_cup":3,"minecraft:filled_map":2,"minecraft:shield":5,"minecraft:flower_pot":1,"bewitchment:mandrake_seeds":2,"minecraft:spruce_trapdoor":4,"minecraft:diamond_pickaxe":2,"regions_unexplored:blackwood_sapling":1,"minecraft:mossy_stone_bricks":1,"minecraft:oak_sapling":86,"minecraft:golden_sword":2,"minecraft:spider_eye":10,"minecraft:stone_bricks":1,"minecraft:sandstone":64,"minecraft:bow":1,"berserker_rpg:golden_berserker_axe":1,"minecraft:stone_pickaxe":2,"minecraft:wooden_pickaxe":1,"minecraft:magma_block":3,"minecraft:nautilus_shell":2,"xtraarrows:vex_wing":9,"spellbladenext:arcane_blade":2},"minecraft:used":{"minecraft:jack_o_lantern":1,"minecraft:iron_shovel":901,"minecraft:spruce_slab":50,"minecraft:chest":21,"minecraft:shield":16,"lootr:trophy":2,"travellersbootsreloaded:travellers_boots_tier1":1,"minecraft:glass":2,"witcher_rpg:dark_iron_witcher_sword":5,"spellbladenext:frost_orb":1,"minecraft:lantern":9,"minecraft:stone_brick_stairs":1,"minecraft:stone_bricks":4,"minecraft:item_frame":1,"minecraft:hay_block":2,"minecraft:written_book":1,"mutantmonsters:hulk_hammer":1,"minecraft:oak_sapling":72,"minecraft:furnace":2,"mythicmetals:aquarium_pickaxe":909,"minecraft:dark_oak_sapling":4,"minecraft:stone_pickaxe":17,"minecraft:oak_planks":397,"minecraft:wooden_pickaxe":19,"villagersplus:alchemist_table":1,"minecraft:sandstone":67,"paladins:diamond_claymore":4,"minecraft:jungle_boat":12,"minecraft:sand":32,"graveyard:spruce_coffin":2,"minecraft:cut_sandstone_slab":2,"minecraft:loom":2,"minecraft:blast_furnace":1,"minecraft:crossbow":5,"minecraft:bread":24,"minecraft:cut_red_sandstone":2,"minecraft:diamond_sword":97,"promenade:blunite":20,"minecraft:bone_meal":9,"minecraft:oak_fence":7,"clutter:cow_plushie":2,"minecraft:experience_bottle":9,"minecraft:oak_trapdoor":21,"minecraft:stone_shovel":300,"spellbladenext:monkeystaff":4,"minecraft:tinted_glass":1,"minecraft:cooked_salmon":32,"minecraft:oak_door":4,"minecraft:torch":42,"minecraft:dirt":487,"minecraft:spruce_fence":9,"minecraft:wooden_axe":29,"minecraft:chipped_anvil":1,"spellbladenext:flaming_falchion":559,"minecraft:iron_axe":419,"minecraft:oak_stairs":117,"mythicmetals:aquarium_axe":247,"villagersplus:occultist_table":1,"minecraft:iron_boots":1,"soaringstructures2:heavenly_tea":2,"minecraft:water_bucket":49,"minecraft:cobblestone_stairs":27,"minecraft:baked_potato":5,"mythicmetals:aquarium_shovel":377,"minecraft:cut_sandstone":6,"minecraft:cobblestone_slab":9,"minecraft:cracked_stone_bricks":1,"mcdar:buzzy_nest":1,"minecraft:oak_slab":12,"minecraft:crafting_table":7,"minecraft:red_bed":14,"minecraft:smoker":3,"minecraft:oak_log":466,"minecraft:diamond_pickaxe":923,"minecraft:iron_pickaxe":274,"minecraft:spruce_sapling":13,"simplyswords:gold_cutlass":29,"minecraft:stone_axe":266,"minecraft:pink_bed":1,"minecraft:cobblestone":169,"minecraft:bucket":48,"minecraft:sandstone_slab":44,"minecraft:glass_pane":52,"archon:magical_bookshelf":2,"berserker_rpg:golden_berserker_axe":1},"minecraft:broken":{"minecraft:iron_shovel":4,"minecraft:iron_boots":2,"simplyswords:gold_cutlass":1,"minecraft:iron_chestplate":1,"minecraft:iron_leggings":1,"minecraft:stone_axe":2,"minecraft:stone_shovel":2,"mythicmetals:aquarium_pickaxe":1,"minecraft:iron_axe":2,"minecraft:iron_pickaxe":1,"minecraft:iron_helmet":1},"minecraft:mined":{"minecraft:cut_sandstone_slab":4,"minecraft:oak_sapling":10,"minecraft:white_bed":1,"minecraft:pink_bed":1,"minecraft:mossy_stone_brick_slab":1,"minecraft:chiseled_red_sandstone":1,"minecraft:spruce_trapdoor":2,"minecraft:acacia_log":6,"minecraft:grass_block":495,"archon:cloud_iron":4,"minecraft:jungle_log":1,"minecraft:polished_diorite":3,"archon:sky_node":2,"minecraft:hopper":1,"minecraft:spawner":2,"minecraft:chiseled_stone_bricks":2,"minerally:geode":1,"minecraft:magma_block":1,"minecraft:iron_ore":270,"minecraft:moss_carpet":6,"clutter:cow_plushie":1,"minecraft:polished_deepslate_slab":1,"minecraft:water_cauldron":6,"minecraft:iron_bars":12,"minecraft:oak_stairs":69,"minecraft:spruce_slab":2,"minecraft:tripwire":1,"archon:magical_bookshelf":3,"minecraft:sandstone_slab":19,"minecraft:cut_sandstone":43,"minecraft:red_bed":15,"minecraft:smoker":3,"graveyard:spruce_coffin":2,"minecraft:torch":20,"minecraft:blast_furnace":1,"regions_unexplored:peat_grass_block":1,"minecraft:calcite":2,"minecraft:poppy":1,"minecraft:melon":1,"minecraft:chest":9,"galosphere:silver_ore":11,"minecraft:cobblestone":64,"minecraft:oak_planks":63,"minecraft:wall_torch":7,"lootr:trophy":1,"mythicmetals:aquarium_ore":22,"minecraft:tinted_glass":1,"mythicmetals:manganese_ore":20,"minecraft:stone_brick_stairs":2,"minecraft:grass":34,"minecraft:oak_log":216,"regions_unexplored:peat_dirt":2,"minecraft:dirt":720,"minecraft:loom":2,"minecraft:sand":558,"villagersplus:alchemist_table":1,"minecraft:cut_red_sandstone":1,"minecraft:dispenser":5,"villagersplus:occultist_table":1,"minecraft:tripwire_hook":1,"minecraft:stonecutter":2,"minecraft:oak_leaves":28,"minecraft:emerald_block":1,"soulsweapons:verglas_ore":1,"minecraft:mossy_cobblestone":4,"minecraft:dark_oak_leaves":3,"minecraft:jack_o_lantern":1,"minecraft:glow_lichen":3,"minecraft:spruce_fence":9,"mythicmetals:silver_ore":15,"minecraft:soul_campfire":1,"minecraft:spruce_leaves":8,"minecraft:moss_block":40,"regions_unexplored:raw_redstone_block":2,"minecraft:sandstone":392,"minecraft:hay_block":33,"minerally:redstone_pile_0":1,"minecraft:redstone_ore":4,"minecraft:oak_trapdoor":10,"minecraft:spruce_sapling":1,"minecraft:furnace":2,"mythicmetals:kyber_ore":1,"minerally:redstone_pile_1":1,"minecraft:andesite":1,"mythicmetals:tin_ore":5,"treechop:chopped_log":57,"minecraft:bookshelf":11,"minecraft:vine":2,"bewitchment:salt_ore":8,"minecraft:lantern":10,"mythicmetals:runite_ore":2,"regions_unexplored:medium_grass":1,"minecraft:bamboo":7,"minecraft:stone":885,"minecraft:bone_block":15,"minecraft:podzol":2,"minecraft:oak_slab":3,"minecraft:acacia_leaves":11,"minecraft:scaffolding":10,"minecraft:glass_pane":14,"promenade:blunite":38,"minecraft:basalt":3,"minecraft:stone_brick_slab":2,"minecraft:oak_fence":1,"minecraft:smooth_sandstone":13,"minecraft:crafting_table":3,"minerally:redstone_pile":1,"minecraft:emerald_ore":8,"clutter:pearl_clam_block":3,"minecraft:stone_slab":6,"minecraft:copper_ore":10,"minecraft:tall_grass":5,"minecraft:dried_kelp_block":27,"betterarcheology:loot_vase_creeper":3,"spell_engine:spell_binding":4,"minecraft:spruce_log":6,"regions_unexplored:redwood_leaves":2,"hybrid-aquatic:message_in_a_bottle":1,"minecraft:coal_ore":46,"minecraft:flower_pot":1,"minecraft:gravel":1,"minecraft:cobweb":19,"minecraft:cracked_stone_bricks":4,"minecraft:stone_bricks":18,"minecraft:mossy_stone_bricks":5,"minecraft:chipped_anvil":1,"minecraft:fern":6}},"DataVersion":3465}