{"stats":{"minecraft:killed":{"guardvillagers:guard":1,"minecraft:cave_spider":2,"minecraft:skeleton":11,"minecraft:chicken":1,"livingthings:mantaray":3,"endermanoverhaul:savanna_enderman":1,"minecraft:pillager":10,"archon:mana_leech":2,"minecraft:zombie":24,"minecraft:evoker":1,"minecraft:vindicator":5,"illagerinvasion:marauder":1,"mythicmounts:firebird":1,"wildlife:lark":1,"hybrid-aquatic:piranha":3,"minecraft:witch":2,"minecraft:spider":13,"minecraft:pig":1,"minecraft:zombie_villager":2,"bewitchment:raven":2,"minecraft:vex":5,"minecraft:phantom":4,"minecraft:drowned":37,"mutantmonsters:mutant_zombie":1},"minecraft:picked_up":{"wizards:staff_arcane":1,"minecraft:flower_pot":1,"minecraft:diamond_sword":2,"minecraft:oak_stairs":69,"minecraft:enchanted_book":4,"minecraft:golden_sword":1,"minecraft:string":31,"mythicmetals:raw_aquarium":29,"minecraft:cooked_salmon":17,"graveyard:sarcophagus":1,"minecraft:beetroot":7,"minecraft:cobbled_deepslate":64,"minecraft:gold_nugget":11,"bosses_of_mass_destruction:soul_star":1,"minecraft:spruce_planks":2,"inmis:plated_backpack":1,"minecraft:written_book":1,"paladins:diamond_claymore":1,"minecraft:acacia_log":6,"spellbladenext:flaming_falchion":3,"minecraft:golden_axe":1,"regions_unexplored:raw_redstone_block":1,"minecraft:stone_sword":4,"mythicmetals:raw_manganese":33,"villagersplus:occultist_table":1,"villagersplus:alchemist_table":1,"minecraft:iron_bars":9,"minecraft:magma_block":3,"minecraft:polished_diorite_slab":1,"minecraft:feather":2,"farmersdelight:rice":2,"minecraft:iron_door":1,"minecraft:jungle_log":17,"minecraft:water_bucket":2,"minecraft:smoker":4,"mcdw:glaive_cackling_broom":1,"minecraft:map":1,"lootr:trophy":1,"mythicmetals:carmot_staff_smithing_template":1,"minecraft:lantern":13,"minecraft:chipped_anvil":1,"minecraft:stonecutter":1,"jewelry:copper_ring":1,"ftbquests:book":1,"graveyard:white_urn":1,"galosphere:raw_silver":18,"minecraft:moss_block":45,"mythicmetals:raw_silver":25,"patchouli:guide_book":1,"archon:earth_gem":4,"hybrid-aquatic:piranha":7,"regions_unexplored:palm_log":14,"minecraft:loom":2,"minecraft:dark_oak_log":50,"minecraft:dispenser":1,"qu-enchantments:rune_1":1,"bewitchment:ectoplasm":1,"minecraft:jack_o_lantern":1,"minecraft:bricks":2,"minecraft:diamond_pickaxe":2,"minecraft:crafting_table":3,"minecraft:sandstone_slab":20,"mutantmonsters:mutant_skeleton_arms":1,"minecraft:golden_pickaxe":1,"minecraft:red_bed":15,"minecraft:iron_shovel":1,"dungeonnowloading:spawner_fragment":5,"clutter:raw_silver":10,"minecraft:cracked_stone_bricks":3,"spellbladenext:fire_claymore":1,"minecraft:jungle_sapling":8,"minecraft:iron_nugget":13,"minecraft:spruce_slab":21,"minecraft:chest":17,"spellbladenext:arcane_blade":2,"minecraft:egg":1,"minecraft:sandstone":411,"minecraft:polished_deepslate_slab":5,"minecraft:stone":2,"minecraft:oak_door":3,"wizards:wizard_robe_legs":1,"minecraft:spruce_fence":9,"mcda:evocation_robe_leggings":1,"mythicmetals:raw_tin":8,"minecraft:carrot":14,"minecraft:redstone":22,"mcdar:flaming_quiver":2,"minecraft:beetroot_seeds":3,"mcda:phantom_bones":1,"minecraft:hay_block":32,"spell_engine:spell_binding":4,"minecraft:gold_ingot":1,"minecraft:totem_of_undying":1,"minecraft:bone_block":15,"soaringstructures2:bunch_heavenly_petals":4,"mythicmounts:firebird_feather4":3,"minecraft:filled_map":6,"graveyard:spruce_coffin":2,"minecraft:oak_log":726,"bewitchment:aconite_seeds":7,"minecraft:apple":33,"minecraft:stone_bricks":9,"minecraft:stone_pickaxe":1,"minecraft:cobweb":3,"spellbladenext:arcane_claymore":1,"archon:sky_gem":2,"minecraft:spruce_sapling":38,"minecraft:spruce_log":155,"minecraft:leather_helmet":1,"minecraft:stone_axe":1,"spellbladenext:spelloil":1,"minecraft:hopper":7,"minecraft:ender_pearl":1,"clutter:clam":2,"archon:magical_bookshelf":4,"minecraft:wheat":33,"illagerinvasion:platinum_chunk":3,"travellersbootsreloaded:travellers_boots_tier1":1,"soulsweapons:moonstone":5,"minecraft:stone_brick_stairs":1,"mythicmetals:raw_kyber":2,"minecraft:raw_copper":95,"minecraft:iron_leggings":2,"mcdar:iron_hide_amulet":1,"twigs:pebble":2,"minecraft:cobblestone_slab":8,"minecraft:calcite":1,"minecraft:iron_pickaxe":5,"minecraft:iron_boots":1,"minecraft:furnace":8,"minecraft:tipped_arrow":26,"minecraft:stick":18,"clutter:cow_plushie":1,"soaringstructures2:heavenly_cup":1,"minecraft:oak_fence":2,"minecraft:torch":55,"minecraft:spruce_stairs":4,"twigs:bamboo_leaves":13,"minecraft:porkchop":2,"minecraft:dried_kelp":19,"spellbladenext:frost_orb":1,"artifality:balloon":1,"mythicmetals:morkite":14,"mutantmonsters:hulk_hammer":1,"minecraft:rotten_flesh":18,"graveyard:gray_urn":2,"archon:cloudshot_tome":1,"minecraft:cobblestone":1232,"minecraft:nautilus_shell":2,"spellbladenext:monkeystaff":1,"minecraft:potato":25,"paraglider:spirit_orb":4,"minecraft:tuff":3,"minecraft:lapis_lazuli":1,"minecraft:dirt":1452,"minecraft:cut_sandstone_slab":6,"mcdar:boots_of_swiftness":1,"minecraft:bone":24,"minecraft:bow":1,"minecraft:wheat_seeds":28,"minecraft:cobbled_deepslate_slab":1,"minecraft:mossy_stone_bricks":1,"minecraft:bamboo":44,"twigs:twig":169,"minecraft:oak_planks":66,"spellbladenext:fire_orb":1,"betterarcheology:artifact_shards":1,"minecraft:poisonous_potato":5,"minecraft:jungle_planks":4,"minecraft:sand":491,"mythicmetals:raw_quadrillum":3,"minecraft:mossy_cobblestone":1,"galosphere:silver_nugget":3,"clutter:copper_coin":33,"minecraft:diamond":19,"minecraft:crossbow":6,"minecraft:bone_meal":9,"soulsweapons:verglas":1,"minecraft:spruce_sign":2,"minecraft:emerald":24,"mcdar:buzzy_nest":1,"minecraft:chiseled_red_sandstone":1,"minecraft:oak_sapling":146,"tridents_n_stuff:prismarine_harpoon":10,"minecraft:charcoal":9,"digs_dnd_origins:black_scale":1,"promenade:blunite":39,"minecraft:shield":7,"minecraft:oak_trapdoor":11,"minecraft:moss_carpet":9,"minecraft:item_frame":26,"mcdar:golem_kit":1,"minecraft:tinted_glass":2,"minecraft:spruce_trapdoor":6,"minecraft:phantom_membrane":2,"minecraft:dark_oak_sapling":4,"minecraft:raw_iron":268,"minecraft:copper_ingot":28,"minecraft:stone_button":1,"minecraft:trident":2,"meadow:inky_wool":2,"berserker_rpg:golden_berserker_axe":1,"mythicmetals:aquarium_pickaxe":2,"mythicmetals:raw_runite":4,"bewitchment:garlic":2,"minecraft:arrow":38,"clutter:bonfire":1,"xtraarrows:vex_wing":9,"artifacts:cowboy_hat":1,"mutantmonsters:mutant_skeleton_rib":5,"witcher_rpg:dark_iron_witcher_sword":2,"minecraft:skeleton_skull":1,"regions_unexplored:peat_dirt":3,"minecraft:jungle_boat":11,"minecraft:basalt":3,"minecraft:salmon":96,"minecraft:cut_sandstone":43,"mcdar:death_cap_mushroom":2,"minecraft:chainmail_chestplate":2,"minecraft:smooth_sandstone":13,"bewitchment:mandrake_seeds":3,"minecraft:iron_ingot":38,"minecraft:acacia_sapling":1,"minecraft:pink_bed":1,"minecraft:book":80,"minecraft:scaffolding":23,"minecraft:oak_slab":4,"minecraft:emerald_block":2,"minecraft:stone_brick_slab":1,"bewitchment:belladonna_seeds":2,"minecraft:amethyst_shard":14,"bewitchment:salt":21,"minecraft:blast_furnace":3,"minecraft:white_bed":1,"clutter:common_coin_pouch":1,"minecraft:mossy_stone_brick_slab":4,"minecraft:spider_eye":12,"minecraft:cut_red_sandstone":2,"minecraft:dried_kelp_block":27,"regions_unexplored:blackwood_sapling":1,"minecraft:coal":127},"minecraft:killed_by":{"minecraft:vex":2,"mutantmonsters:mutant_skeleton":2,"minecraft:witch":5,"minecraft:player":7,"minecraft:spider":1},"minecraft:custom":{"minecraft:interact_with_crafting_table":128,"minecraft:open_barrel":67,"minecraft:bell_ring":21,"minecraft:eat_cake_slice":3,"minecraft:leave_game":7,"minecraft:time_since_death":10931,"minecraft:damage_blocked_by_shield":865,"minecraft:play_time":712429,"minecraft:deaths":26,"minecraft:jump":7764,"minecraft:enchant_item":1,"minecraft:interact_with_furnace":63,"minecraft:sleep_in_bed":3,"minecraft:damage_dealt":29661,"minecraft:interact_with_smoker":13,"minecraft:inspect_dispenser":3,"minecraft:horse_one_cm":110120,"minecraft:interact_with_anvil":3,"minecraft:inspect_hopper":1,"minecraft:sneak_time":47601,"minecraft:interact_with_blast_furnace":28,"minecraft:total_world_time":712429,"minecraft:interact_with_stonecutter":2,"minecraft:time_since_rest":10955,"minecraft:swim_one_cm":709470,"minecraft:fly_one_cm":1408534,"minecraft:open_chest":289,"minecraft:fall_one_cm":221879,"lootr:looted_stat":125,"minecraft:damage_resisted":0,"minecraft:sprint_one_cm":1515043,"minecraft:drop":283,"minecraft:talked_to_villager":13,"minecraft:interact_with_brewingstand":3,"minecraft:walk_on_water_one_cm":55836,"minecraft:interact_with_loom":1,"minecraft:open_enderchest":1,"minecraft:crouch_one_cm":186091,"minecraft:mob_kills":137,"minecraft:interact_with_campfire":17,"minecraft:damage_dealt_resisted":1361,"minecraft:climb_one_cm":14152,"minecraft:walk_one_cm":1704255,"minecraft:walk_under_water_one_cm":510848,"minecraft:boat_one_cm":21973,"minecraft:hex":0,"minecraft:damage_taken":14207,"minecraft:threat":20},"minecraft:crafted":{"mythicmetals:aquarium_shovel":1,"minecraft:bookshelf":28,"minecraft:glass":43,"regions_unexplored:palm_planks":56,"minecraft:emerald":9,"minecraft:jungle_boat":5,"naturescompass:naturescompass":1,"minecraft:compass":1,"minecraft:iron_pickaxe":2,"minecraft:sandstone":56,"mythicmetals:manganese_ingot":4,"minecraft:stone_shovel":2,"minecraft:iron_nugget":171,"minecraft:bone_meal":9,"minecraft:lantern":21,"minecraft:spruce_stairs":12,"minecraft:spruce_slab":90,"minecraft:stone_pickaxe":1,"mythicmetals:aquarium_axe":1,"minecraft:dark_oak_planks":152,"minecraft:wheat":270,"minecraft:enchanting_table":1,"minecraft:sandstone_slab":24,"minecraft:wooden_axe":1,"minecraft:oak_stairs":64,"minecraft:iron_shovel":5,"minecraft:iron_leggings":2,"minecraft:oak_planks":928,"minecraft:cobblestone_slab":312,"minecraft:cobblestone_stairs":32,"minecraft:stone":438,"mythicmetals:aquarium_chestplate":1,"minecraft:hopper":4,"minecraft:iron_boots":1,"minecraft:chest":49,"minecraft:oak_fence":6,"mythicmetals:tin_ingot":3,"minecraft:oak_slab":18,"minecraft:crafting_table":10,"minecraft:spruce_planks":364,"minecraft:wooden_pickaxe":1,"minecraft:iron_helmet":2,"mythicmetals:aquarium_pickaxe":2,"minecraft:iron_chestplate":1,"minecraft:diamond_pickaxe":1,"minecraft:stick":174,"minecraft:iron_ingot":304,"minecraft:oak_door":3,"inmis:gilded_backpack":1,"minecraft:furnace":9,"minecraft:dark_oak_trapdoor":48,"inmis:bejeweled_backpack":1,"minecraft:oak_trapdoor":26,"minecraft:iron_axe":3,"regions_unexplored:palm_trapdoor":18,"minecraft:cooked_salmon":32,"mythicmetals:silver_ingot":6,"minecraft:stone_axe":2,"minecraft:bread":89,"minecraft:air":0,"minecraft:jungle_planks":48,"minecraft:stonecutter":1,"minecraft:acacia_planks":12,"minecraft:torch":96,"mythicmetals:aquarium_ingot":28},"minecraft:dropped":{"artifality:balloon":2,"minecraft:porkchop":2,"clutter:clam":2,"minecraft:diamond":7,"mythicmetals:raw_silver":2,"spellbladenext:arcane_claymore":1,"minecraft:crossbow":4,"mythicmetals:raw_runite":2,"minecraft:cracked_stone_bricks":2,"minecraft:saddle":2,"minecraft:cut_sandstone_slab":4,"minecraft:leather_helmet":1,"minecraft:item_frame":16,"bewitchment:aconite_seeds":7,"twigs:pebble":2,"minecraft:dirt":79,"mythicmounts:firebird_feather4":3,"minecraft:stone_button":1,"minecraft:jungle_sapling":8,"minecraft:bone_meal":9,"minecraft:sand":11,"minecraft:iron_pickaxe":4,"minecraft:dark_oak_planks":8,"bewitchment:belladonna_seeds":2,"minecraft:bone":2,"mcdar:death_cap_mushroom":2,"minecraft:stone_axe":1,"minecraft:emerald_block":1,"minecraft:iron_nugget":3,"bewitchment:salt":1,"minecraft:tinted_glass":1,"minecraft:wheat":67,"minecraft:rotten_flesh":8,"minecraft:tipped_arrow":52,"minecraft:charcoal":2,"minecraft:acacia_sapling":1,"minecraft:leather_leggings":1,"minecraft:spruce_slab":8,"minecraft:iron_ingot":24,"minecraft:enchanted_book":1,"minecraft:wheat_seeds":23,"clutter:copper_coin":33,"spellbladenext:fire_orb":1,"minecraft:feather":2,"minecraft:cobblestone":13,"minecraft:coal":4,"minecraft:cobweb":3,"minecraft:wooden_axe":1,"minecraft:oak_stairs":1,"minecraft:jungle_boat":4,"paladins:diamond_claymore":1,"minecraft:iron_shovel":1,"minecraft:smooth_sandstone":8,"minecraft:string":26,"minecraft:acacia_planks":4,"minecraft:spruce_sapling":4,"minecraft:stone_brick_slab":2,"mythicmetals:aquarium_pickaxe":2,"travellersbootsreloaded:travellers_boots_tier1":1,"minecraft:moss_carpet":8,"minecraft:stone_sword":4,"minecraft:chiseled_red_sandstone":1,"minecraft:polished_deepslate_slab":5,"minecraft:cobbled_deepslate_slab":1,"mythicmetals:raw_kyber":2,"galosphere:silver_nugget":3,"minecraft:diamond_sword":1,"minecraft:stone":4,"minecraft:flower_pot":1,"bewitchment:mandrake_seeds":3,"minecraft:spruce_trapdoor":4,"minecraft:spruce_planks":1,"minecraft:diamond_pickaxe":2,"minecraft:stone_bricks":1,"minecraft:spider_eye":10,"minecraft:sandstone":64,"minecraft:bow":1,"berserker_rpg:golden_berserker_axe":1,"minecraft:magma_block":3,"spellbladenext:arcane_blade":2,"minecraft:moss_block":41,"mythicmetals:raw_tin":2,"minecraft:oak_log":2,"minecraft:lantern":1,"spell_engine:spell_binding":1,"mcda:evocation_robe_leggings":1,"farmersdelight:rice":1,"minecraft:dispenser":1,"hybrid-aquatic:piranha":3,"spellbladenext:flaming_falchion":3,"twigs:twig":62,"minecraft:gold_ingot":2,"regions_unexplored:raw_redstone_block":1,"mythicmetals:raw_quadrillum":2,"tridents_n_stuff:prismarine_harpoon":5,"minecraft:mossy_stone_brick_slab":6,"soaringstructures2:bunch_heavenly_petals":1,"archon:sky_gem":2,"patchouli:guide_book":1,"minecraft:chainmail_chestplate":2,"regions_unexplored:peat_dirt":3,"minecraft:trident":1,"promenade:blunite":19,"minecraft:beetroot_seeds":1,"spellbladenext:fire_claymore":1,"minecraft:basalt":3,"minecraft:iron_bars":5,"minecraft:written_book":2,"wizards:staff_arcane":1,"minecraft:water_bucket":2,"twigs:bamboo_leaves":13,"minecraft:mossy_cobblestone":1,"minecraft:golden_axe":1,"minecraft:spruce_stairs":1,"minecraft:acacia_log":3,"witcher_rpg:dark_iron_witcher_sword":1,"minecraft:stick":60,"illagerinvasion:platinum_chunk":1,"spellbladenext:spelloil":1,"mythicmetals:raw_aquarium":1,"minecraft:iron_door":1,"minecraft:iron_leggings":1,"bewitchment:garlic":2,"minecraft:iron_axe":1,"mythicmetals:aquarium_ingot":2,"mcdar:flaming_quiver":1,"minecraft:raw_iron":6,"spellbladenext:frost_orb":1,"minecraft:glass_pane":2,"dungeonnowloading:spawner_fragment":5,"spellbladenext:monkeystaff":1,"minecraft:filled_map":2,"soaringstructures2:heavenly_cup":3,"minecraft:shield":5,"regions_unexplored:blackwood_sapling":1,"minecraft:mossy_stone_bricks":1,"minecraft:oak_sapling":91,"minecraft:golden_sword":2,"minecraft:stone_pickaxe":2,"minecraft:wooden_pickaxe":1,"minecraft:nautilus_shell":2,"xtraarrows:vex_wing":9},"minecraft:used":{"minecraft:jack_o_lantern":1,"minecraft:spruce_slab":103,"minecraft:chest":59,"minecraft:stone":295,"lootr:trophy":2,"graveyard:white_urn":1,"travellersbootsreloaded:travellers_boots_tier1":1,"minecraft:lava_bucket":3,"minecraft:stone_brick_stairs":1,"mutantmonsters:hulk_hammer":1,"minecraft:furnace":15,"minecraft:oak_sapling":72,"minecraft:wooden_pickaxe":19,"villagersplus:alchemist_table":1,"minecraft:jungle_boat":12,"minecraft:dark_oak_trapdoor":46,"minecraft:sand":32,"minecraft:cut_sandstone_slab":2,"minecraft:blast_furnace":3,"minecraft:cut_red_sandstone":2,"minecraft:diamond_sword":97,"clutter:cow_plushie":2,"minecraft:oak_trapdoor":30,"minecraft:enchanting_table":1,"spellbladenext:monkeystaff":4,"minecraft:tinted_glass":1,"minecraft:cooked_salmon":37,"minecraft:torch":68,"minecraft:chipped_anvil":1,"spellbladenext:flaming_falchion":594,"minecraft:iron_axe":419,"villagersplus:occultist_table":1,"soaringstructures2:heavenly_tea":2,"minecraft:water_bucket":72,"mythicmetals:aquarium_shovel":554,"minecraft:cracked_stone_bricks":1,"minecraft:oak_slab":12,"minecraft:crafting_table":13,"minecraft:red_bed":14,"minecraft:oak_log":473,"minecraft:diamond_pickaxe":991,"minecraft:iron_pickaxe":389,"minecraft:spruce_sapling":33,"simplyswords:gold_cutlass":29,"minecraft:pink_bed":1,"minecraft:cobblestone":1359,"minecraft:sandstone_slab":44,"minecraft:glass_pane":52,"berserker_rpg:golden_berserker_axe":1,"minecraft:iron_shovel":901,"minecraft:shield":16,"minecraft:glass":2,"witcher_rpg:dark_iron_witcher_sword":5,"graveyard:gray_urn":2,"spellbladenext:frost_orb":1,"minecraft:lantern":33,"minecraft:stone_bricks":57,"minecraft:item_frame":21,"minecraft:hay_block":2,"minecraft:written_book":1,"minecraft:scaffolding":14,"mythicmetals:aquarium_pickaxe":1051,"minecraft:dark_oak_sapling":4,"clutter:bonfire":1,"minecraft:stone_pickaxe":17,"minecraft:oak_planks":398,"paladins:diamond_claymore":4,"minecraft:sandstone":67,"graveyard:spruce_coffin":2,"minecraft:loom":2,"minecraft:crossbow":5,"minecraft:bread":24,"promenade:blunite":20,"minecraft:bone_meal":9,"minecraft:experience_bottle":25,"minecraft:oak_fence":7,"minecraft:trident":2,"graveyard:sarcophagus":1,"minecraft:stone_shovel":300,"minecraft:spruce_planks":12,"minecraft:oak_door":4,"minecraft:dirt":887,"minecraft:hopper":11,"minecraft:spruce_stairs":12,"regions_unexplored:palm_trapdoor":18,"minecraft:spruce_fence":9,"minecraft:wooden_axe":29,"minecraft:bookshelf":37,"minecraft:oak_stairs":117,"mythicmetals:aquarium_axe":367,"minecraft:iron_boots":1,"minecraft:cobblestone_stairs":27,"minecraft:baked_potato":5,"minecraft:cut_sandstone":6,"minecraft:stonecutter":1,"minecraft:cobblestone_slab":317,"mcdar:buzzy_nest":1,"minecraft:smoker":4,"minecraft:stone_axe":266,"minecraft:bucket":74,"archon:magical_bookshelf":4},"minecraft:broken":{"minecraft:iron_boots":2,"minecraft:iron_chestplate":1,"minecraft:iron_leggings":1,"mythicmetals:aquarium_axe":1,"mythicmetals:aquarium_pickaxe":2,"minecraft:iron_axe":2,"minecraft:iron_pickaxe":1,"minecraft:iron_helmet":1,"minecraft:iron_shovel":4,"simplyswords:gold_cutlass":1,"minecraft:stone_axe":2,"minecraft:stone_shovel":2},"minecraft:mined":{"minecraft:cut_sandstone_slab":4,"minecraft:white_bed":1,"minecraft:pink_bed":1,"graveyard:gray_urn":2,"minecraft:chiseled_red_sandstone":1,"minecraft:acacia_log":8,"minecraft:jungle_log":1,"minecraft:hopper":7,"minecraft:chiseled_stone_bricks":2,"minecraft:spawner":2,"minerally:geode":1,"minecraft:magma_block":1,"minecraft:fire":22,"minecraft:moss_carpet":6,"clutter:cow_plushie":1,"minecraft:polished_deepslate_slab":1,"minecraft:water_cauldron":6,"minecraft:oak_stairs":69,"minecraft:tripwire":1,"minecraft:sandstone_slab":19,"minecraft:cut_sandstone":43,"minecraft:red_bed":15,"minecraft:smoker":4,"minecraft:torch":31,"minecraft:blast_furnace":3,"regions_unexplored:peat_grass_block":1,"minecraft:melon":1,"galosphere:silver_ore":11,"minecraft:tinted_glass":1,"minecraft:stone_brick_stairs":2,"minecraft:grass":69,"minecraft:loom":2,"minecraft:stonecutter":3,"minecraft:cut_red_sandstone":1,"minecraft:mossy_cobblestone":4,"minecraft:jack_o_lantern":1,"mythicmetals:silver_ore":15,"minecraft:spruce_fence":9,"minecraft:moss_block":50,"minecraft:redstone_ore":4,"minerally:redstone_pile_0":1,"mythicmetals:kyber_ore":1,"clutter:bonfire":1,"minecraft:andesite":1,"graveyard:sarcophagus":1,"minecraft:cobblestone_slab":4,"minecraft:vine":2,"minecraft:bamboo":7,"minecraft:bone_block":15,"minecraft:cake":1,"minecraft:oak_slab":3,"minecraft:glass_pane":14,"minecraft:stone_brick_slab":2,"minecraft:smooth_sandstone":13,"minerally:redstone_pile":1,"minecraft:emerald_ore":8,"clutter:pearl_clam_block":3,"minecraft:tall_grass":21,"minecraft:copper_ore":10,"minecraft:dried_kelp_block":27,"betterarcheology:loot_vase_creeper":3,"minecraft:spruce_log":11,"hybrid-aquatic:message_in_a_bottle":1,"minecraft:gravel":1,"minecraft:cobweb":19,"minecraft:stone_bricks":20,"minecraft:chipped_anvil":1,"minecraft:fern":10,"minecraft:spruce_planks":2,"minecraft:oak_sapling":10,"minecraft:mossy_stone_brick_slab":1,"minecraft:spruce_trapdoor":2,"minecraft:grass_block":647,"archon:cloud_iron":4,"minecraft:polished_diorite":3,"archon:sky_node":2,"minecraft:iron_ore":271,"minecraft:iron_bars":12,"minecraft:spruce_slab":15,"archon:magical_bookshelf":5,"graveyard:white_urn":1,"graveyard:spruce_coffin":2,"minecraft:calcite":2,"minecraft:poppy":1,"minecraft:chest":16,"minecraft:cobblestone":200,"minecraft:oak_planks":64,"minecraft:wall_torch":15,"lootr:trophy":1,"mythicmetals:aquarium_ore":22,"mythicmetals:manganese_ore":20,"minecraft:oak_log":226,"regions_unexplored:peat_dirt":2,"minecraft:sand":562,"minecraft:dirt":775,"villagersplus:alchemist_table":1,"minecraft:tripwire_hook":1,"villagersplus:occultist_table":1,"minecraft:dispenser":5,"minecraft:oak_leaves":41,"minecraft:emerald_block":1,"soulsweapons:verglas_ore":1,"minecraft:dark_oak_leaves":3,"minecraft:glow_lichen":3,"minecraft:soul_campfire":1,"minecraft:spruce_leaves":8,"regions_unexplored:raw_redstone_block":2,"minecraft:sandstone":392,"minecraft:hay_block":33,"minecraft:oak_trapdoor":11,"minecraft:spruce_sapling":1,"minecraft:furnace":10,"minerally:redstone_pile_1":1,"mythicmetals:tin_ore":5,"treechop:chopped_log":59,"minecraft:bookshelf":26,"bewitchment:salt_ore":9,"minecraft:lantern":12,"mythicmetals:runite_ore":2,"regions_unexplored:medium_grass":1,"minecraft:stone":990,"minecraft:podzol":2,"minecraft:acacia_leaves":17,"minecraft:scaffolding":20,"promenade:blunite":38,"minecraft:basalt":3,"minecraft:oak_fence":1,"minecraft:crafting_table":4,"minecraft:stone_slab":6,"minecraft:spruce_stairs":3,"spell_engine:spell_binding":4,"regions_unexplored:redwood_leaves":2,"minecraft:coal_ore":46,"minecraft:flower_pot":1,"minecraft:cracked_stone_bricks":4,"minecraft:mossy_stone_bricks":5}},"DataVersion":3465}