{"stats":{"minecraft:killed":{"minecraft:cave_spider":2,"minecraft:vindicator":3,"minecraft:spider":8,"minecraft:phantom":4,"minecraft:skeleton":3,"minecraft:pig":1,"minecraft:zombie_villager":1,"wildlife:lark":1,"endermanoverhaul:savanna_enderman":1,"minecraft:zombie":8},"minecraft:picked_up":{"clutter:clam":1,"tridents_n_stuff:prismarine_harpoon":5,"minecraft:crafting_table":2,"minecraft:diamond_sword":2,"minecraft:oak_stairs":67,"mythicmetals:raw_kyber":2,"minecraft:shield":1,"minecraft:red_bed":9,"mythicmetals:raw_aquarium":28,"minecraft:string":23,"minecraft:oak_trapdoor":10,"minecraft:moss_carpet":4,"minecraft:raw_copper":30,"minecraft:cooked_salmon":17,"minecraft:cracked_stone_bricks":1,"twigs:pebble":2,"inmis:plated_backpack":1,"minecraft:jungle_sapling":8,"minecraft:calcite":1,"minecraft:iron_pickaxe":4,"minecraft:furnace":1,"minecraft:spruce_trapdoor":6,"minecraft:sandstone":379,"minecraft:tipped_arrow":26,"minecraft:phantom_membrane":2,"minecraft:raw_iron":10,"minecraft:stick":16,"minecraft:oak_fence":2,"minecraft:acacia_log":4,"minecraft:torch":35,"minecraft:spruce_stairs":1,"twigs:bamboo_leaves":13,"minecraft:porkchop":2,"artifality:balloon":1,"spellbladenext:frost_orb":1,"regions_unexplored:raw_redstone_block":1,"minecraft:redstone":22,"mcdar:flaming_quiver":1,"mythicmetals:raw_runite":4,"bewitchment:garlic":1,"mythicmetals:raw_manganese":27,"minecraft:arrow":5,"minecraft:rotten_flesh":8,"minecraft:beetroot_seeds":3,"villagersplus:occultist_table":1,"mcda:phantom_bones":1,"minecraft:hay_block":13,"spell_engine:spell_binding":4,"villagersplus:alchemist_table":1,"minecraft:cobblestone":112,"minecraft:jungle_boat":2,"mythicmounts:firebird_feather4":1,"minecraft:polished_diorite_slab":1,"farmersdelight:rice":1,"minecraft:jungle_log":12,"minecraft:cut_sandstone":42,"minecraft:oak_log":512,"minecraft:cut_sandstone_slab":3,"bewitchment:aconite_seeds":6,"minecraft:lapis_lazuli":1,"minecraft:dirt":572,"minecraft:lantern":1,"minecraft:smooth_sandstone":13,"minecraft:chipped_anvil":1,"minecraft:bone":2,"minecraft:stone_bricks":5,"minecraft:wheat_seeds":21,"bewitchment:mandrake_seeds":2,"minecraft:stone_pickaxe":1,"minecraft:bamboo":44,"galosphere:raw_silver":10,"mythicmetals:raw_silver":25,"minecraft:moss_block":34,"twigs:twig":53,"minecraft:acacia_sapling":1,"minecraft:oak_planks":41,"minecraft:scaffolding":12,"minecraft:pink_bed":1,"minecraft:book":5,"minecraft:oak_slab":4,"patchouli:guide_book":1,"archon:earth_gem":4,"bewitchment:belladonna_seeds":2,"minecraft:sand":414,"bewitchment:salt":10,"mythicmetals:raw_quadrillum":3,"regions_unexplored:palm_log":14,"minecraft:white_bed":1,"minecraft:loom":1,"minecraft:cut_red_sandstone":2,"minecraft:spider_eye":6,"clutter:copper_coin":23,"minecraft:dried_kelp_block":27,"minecraft:diamond":3,"minecraft:stone_axe":1,"minecraft:crossbow":1,"minecraft:spruce_sign":2,"soulsweapons:verglas":1,"minecraft:chiseled_red_sandstone":1,"minecraft:jack_o_lantern":1,"minecraft:oak_sapling":94,"minecraft:hopper":1,"minecraft:charcoal":5,"minecraft:bricks":2,"minecraft:diamond_pickaxe":1,"minecraft:coal":15,"minecraft:ender_pearl":1},"minecraft:killed_by":{"minecraft:spider":1,"mutantmonsters:mutant_skeleton":2},"minecraft:custom":{"lootr:looted_stat":63,"minecraft:mob_kills":33,"minecraft:interact_with_crafting_table":52,"minecraft:open_barrel":51,"minecraft:interact_with_campfire":17,"minecraft:bell_ring":21,"minecraft:damage_dealt_resisted":0,"minecraft:leave_game":6,"minecraft:time_since_death":226315,"minecraft:climb_one_cm":576,"minecraft:damage_resisted":0,"minecraft:sprint_one_cm":586549,"minecraft:walk_one_cm":767703,"minecraft:damage_blocked_by_shield":340,"minecraft:drop":103,"minecraft:talked_to_villager":6,"minecraft:play_time":274266,"minecraft:deaths":3,"minecraft:sneak_time":18493,"minecraft:walk_under_water_one_cm":147490,"minecraft:boat_one_cm":691,"minecraft:jump":3352,"minecraft:interact_with_brewingstand":1,"minecraft:interact_with_blast_furnace":1,"minecraft:walk_on_water_one_cm":25240,"minecraft:total_world_time":274266,"minecraft:interact_with_furnace":13,"minecraft:sleep_in_bed":1,"minecraft:hex":0,"minecraft:time_since_rest":84076,"minecraft:damage_taken":2378,"minecraft:damage_dealt":7069,"minecraft:swim_one_cm":485402,"minecraft:fly_one_cm":663061,"minecraft:open_chest":41,"minecraft:crouch_one_cm":67502,"minecraft:interact_with_smoker":3,"minecraft:fall_one_cm":87713,"minecraft:inspect_dispenser":3},"minecraft:crafted":{"minecraft:oak_door":3,"minecraft:oak_planks":472,"minecraft:stone_shovel":2,"minecraft:furnace":1,"minecraft:oak_trapdoor":18,"minecraft:glass":43,"minecraft:iron_boots":1,"minecraft:iron_axe":2,"minecraft:stone_pickaxe":1,"minecraft:chest":6,"minecraft:oak_fence":6,"minecraft:wheat":117,"minecraft:oak_slab":12,"minecraft:crafting_table":4,"minecraft:jungle_boat":5,"minecraft:wooden_pickaxe":1,"minecraft:iron_helmet":1,"minecraft:stone_axe":2,"minecraft:bread":28,"minecraft:air":0,"minecraft:jungle_planks":48,"minecraft:iron_chestplate":1,"minecraft:diamond_pickaxe":1,"minecraft:stick":28,"minecraft:sandstone":56,"minecraft:iron_ingot":52,"minecraft:iron_pickaxe":1,"minecraft:oak_stairs":60,"minecraft:wooden_axe":1,"minecraft:iron_shovel":3,"minecraft:iron_leggings":1,"minecraft:torch":8},"minecraft:used":{"minecraft:oak_fence":7,"minecraft:oak_trapdoor":21,"minecraft:jack_o_lantern":1,"minecraft:iron_shovel":682,"minecraft:stone_shovel":240,"minecraft:chest":4,"minecraft:shield":7,"minecraft:cooked_salmon":14,"minecraft:oak_door":2,"minecraft:torch":42,"minecraft:dirt":286,"minecraft:glass":2,"minecraft:wooden_axe":29,"minecraft:lantern":1,"spellbladenext:frost_orb":1,"minecraft:iron_axe":320,"minecraft:oak_stairs":112,"minecraft:stone_bricks":4,"minecraft:furnace":1,"minecraft:oak_sapling":72,"minecraft:water_bucket":12,"minecraft:stone_pickaxe":17,"minecraft:baked_potato":5,"minecraft:oak_planks":241,"minecraft:wooden_pickaxe":19,"minecraft:sandstone":50,"minecraft:cut_sandstone":6,"minecraft:jungle_boat":2,"minecraft:cracked_stone_bricks":1,"minecraft:sand":31,"minecraft:cut_sandstone_slab":2,"minecraft:red_bed":7,"minecraft:oak_slab":6,"minecraft:crafting_table":6,"mcdar:buzzy_nest":1,"minecraft:oak_log":358,"minecraft:diamond_pickaxe":531,"minecraft:bread":14,"minecraft:iron_pickaxe":193,"minecraft:cut_red_sandstone":2,"simplyswords:gold_cutlass":29,"minecraft:pink_bed":1,"minecraft:stone_axe":264,"minecraft:diamond_sword":94,"minecraft:cobblestone":29,"minecraft:bucket":11,"minecraft:glass_pane":52},"minecraft:dropped":{"minecraft:iron_ingot":24,"minecraft:water_bucket":1,"twigs:bamboo_leaves":13,"artifality:balloon":2,"minecraft:moss_block":32,"minecraft:porkchop":2,"minecraft:wheat_seeds":20,"clutter:clam":1,"minecraft:diamond":3,"clutter:copper_coin":23,"minecraft:cobblestone":2,"minecraft:stick":4,"minecraft:spruce_stairs":1,"minecraft:acacia_log":3,"minecraft:leather_helmet":1,"farmersdelight:rice":1,"bewitchment:aconite_seeds":6,"twigs:pebble":2,"minecraft:dirt":69,"minecraft:wooden_axe":1,"bewitchment:garlic":1,"minecraft:jungle_sapling":8,"minecraft:sand":6,"minecraft:iron_pickaxe":3,"minecraft:smooth_sandstone":8,"minecraft:string":23,"bewitchment:belladonna_seeds":2,"twigs:twig":32,"minecraft:gold_ingot":2,"regions_unexplored:raw_redstone_block":1,"mcdar:flaming_quiver":1,"minecraft:moss_carpet":4,"minecraft:stone_axe":1,"minecraft:chiseled_red_sandstone":1,"minecraft:wheat":64,"minecraft:rotten_flesh":2,"tridents_n_stuff:prismarine_harpoon":5,"spellbladenext:frost_orb":1,"minecraft:glass_pane":2,"patchouli:guide_book":1,"minecraft:filled_map":1,"minecraft:diamond_sword":1,"minecraft:tipped_arrow":52,"bewitchment:mandrake_seeds":2,"minecraft:spruce_trapdoor":4,"minecraft:diamond_pickaxe":1,"minecraft:beetroot_seeds":1,"minecraft:stone_bricks":1,"minecraft:acacia_sapling":1,"minecraft:oak_sapling":76,"minecraft:leather_leggings":1,"minecraft:spider_eye":4,"minecraft:sandstone":64,"minecraft:wooden_pickaxe":1,"minecraft:stone_pickaxe":2},"minecraft:broken":{"minecraft:iron_shovel":3,"minecraft:iron_boots":1,"simplyswords:gold_cutlass":1,"minecraft:iron_axe":1,"minecraft:stone_axe":1,"minecraft:iron_pickaxe":1,"minecraft:stone_shovel":1},"minecraft:mined":{"minecraft:white_bed":1,"minecraft:cut_sandstone_slab":3,"minecraft:pink_bed":1,"minecraft:oak_sapling":10,"minecraft:chiseled_red_sandstone":1,"minecraft:jack_o_lantern":1,"minecraft:spruce_trapdoor":2,"minecraft:glow_lichen":3,"mythicmetals:silver_ore":15,"minecraft:acacia_log":6,"minecraft:grass_block":361,"minecraft:hopper":1,"minecraft:moss_block":39,"regions_unexplored:raw_redstone_block":2,"minecraft:sandstone":363,"minerally:geode":1,"minecraft:hay_block":13,"minecraft:redstone_ore":4,"minerally:redstone_pile_0":1,"minecraft:oak_trapdoor":10,"minecraft:furnace":2,"mythicmetals:kyber_ore":1,"minecraft:iron_ore":12,"minerally:redstone_pile_1":1,"treechop:chopped_log":26,"minecraft:water_cauldron":6,"minecraft:vine":2,"bewitchment:salt_ore":7,"minecraft:oak_stairs":67,"minecraft:iron_bars":2,"minecraft:lantern":1,"mythicmetals:runite_ore":2,"regions_unexplored:medium_grass":1,"minecraft:bamboo":7,"minecraft:stone":105,"minecraft:tripwire":1,"minecraft:cut_sandstone":42,"minecraft:oak_slab":3,"minecraft:acacia_leaves":11,"minecraft:scaffolding":10,"minecraft:glass_pane":14,"minecraft:red_bed":9,"minecraft:smooth_sandstone":13,"minecraft:oak_fence":1,"minecraft:crafting_table":3,"minecraft:torch":20,"minerally:redstone_pile":1,"minecraft:poppy":1,"clutter:pearl_clam_block":2,"galosphere:silver_ore":11,"minecraft:cobblestone":8,"minecraft:copper_ore":8,"minecraft:tall_grass":4,"minecraft:dried_kelp_block":27,"minecraft:oak_planks":39,"minecraft:wall_torch":7,"spell_engine:spell_binding":4,"mythicmetals:aquarium_ore":22,"mythicmetals:manganese_ore":20,"minecraft:grass":29,"minecraft:coal_ore":17,"minecraft:oak_log":197,"minecraft:loom":1,"minecraft:gravel":1,"minecraft:sand":488,"minecraft:dirt":159,"minecraft:cobweb":15,"villagersplus:alchemist_table":1,"minecraft:cracked_stone_bricks":1,"minecraft:cut_red_sandstone":1,"villagersplus:occultist_table":1,"minecraft:tripwire_hook":1,"minecraft:stonecutter":2,"minecraft:stone_bricks":5,"minecraft:chipped_anvil":1,"minecraft:oak_leaves":18,"minecraft:fern":5,"soulsweapons:verglas_ore":1}},"DataVersion":3465}