{"stats":{"minecraft:killed":{"minecraft:spider":1,"wildlife:lark":1,"minecraft:skeleton":2,"minecraft:zombie":2},"minecraft:picked_up":{"clutter:clam":1,"tridents_n_stuff:prismarine_harpoon":5,"farmersdelight:rice":1,"minecraft:diamond_sword":1,"minecraft:oak_log":14,"minecraft:shield":1,"bewitchment:aconite_seeds":4,"minecraft:dirt":178,"minecraft:string":2,"minecraft:moss_carpet":3,"minecraft:wheat_seeds":6,"twigs:pebble":1,"bewitchment:mandrake_seeds":2,"twigs:twig":5,"minecraft:moss_block":10,"minecraft:acacia_sapling":1,"minecraft:oak_planks":2,"minecraft:stick":6,"patchouli:guide_book":1,"minecraft:torch":1,"minecraft:acacia_log":1,"minecraft:spruce_stairs":1,"minecraft:sand":43,"spellbladenext:frost_orb":1,"mcdar:flaming_quiver":1,"minecraft:arrow":4,"clutter:copper_coin":14,"minecraft:dried_kelp_block":27,"minecraft:rotten_flesh":2,"minecraft:hay_block":13,"minecraft:oak_sapling":2,"minecraft:cobblestone":12},"minecraft:killed_by":{"mutantmonsters:mutant_skeleton":2,"minecraft:spider":1},"minecraft:custom":{"lootr:looted_stat":45,"minecraft:mob_kills":7,"minecraft:interact_with_crafting_table":14,"minecraft:open_barrel":18,"minecraft:bell_ring":3,"minecraft:damage_dealt_resisted":0,"minecraft:leave_game":5,"minecraft:time_since_death":30920,"minecraft:hex":0,"minecraft:time_since_rest":30949,"minecraft:sprint_one_cm":147414,"minecraft:damage_taken":807,"minecraft:walk_one_cm":168751,"minecraft:damage_blocked_by_shield":200,"minecraft:drop":27,"minecraft:damage_dealt":1812,"minecraft:swim_one_cm":29464,"minecraft:talked_to_villager":1,"minecraft:fly_one_cm":186547,"minecraft:crouch_one_cm":5073,"minecraft:play_time":78871,"minecraft:deaths":3,"minecraft:sneak_time":1406,"minecraft:walk_under_water_one_cm":117,"minecraft:interact_with_brewingstand":1,"minecraft:jump":746,"minecraft:interact_with_blast_furnace":1,"minecraft:walk_on_water_one_cm":4968,"minecraft:total_world_time":78871,"minecraft:interact_with_smoker":3,"minecraft:fall_one_cm":12956},"minecraft:crafted":{"minecraft:oak_planks":20,"minecraft:stone_shovel":2,"minecraft:crafting_table":2,"minecraft:wooden_pickaxe":1,"minecraft:bread":28,"minecraft:iron_boots":1,"minecraft:iron_chestplate":1,"minecraft:stick":8,"minecraft:wooden_axe":1,"minecraft:torch":8,"minecraft:wheat":117},"minecraft:used":{"minecraft:water_bucket":3,"minecraft:stone_shovel":240,"minecraft:baked_potato":5,"minecraft:oak_planks":2,"minecraft:wooden_pickaxe":19,"minecraft:shield":4,"minecraft:torch":1,"minecraft:crafting_table":2,"minecraft:wooden_axe":29,"spellbladenext:frost_orb":1,"minecraft:bread":4,"simplyswords:gold_cutlass":29,"minecraft:diamond_sword":13,"minecraft:bucket":3},"minecraft:dropped":{"minecraft:water_bucket":1,"mcdar:flaming_quiver":1,"minecraft:moss_carpet":3,"minecraft:moss_block":10,"minecraft:wheat_seeds":2,"clutter:clam":1,"minecraft:wheat":64,"clutter:copper_coin":14,"tridents_n_stuff:prismarine_harpoon":5,"spellbladenext:frost_orb":1,"minecraft:spruce_stairs":1,"minecraft:leather_helmet":1,"patchouli:guide_book":1,"farmersdelight:rice":1,"twigs:pebble":1,"bewitchment:aconite_seeds":1,"minecraft:filled_map":1,"bewitchment:mandrake_seeds":1,"minecraft:acacia_sapling":1,"minecraft:oak_sapling":2,"minecraft:leather_leggings":1,"minecraft:string":2,"twigs:twig":5},"minecraft:broken":{"simplyswords:gold_cutlass":1,"minecraft:stone_shovel":1},"minecraft:mined":{"minecraft:acacia_leaves":3,"minecraft:torch":1,"minecraft:acacia_log":2,"minecraft:grass_block":145,"minecraft:poppy":1,"clutter:pearl_clam_block":2,"minecraft:tall_grass":1,"minecraft:dried_kelp_block":27,"minecraft:moss_block":10,"minecraft:oak_planks":2,"minecraft:hay_block":13,"minecraft:grass":11,"minecraft:oak_log":14,"minecraft:gravel":1,"minecraft:sand":44,"minecraft:dirt":35,"minecraft:stone":12,"minecraft:oak_leaves":10,"minecraft:fern":1}},"DataVersion":3465}