{"stats":{"minecraft:killed":{"minecraft:skeleton":2,"minecraft:zombie":2,"minecraft:spider":1,"wildlife:lark":1},"minecraft:picked_up":{"tridents_n_stuff:prismarine_harpoon":5,"clutter:clam":1,"farmersdelight:rice":1,"minecraft:diamond_sword":1,"minecraft:spruce_stairs":1,"spellbladenext:frost_orb":1,"minecraft:oak_log":1,"minecraft:shield":1,"mcdar:flaming_quiver":1,"minecraft:string":2,"minecraft:arrow":4,"clutter:copper_coin":14,"minecraft:dried_kelp_block":27,"minecraft:rotten_flesh":2,"twigs:pebble":1,"minecraft:hay_block":13,"bewitchment:mandrake_seeds":1},"minecraft:killed_by":{"mutantmonsters:mutant_skeleton":2,"minecraft:spider":1},"minecraft:custom":{"minecraft:time_since_rest":5114,"lootr:looted_stat":40,"minecraft:sprint_one_cm":138186,"minecraft:damage_taken":807,"minecraft:walk_one_cm":133727,"minecraft:damage_blocked_by_shield":200,"minecraft:mob_kills":7,"minecraft:drop":16,"minecraft:damage_dealt":1812,"minecraft:interact_with_crafting_table":4,"minecraft:swim_one_cm":29464,"minecraft:talked_to_villager":1,"minecraft:fly_one_cm":161786,"minecraft:crouch_one_cm":3440,"minecraft:play_time":53036,"minecraft:deaths":3,"minecraft:sneak_time":964,"minecraft:bell_ring":3,"minecraft:walk_under_water_one_cm":117,"minecraft:interact_with_brewingstand":1,"minecraft:jump":626,"minecraft:damage_dealt_resisted":0,"minecraft:interact_with_blast_furnace":1,"minecraft:leave_game":1,"minecraft:time_since_death":5085,"minecraft:walk_on_water_one_cm":4127,"minecraft:total_world_time":53036,"minecraft:interact_with_smoker":3,"minecraft:hex":0,"minecraft:fall_one_cm":12478},"minecraft:crafted":{"minecraft:iron_boots":1,"minecraft:iron_chestplate":1,"minecraft:bread":28,"minecraft:wheat":117},"minecraft:used":{"minecraft:water_bucket":2,"spellbladenext:frost_orb":1,"minecraft:baked_potato":5,"minecraft:shield":4,"simplyswords:gold_cutlass":29,"minecraft:diamond_sword":13,"minecraft:bucket":2},"minecraft:dropped":{"minecraft:water_bucket":1,"mcdar:flaming_quiver":1,"bewitchment:mandrake_seeds":1,"clutter:clam":1,"minecraft:wheat":64,"clutter:copper_coin":14,"minecraft:leather_leggings":1,"tridents_n_stuff:prismarine_harpoon":5,"spellbladenext:frost_orb":1,"minecraft:spruce_stairs":1,"minecraft:string":2,"minecraft:leather_helmet":1,"farmersdelight:rice":1,"twigs:pebble":1},"minecraft:broken":{"simplyswords:gold_cutlass":1},"minecraft:mined":{"minecraft:hay_block":13,"minecraft:oak_log":1,"clutter:pearl_clam_block":2,"minecraft:gravel":1,"minecraft:sand":1,"minecraft:tall_grass":1,"minecraft:dried_kelp_block":27}},"DataVersion":3465}