{"stats":{"minecraft:picked_up":{"clutter:clam":1,"minecraft:dried_kelp_block":27,"minecraft:rotten_flesh":1,"bewitchment:mandrake_seeds":1,"minecraft:hay_block":13,"minecraft:string":1},"minecraft:killed_by":{"mutantmonsters:mutant_skeleton":2},"minecraft:custom":{"minecraft:time_since_rest":7927,"minecraft:deaths":2,"minecraft:crouch_one_cm":1884,"minecraft:play_time":29036,"lootr:looted_stat":29,"minecraft:sprint_one_cm":76741,"minecraft:damage_taken":555,"minecraft:walk_one_cm":59639,"minecraft:bell_ring":3,"minecraft:sneak_time":546,"minecraft:walk_under_water_one_cm":117,"minecraft:drop":7,"minecraft:damage_dealt_resisted":0,"minecraft:jump":349,"minecraft:damage_dealt":69,"minecraft:leave_game":1,"minecraft:walk_on_water_one_cm":3848,"minecraft:time_since_death":7900,"minecraft:interact_with_smoker":3,"minecraft:total_world_time":29036,"minecraft:hex":0,"minecraft:swim_one_cm":29464,"minecraft:interact_with_crafting_table":3,"minecraft:fall_one_cm":8925,"minecraft:fly_one_cm":94024},"minecraft:crafted":{"minecraft:bread":28,"minecraft:wheat":117},"minecraft:used":{"minecraft:water_bucket":2,"minecraft:baked_potato":2,"minecraft:bucket":2},"minecraft:dropped":{"minecraft:leather_leggings":1,"minecraft:water_bucket":1,"bewitchment:mandrake_seeds":1,"clutter:clam":1,"minecraft:string":1,"minecraft:wheat":64,"minecraft:leather_helmet":1},"minecraft:mined":{"minecraft:hay_block":13,"clutter:pearl_clam_block":2,"minecraft:dried_kelp_block":27}},"DataVersion":3465}