{"stats":{"minecraft:killed":{"minecraft:cave_spider":2,"minecraft:vindicator":3,"minecraft:spider":8,"minecraft:phantom":4,"minecraft:skeleton":3,"minecraft:pig":1,"wildlife:lark":1,"endermanoverhaul:savanna_enderman":1,"minecraft:zombie":5},"minecraft:picked_up":{"clutter:clam":1,"tridents_n_stuff:prismarine_harpoon":5,"minecraft:crafting_table":2,"minecraft:diamond_sword":2,"minecraft:oak_stairs":57,"mythicmetals:raw_kyber":2,"minecraft:shield":1,"mythicmetals:raw_aquarium":28,"minecraft:string":21,"minecraft:oak_trapdoor":5,"minecraft:moss_carpet":3,"minecraft:raw_copper":30,"minecraft:cooked_salmon":17,"minecraft:cracked_stone_bricks":1,"twigs:pebble":1,"minecraft:iron_pickaxe":4,"minecraft:tipped_arrow":26,"minecraft:phantom_membrane":2,"minecraft:raw_iron":10,"minecraft:stick":10,"minecraft:oak_fence":2,"minecraft:acacia_log":3,"minecraft:torch":14,"minecraft:spruce_stairs":1,"minecraft:porkchop":2,"artifality:balloon":1,"spellbladenext:frost_orb":1,"regions_unexplored:raw_redstone_block":1,"minecraft:redstone":22,"mcdar:flaming_quiver":1,"mythicmetals:raw_runite":4,"bewitchment:garlic":1,"mythicmetals:raw_manganese":27,"minecraft:arrow":5,"minecraft:rotten_flesh":6,"mcda:phantom_bones":1,"minecraft:hay_block":13,"minecraft:cobblestone":31,"farmersdelight:rice":1,"minecraft:cut_sandstone":42,"minecraft:oak_log":382,"bewitchment:aconite_seeds":4,"minecraft:lapis_lazuli":1,"minecraft:dirt":322,"minecraft:bone":2,"minecraft:stone_bricks":4,"minecraft:wheat_seeds":13,"bewitchment:mandrake_seeds":2,"minecraft:stone_pickaxe":1,"galosphere:raw_silver":10,"mythicmetals:raw_silver":25,"minecraft:moss_block":12,"twigs:twig":46,"minecraft:acacia_sapling":1,"minecraft:oak_planks":35,"minecraft:oak_slab":4,"patchouli:guide_book":1,"minecraft:sand":43,"bewitchment:salt":10,"minecraft:spider_eye":2,"clutter:copper_coin":14,"minecraft:dried_kelp_block":27,"minecraft:stone_axe":1,"soulsweapons:verglas":1,"minecraft:chiseled_red_sandstone":1,"minecraft:jack_o_lantern":1,"minecraft:oak_sapling":84,"minecraft:coal":15,"minecraft:ender_pearl":1},"minecraft:killed_by":{"minecraft:spider":1,"mutantmonsters:mutant_skeleton":2},"minecraft:custom":{"lootr:looted_stat":47,"minecraft:mob_kills":29,"minecraft:interact_with_crafting_table":41,"minecraft:open_barrel":37,"minecraft:interact_with_campfire":17,"minecraft:bell_ring":3,"minecraft:damage_dealt_resisted":0,"minecraft:leave_game":6,"minecraft:time_since_death":148315,"minecraft:climb_one_cm":50,"minecraft:damage_resisted":0,"minecraft:sprint_one_cm":358605,"minecraft:walk_one_cm":484781,"minecraft:damage_blocked_by_shield":270,"minecraft:drop":63,"minecraft:talked_to_villager":1,"minecraft:play_time":196266,"minecraft:deaths":3,"minecraft:sneak_time":11534,"minecraft:walk_under_water_one_cm":146269,"minecraft:jump":2325,"minecraft:interact_with_brewingstand":1,"minecraft:interact_with_blast_furnace":1,"minecraft:walk_on_water_one_cm":22719,"minecraft:total_world_time":196266,"minecraft:interact_with_furnace":11,"minecraft:sleep_in_bed":1,"minecraft:hex":0,"minecraft:time_since_rest":6076,"minecraft:damage_taken":2045,"minecraft:damage_dealt":6219,"minecraft:swim_one_cm":484580,"minecraft:fly_one_cm":473542,"minecraft:open_chest":13,"minecraft:crouch_one_cm":40838,"minecraft:interact_with_smoker":3,"minecraft:fall_one_cm":63357,"minecraft:inspect_dispenser":1},"minecraft:crafted":{"minecraft:oak_door":3,"minecraft:oak_planks":304,"minecraft:stone_shovel":2,"minecraft:furnace":1,"minecraft:oak_trapdoor":2,"minecraft:glass":43,"minecraft:iron_boots":1,"minecraft:iron_axe":1,"minecraft:stone_pickaxe":1,"minecraft:chest":2,"minecraft:oak_fence":6,"minecraft:wheat":117,"minecraft:oak_slab":12,"minecraft:crafting_table":3,"minecraft:wooden_pickaxe":1,"minecraft:iron_helmet":1,"minecraft:stone_axe":2,"minecraft:bread":28,"minecraft:air":0,"minecraft:iron_chestplate":1,"minecraft:stick":20,"minecraft:iron_ingot":23,"minecraft:iron_pickaxe":1,"minecraft:oak_stairs":48,"minecraft:wooden_axe":1,"minecraft:iron_shovel":1,"minecraft:iron_leggings":1,"minecraft:torch":8},"minecraft:used":{"minecraft:oak_fence":7,"minecraft:oak_trapdoor":2,"minecraft:jack_o_lantern":1,"minecraft:iron_shovel":172,"minecraft:stone_shovel":240,"minecraft:chest":2,"minecraft:shield":6,"minecraft:cooked_salmon":9,"minecraft:oak_door":2,"minecraft:torch":21,"minecraft:dirt":93,"minecraft:glass":2,"minecraft:wooden_axe":29,"spellbladenext:frost_orb":1,"minecraft:iron_axe":175,"minecraft:oak_stairs":85,"minecraft:stone_bricks":4,"minecraft:furnace":1,"minecraft:oak_sapling":62,"minecraft:water_bucket":12,"minecraft:stone_pickaxe":17,"minecraft:baked_potato":5,"minecraft:oak_planks":163,"minecraft:wooden_pickaxe":19,"minecraft:cut_sandstone":6,"minecraft:cracked_stone_bricks":1,"minecraft:oak_slab":6,"minecraft:crafting_table":5,"minecraft:oak_log":234,"minecraft:bread":11,"minecraft:iron_pickaxe":193,"simplyswords:gold_cutlass":29,"minecraft:stone_axe":264,"minecraft:diamond_sword":80,"minecraft:cobblestone":1,"minecraft:bucket":11,"minecraft:glass_pane":9},"minecraft:dropped":{"minecraft:water_bucket":1,"artifality:balloon":1,"minecraft:moss_block":12,"minecraft:porkchop":1,"minecraft:wheat_seeds":13,"clutter:clam":1,"clutter:copper_coin":14,"minecraft:cobblestone":1,"minecraft:spruce_stairs":1,"minecraft:acacia_log":3,"minecraft:leather_helmet":1,"farmersdelight:rice":1,"bewitchment:aconite_seeds":4,"twigs:pebble":1,"minecraft:dirt":69,"minecraft:wooden_axe":1,"bewitchment:garlic":1,"minecraft:iron_pickaxe":3,"minecraft:string":21,"twigs:twig":25,"minecraft:gold_ingot":2,"regions_unexplored:raw_redstone_block":1,"mcdar:flaming_quiver":1,"minecraft:moss_carpet":3,"minecraft:stone_axe":1,"minecraft:chiseled_red_sandstone":1,"minecraft:wheat":64,"minecraft:rotten_flesh":2,"tridents_n_stuff:prismarine_harpoon":5,"spellbladenext:frost_orb":1,"patchouli:guide_book":1,"minecraft:filled_map":1,"minecraft:diamond_sword":1,"minecraft:tipped_arrow":52,"bewitchment:mandrake_seeds":2,"minecraft:acacia_sapling":1,"minecraft:oak_sapling":2,"minecraft:leather_leggings":1,"minecraft:wooden_pickaxe":1,"minecraft:stone_pickaxe":2},"minecraft:broken":{"simplyswords:gold_cutlass":1,"minecraft:iron_axe":1,"minecraft:stone_axe":1,"minecraft:iron_pickaxe":1,"minecraft:stone_shovel":1},"minecraft:mined":{"minecraft:chiseled_red_sandstone":1,"minecraft:jack_o_lantern":1,"minecraft:glow_lichen":3,"mythicmetals:silver_ore":15,"minecraft:acacia_log":4,"minecraft:grass_block":219,"minecraft:moss_block":20,"regions_unexplored:raw_redstone_block":2,"minerally:geode":1,"minecraft:hay_block":13,"minecraft:redstone_ore":4,"minerally:redstone_pile_0":1,"minecraft:oak_trapdoor":5,"mythicmetals:kyber_ore":1,"minecraft:iron_ore":12,"minerally:redstone_pile_1":1,"treechop:chopped_log":25,"minecraft:vine":2,"bewitchment:salt_ore":7,"minecraft:oak_stairs":57,"mythicmetals:runite_ore":2,"minecraft:stone":31,"minecraft:tripwire":1,"minecraft:cut_sandstone":42,"minecraft:oak_slab":3,"minecraft:acacia_leaves":8,"minecraft:glass_pane":9,"minecraft:oak_fence":1,"minecraft:crafting_table":3,"minecraft:torch":5,"minerally:redstone_pile":1,"minecraft:poppy":1,"clutter:pearl_clam_block":2,"galosphere:silver_ore":11,"minecraft:cobblestone":1,"minecraft:copper_ore":8,"minecraft:tall_grass":3,"minecraft:dried_kelp_block":27,"minecraft:oak_planks":34,"minecraft:wall_torch":3,"mythicmetals:aquarium_ore":22,"mythicmetals:manganese_ore":20,"minecraft:grass":24,"minecraft:coal_ore":17,"minecraft:oak_log":131,"minecraft:gravel":1,"minecraft:sand":112,"minecraft:dirt":76,"minecraft:cobweb":13,"minecraft:cracked_stone_bricks":1,"minecraft:stone_bricks":4,"minecraft:oak_leaves":14,"minecraft:fern":3,"soulsweapons:verglas_ore":1}},"DataVersion":3465}