{"stats":{"minecraft:killed":{"hybrid-aquatic:piranha":3,"guardvillagers:guard":1,"minecraft:cave_spider":2,"minecraft:spider":9,"minecraft:skeleton":6,"minecraft:pig":1,"minecraft:zombie_villager":1,"endermanoverhaul:savanna_enderman":1,"bewitchment:raven":1,"minecraft:pillager":5,"minecraft:zombie":16,"minecraft:vindicator":3,"minecraft:phantom":4,"minecraft:drowned":36,"wildlife:lark":1,"mutantmonsters:mutant_zombie":1},"minecraft:picked_up":{"clutter:clam":2,"wizards:staff_arcane":1,"minecraft:wheat":33,"illagerinvasion:platinum_chunk":1,"travellersbootsreloaded:travellers_boots_tier1":1,"minecraft:diamond_sword":2,"minecraft:oak_stairs":68,"soulsweapons:moonstone":5,"minecraft:enchanted_book":4,"mythicmetals:raw_kyber":2,"minecraft:golden_sword":1,"minecraft:string":28,"mythicmetals:raw_aquarium":29,"minecraft:raw_copper":95,"minecraft:cooked_salmon":17,"minecraft:iron_leggings":2,"mcdar:iron_hide_amulet":1,"minecraft:beetroot":7,"minecraft:cobbled_deepslate":64,"bosses_of_mass_destruction:soul_star":1,"twigs:pebble":2,"inmis:plated_backpack":1,"minecraft:calcite":1,"minecraft:iron_pickaxe":4,"minecraft:iron_boots":1,"minecraft:furnace":2,"minecraft:tipped_arrow":26,"minecraft:stick":16,"paladins:diamond_claymore":1,"clutter:cow_plushie":1,"minecraft:oak_fence":2,"minecraft:torch":36,"minecraft:acacia_log":4,"minecraft:spruce_stairs":1,"spellbladenext:flaming_falchion":2,"twigs:bamboo_leaves":13,"minecraft:golden_axe":1,"minecraft:porkchop":2,"minecraft:dried_kelp":19,"spellbladenext:frost_orb":1,"artifality:balloon":1,"regions_unexplored:raw_redstone_block":1,"mythicmetals:morkite":14,"mutantmonsters:hulk_hammer":1,"minecraft:stone_sword":4,"minecraft:rotten_flesh":13,"mythicmetals:raw_manganese":33,"villagersplus:occultist_table":1,"villagersplus:alchemist_table":1,"minecraft:iron_bars":9,"minecraft:cobblestone":894,"archon:cloudshot_tome":1,"minecraft:nautilus_shell":2,"minecraft:polished_diorite_slab":1,"farmersdelight:rice":2,"minecraft:water_bucket":2,"minecraft:jungle_log":17,"spellbladenext:monkeystaff":1,"minecraft:potato":25,"minecraft:tuff":3,"minecraft:map":1,"mythicmetals:carmot_staff_smithing_template":1,"minecraft:lapis_lazuli":1,"minecraft:dirt":1225,"minecraft:cut_sandstone_slab":4,"minecraft:lantern":9,"mcdar:boots_of_swiftness":1,"minecraft:bone":23,"minecraft:chipped_anvil":1,"minecraft:wheat_seeds":25,"jewelry:copper_ring":1,"minecraft:cobbled_deepslate_slab":1,"ftbquests:book":1,"minecraft:mossy_stone_bricks":1,"twigs:twig":135,"minecraft:bamboo":44,"galosphere:raw_silver":18,"minecraft:moss_block":36,"mythicmetals:raw_silver":25,"minecraft:oak_planks":64,"spellbladenext:fire_orb":1,"patchouli:guide_book":1,"minecraft:poisonous_potato":5,"archon:earth_gem":4,"hybrid-aquatic:piranha":7,"minecraft:jungle_planks":4,"minecraft:sand":484,"mythicmetals:raw_quadrillum":3,"minecraft:loom":2,"regions_unexplored:palm_log":14,"galosphere:silver_nugget":1,"clutter:copper_coin":33,"minecraft:diamond":19,"minecraft:crossbow":6,"minecraft:bone_meal":9,"minecraft:emerald":11,"soulsweapons:verglas":1,"minecraft:spruce_sign":2,"bewitchment:ectoplasm":1,"mcdar:buzzy_nest":1,"minecraft:chiseled_red_sandstone":1,"minecraft:jack_o_lantern":1,"minecraft:oak_sapling":127,"minecraft:bricks":2,"minecraft:diamond_pickaxe":2,"minecraft:charcoal":7,"tridents_n_stuff:prismarine_harpoon":10,"minecraft:crafting_table":2,"mutantmonsters:mutant_skeleton_arms":1,"minecraft:sandstone_slab":20,"minecraft:golden_pickaxe":1,"digs_dnd_origins:black_scale":1,"promenade:blunite":39,"minecraft:shield":7,"minecraft:oak_trapdoor":10,"minecraft:red_bed":15,"minecraft:moss_carpet":4,"minecraft:item_frame":24,"minecraft:iron_shovel":1,"clutter:raw_silver":10,"minecraft:cracked_stone_bricks":3,"mcdar:golem_kit":1,"spellbladenext:fire_claymore":1,"minecraft:jungle_sapling":8,"minecraft:iron_nugget":13,"minecraft:chest":1,"spellbladenext:arcane_blade":2,"minecraft:spruce_trapdoor":6,"minecraft:phantom_membrane":2,"minecraft:egg":1,"minecraft:raw_iron":10,"minecraft:sandstone":411,"minecraft:polished_deepslate_slab":5,"minecraft:oak_door":3,"minecraft:copper_ingot":28,"wizards:wizard_robe_legs":1,"minecraft:stone_button":1,"mythicmetals:raw_tin":8,"minecraft:carrot":14,"minecraft:redstone":22,"meadow:inky_wool":2,"berserker_rpg:golden_berserker_axe":1,"mythicmetals:aquarium_pickaxe":2,"mcdar:flaming_quiver":2,"mythicmetals:raw_runite":4,"minecraft:arrow":10,"bewitchment:garlic":1,"artifacts:cowboy_hat":1,"minecraft:beetroot_seeds":3,"mcda:phantom_bones":1,"minecraft:hay_block":13,"spell_engine:spell_binding":4,"mutantmonsters:mutant_skeleton_rib":5,"minecraft:gold_ingot":1,"witcher_rpg:dark_iron_witcher_sword":2,"minecraft:bone_block":15,"minecraft:skeleton_skull":1,"soaringstructures2:bunch_heavenly_petals":4,"minecraft:jungle_boat":11,"mythicmounts:firebird_feather4":3,"minecraft:salmon":96,"minecraft:cut_sandstone":43,"mcdar:death_cap_mushroom":2,"minecraft:filled_map":6,"graveyard:spruce_coffin":2,"minecraft:oak_log":655,"minecraft:chainmail_chestplate":2,"bewitchment:aconite_seeds":6,"minecraft:smooth_sandstone":13,"minecraft:apple":33,"minecraft:stone_bricks":7,"bewitchment:mandrake_seeds":2,"minecraft:iron_ingot":7,"minecraft:stone_pickaxe":1,"minecraft:cobweb":3,"spellbladenext:arcane_claymore":1,"minecraft:acacia_sapling":1,"minecraft:oak_slab":4,"minecraft:book":5,"minecraft:scaffolding":12,"minecraft:pink_bed":1,"archon:sky_gem":2,"bewitchment:belladonna_seeds":2,"minecraft:amethyst_shard":14,"bewitchment:salt":20,"minecraft:white_bed":1,"clutter:common_coin_pouch":1,"minecraft:spider_eye":6,"minecraft:leather_helmet":1,"minecraft:cut_red_sandstone":2,"minecraft:dried_kelp_block":27,"minecraft:stone_axe":1,"spellbladenext:spelloil":1,"minecraft:coal":104,"minecraft:hopper":1,"minecraft:ender_pearl":1},"minecraft:killed_by":{"minecraft:witch":4,"minecraft:player":5,"minecraft:spider":1,"mutantmonsters:mutant_skeleton":2},"minecraft:custom":{"lootr:looted_stat":97,"minecraft:interact_with_crafting_table":81,"minecraft:open_barrel":66,"minecraft:bell_ring":21,"minecraft:leave_game":6,"minecraft:time_since_death":4253,"minecraft:damage_resisted":0,"minecraft:sprint_one_cm":885904,"minecraft:damage_blocked_by_shield":350,"minecraft:drop":196,"minecraft:talked_to_villager":13,"minecraft:play_time":442266,"minecraft:deaths":13,"minecraft:jump":4984,"minecraft:interact_with_brewingstand":1,"minecraft:walk_on_water_one_cm":41476,"minecraft:interact_with_furnace":20,"minecraft:sleep_in_bed":3,"minecraft:damage_dealt":19196,"minecraft:crouch_one_cm":109721,"minecraft:interact_with_smoker":3,"minecraft:horse_one_cm":98110,"minecraft:inspect_dispenser":3,"minecraft:mob_kills":92,"minecraft:interact_with_campfire":17,"minecraft:damage_dealt_resisted":1361,"minecraft:climb_one_cm":4345,"minecraft:walk_one_cm":1160713,"minecraft:sneak_time":28720,"minecraft:walk_under_water_one_cm":462921,"minecraft:boat_one_cm":4574,"minecraft:interact_with_blast_furnace":11,"minecraft:total_world_time":442266,"minecraft:hex":0,"minecraft:time_since_rest":4286,"minecraft:damage_taken":7462,"minecraft:swim_one_cm":603090,"minecraft:fly_one_cm":926886,"minecraft:open_chest":60,"minecraft:threat":10,"minecraft:fall_one_cm":125173},"minecraft:crafted":{"minecraft:oak_planks":672,"minecraft:cobblestone_slab":12,"mythicmetals:aquarium_shovel":1,"minecraft:cobblestone_stairs":32,"minecraft:glass":43,"minecraft:iron_boots":1,"minecraft:chest":6,"minecraft:oak_fence":6,"mythicmetals:tin_ingot":3,"minecraft:oak_slab":18,"minecraft:crafting_table":5,"minecraft:jungle_boat":5,"minecraft:wooden_pickaxe":1,"minecraft:iron_helmet":1,"mythicmetals:aquarium_pickaxe":2,"minecraft:iron_chestplate":1,"minecraft:diamond_pickaxe":1,"minecraft:stick":154,"minecraft:iron_ingot":52,"minecraft:iron_pickaxe":2,"minecraft:sandstone":56,"mythicmetals:manganese_ingot":4,"minecraft:oak_door":3,"minecraft:stone_shovel":2,"inmis:gilded_backpack":1,"minecraft:furnace":2,"inmis:bejeweled_backpack":1,"minecraft:oak_trapdoor":18,"minecraft:iron_axe":3,"minecraft:stone_pickaxe":1,"mythicmetals:aquarium_axe":1,"minecraft:wheat":117,"minecraft:cooked_salmon":32,"minecraft:sandstone_slab":24,"mythicmetals:silver_ingot":6,"minecraft:stone_axe":2,"minecraft:bread":38,"minecraft:air":0,"minecraft:jungle_planks":48,"minecraft:wooden_axe":1,"minecraft:oak_stairs":64,"minecraft:iron_shovel":5,"minecraft:iron_leggings":1,"minecraft:torch":8,"mythicmetals:aquarium_ingot":28},"minecraft:used":{"minecraft:jack_o_lantern":1,"minecraft:iron_shovel":901,"minecraft:shield":9,"minecraft:chest":4,"travellersbootsreloaded:travellers_boots_tier1":1,"minecraft:glass":2,"witcher_rpg:dark_iron_witcher_sword":5,"spellbladenext:frost_orb":1,"minecraft:lantern":6,"minecraft:stone_bricks":4,"mutantmonsters:hulk_hammer":1,"minecraft:oak_sapling":72,"minecraft:furnace":2,"mythicmetals:aquarium_pickaxe":482,"minecraft:stone_pickaxe":17,"minecraft:oak_planks":396,"minecraft:wooden_pickaxe":19,"paladins:diamond_claymore":4,"minecraft:sandstone":67,"villagersplus:alchemist_table":1,"minecraft:jungle_boat":12,"minecraft:sand":32,"graveyard:spruce_coffin":2,"minecraft:cut_sandstone_slab":2,"minecraft:loom":2,"minecraft:crossbow":5,"minecraft:bread":24,"minecraft:cut_red_sandstone":2,"minecraft:diamond_sword":97,"promenade:blunite":20,"minecraft:experience_bottle":1,"clutter:cow_plushie":2,"minecraft:oak_trapdoor":21,"minecraft:oak_fence":7,"minecraft:stone_shovel":300,"spellbladenext:monkeystaff":4,"minecraft:cooked_salmon":23,"minecraft:oak_door":4,"minecraft:torch":42,"minecraft:dirt":474,"minecraft:wooden_axe":29,"minecraft:chipped_anvil":1,"spellbladenext:flaming_falchion":411,"minecraft:iron_axe":419,"minecraft:oak_stairs":117,"mythicmetals:aquarium_axe":48,"villagersplus:occultist_table":1,"minecraft:iron_boots":1,"minecraft:water_bucket":32,"minecraft:cobblestone_stairs":27,"minecraft:baked_potato":5,"mythicmetals:aquarium_shovel":347,"minecraft:cut_sandstone":6,"minecraft:cobblestone_slab":9,"minecraft:cracked_stone_bricks":1,"minecraft:oak_slab":12,"minecraft:crafting_table":7,"mcdar:buzzy_nest":1,"minecraft:red_bed":14,"minecraft:oak_log":451,"minecraft:diamond_pickaxe":923,"minecraft:iron_pickaxe":274,"simplyswords:gold_cutlass":29,"minecraft:stone_axe":266,"minecraft:pink_bed":1,"minecraft:cobblestone":149,"minecraft:bucket":31,"minecraft:sandstone_slab":44,"minecraft:glass_pane":52,"berserker_rpg:golden_berserker_axe":1},"minecraft:dropped":{"minecraft:moss_block":32,"artifality:balloon":2,"minecraft:porkchop":2,"clutter:clam":2,"minecraft:diamond":7,"spellbladenext:arcane_claymore":1,"minecraft:crossbow":4,"minecraft:lantern":1,"spell_engine:spell_binding":1,"minecraft:cracked_stone_bricks":2,"minecraft:saddle":1,"minecraft:leather_helmet":1,"farmersdelight:rice":1,"minecraft:item_frame":16,"twigs:pebble":2,"bewitchment:aconite_seeds":6,"minecraft:dirt":69,"mythicmounts:firebird_feather4":3,"minecraft:stone_button":1,"hybrid-aquatic:piranha":3,"minecraft:jungle_sapling":8,"minecraft:bone_meal":9,"minecraft:sand":9,"minecraft:iron_pickaxe":4,"spellbladenext:flaming_falchion":2,"bewitchment:belladonna_seeds":2,"twigs:twig":45,"minecraft:gold_ingot":2,"minecraft:bone":1,"mcdar:death_cap_mushroom":2,"minecraft:stone_axe":1,"regions_unexplored:raw_redstone_block":1,"minecraft:wheat":66,"minecraft:rotten_flesh":7,"tridents_n_stuff:prismarine_harpoon":5,"soaringstructures2:bunch_heavenly_petals":1,"archon:sky_gem":2,"patchouli:guide_book":1,"minecraft:chainmail_chestplate":2,"minecraft:tipped_arrow":52,"promenade:blunite":19,"minecraft:beetroot_seeds":1,"minecraft:acacia_sapling":1,"minecraft:leather_leggings":1,"spellbladenext:fire_claymore":1,"minecraft:iron_bars":5,"wizards:staff_arcane":1,"minecraft:enchanted_book":1,"minecraft:water_bucket":2,"minecraft:iron_ingot":24,"twigs:bamboo_leaves":13,"minecraft:wheat_seeds":21,"clutter:copper_coin":33,"spellbladenext:fire_orb":1,"minecraft:golden_axe":1,"minecraft:cobblestone":12,"minecraft:spruce_stairs":1,"minecraft:acacia_log":3,"witcher_rpg:dark_iron_witcher_sword":1,"minecraft:stick":58,"minecraft:cobweb":3,"illagerinvasion:platinum_chunk":1,"spellbladenext:spelloil":1,"mythicmetals:raw_aquarium":1,"minecraft:wooden_axe":1,"minecraft:iron_leggings":1,"bewitchment:garlic":1,"minecraft:iron_axe":1,"minecraft:jungle_boat":4,"paladins:diamond_claymore":1,"minecraft:iron_shovel":1,"minecraft:string":23,"minecraft:smooth_sandstone":8,"mythicmetals:aquarium_pickaxe":2,"mythicmetals:aquarium_ingot":2,"travellersbootsreloaded:travellers_boots_tier1":1,"mcdar:flaming_quiver":1,"minecraft:moss_carpet":4,"minecraft:stone_sword":4,"minecraft:chiseled_red_sandstone":1,"minecraft:polished_deepslate_slab":5,"spellbladenext:frost_orb":1,"minecraft:cobbled_deepslate_slab":1,"galosphere:silver_nugget":1,"minecraft:glass_pane":2,"spellbladenext:monkeystaff":1,"minecraft:diamond_sword":1,"minecraft:filled_map":1,"minecraft:shield":5,"bewitchment:mandrake_seeds":2,"minecraft:spruce_trapdoor":4,"minecraft:diamond_pickaxe":2,"minecraft:mossy_stone_bricks":1,"minecraft:golden_sword":2,"minecraft:oak_sapling":76,"minecraft:spider_eye":4,"minecraft:stone_bricks":1,"minecraft:sandstone":64,"berserker_rpg:golden_berserker_axe":1,"minecraft:stone_pickaxe":2,"minecraft:wooden_pickaxe":1,"minecraft:nautilus_shell":2,"spellbladenext:arcane_blade":2},"minecraft:broken":{"minecraft:iron_shovel":4,"minecraft:iron_boots":1,"simplyswords:gold_cutlass":1,"minecraft:iron_chestplate":1,"minecraft:stone_axe":2,"minecraft:stone_shovel":2,"mythicmetals:aquarium_pickaxe":1,"minecraft:iron_axe":2,"minecraft:iron_helmet":1,"minecraft:iron_pickaxe":1},"minecraft:mined":{"minecraft:cut_sandstone_slab":4,"minecraft:white_bed":1,"minecraft:oak_sapling":10,"minecraft:pink_bed":1,"minecraft:chiseled_red_sandstone":1,"minecraft:spruce_trapdoor":2,"minecraft:acacia_log":6,"minecraft:grass_block":493,"archon:cloud_iron":4,"minecraft:jungle_log":1,"archon:sky_node":2,"minecraft:hopper":1,"minecraft:chiseled_stone_bricks":2,"minerally:geode":1,"minecraft:iron_ore":12,"clutter:cow_plushie":1,"minecraft:polished_deepslate_slab":1,"minecraft:water_cauldron":6,"minecraft:iron_bars":12,"minecraft:oak_stairs":68,"minecraft:tripwire":1,"minecraft:sandstone_slab":19,"minecraft:cut_sandstone":43,"minecraft:red_bed":15,"graveyard:spruce_coffin":2,"minecraft:torch":20,"minecraft:poppy":1,"minecraft:melon":1,"galosphere:silver_ore":11,"minecraft:cobblestone":40,"minecraft:oak_planks":62,"minecraft:wall_torch":7,"mythicmetals:aquarium_ore":22,"mythicmetals:manganese_ore":20,"minecraft:grass":31,"minecraft:oak_log":204,"minecraft:loom":2,"minecraft:sand":551,"minecraft:dirt":683,"villagersplus:alchemist_table":1,"minecraft:tripwire_hook":1,"villagersplus:occultist_table":1,"minecraft:stonecutter":2,"minecraft:cut_red_sandstone":1,"minecraft:oak_leaves":19,"soulsweapons:verglas_ore":1,"minecraft:mossy_cobblestone":1,"minecraft:jack_o_lantern":1,"minecraft:glow_lichen":3,"mythicmetals:silver_ore":15,"minecraft:moss_block":39,"regions_unexplored:raw_redstone_block":2,"minecraft:sandstone":392,"minecraft:hay_block":13,"minerally:redstone_pile_0":1,"minecraft:redstone_ore":4,"minecraft:oak_trapdoor":10,"minecraft:furnace":2,"mythicmetals:kyber_ore":1,"minerally:redstone_pile_1":1,"mythicmetals:tin_ore":5,"treechop:chopped_log":43,"minecraft:vine":2,"bewitchment:salt_ore":8,"minecraft:lantern":8,"mythicmetals:runite_ore":2,"regions_unexplored:medium_grass":1,"minecraft:bamboo":7,"minecraft:stone":821,"minecraft:bone_block":15,"minecraft:oak_slab":3,"minecraft:acacia_leaves":11,"minecraft:scaffolding":10,"minecraft:glass_pane":14,"promenade:blunite":38,"minecraft:stone_brick_slab":1,"minecraft:oak_fence":1,"minecraft:smooth_sandstone":13,"minecraft:crafting_table":3,"minerally:redstone_pile":1,"clutter:pearl_clam_block":3,"minecraft:tall_grass":4,"minecraft:copper_ore":10,"minecraft:dried_kelp_block":27,"spell_engine:spell_binding":4,"minecraft:coal_ore":45,"minecraft:gravel":1,"minecraft:cobweb":15,"minecraft:cracked_stone_bricks":2,"minecraft:stone_bricks":13,"minecraft:mossy_stone_bricks":4,"minecraft:chipped_anvil":1,"minecraft:fern":5}},"DataVersion":3465}