{"stats":{"minecraft:killed":{"wildlife:lark":1},"minecraft:picked_up":{"tridents_n_stuff:prismarine_harpoon":5,"clutter:clam":1,"farmersdelight:rice":1,"spellbladenext:frost_orb":1,"minecraft:shield":1,"mcdar:flaming_quiver":1,"minecraft:string":1,"minecraft:dried_kelp_block":27,"minecraft:rotten_flesh":1,"minecraft:hay_block":13,"bewitchment:mandrake_seeds":1},"minecraft:killed_by":{"mutantmonsters:mutant_skeleton":2},"minecraft:custom":{"minecraft:time_since_rest":19927,"lootr:looted_stat":37,"minecraft:sprint_one_cm":113793,"minecraft:damage_taken":757,"minecraft:walk_one_cm":93216,"minecraft:mob_kills":1,"minecraft:drop":11,"minecraft:damage_dealt":111,"minecraft:interact_with_crafting_table":3,"minecraft:swim_one_cm":29464,"minecraft:talked_to_villager":1,"minecraft:fly_one_cm":129755,"minecraft:crouch_one_cm":3154,"minecraft:play_time":41036,"minecraft:deaths":2,"minecraft:sneak_time":851,"minecraft:bell_ring":3,"minecraft:walk_under_water_one_cm":117,"minecraft:interact_with_brewingstand":1,"minecraft:jump":517,"minecraft:damage_dealt_resisted":0,"minecraft:leave_game":1,"minecraft:time_since_death":19900,"minecraft:walk_on_water_one_cm":4127,"minecraft:total_world_time":41036,"minecraft:interact_with_smoker":3,"minecraft:hex":0,"minecraft:fall_one_cm":11015},"minecraft:crafted":{"minecraft:bread":28,"minecraft:wheat":117},"minecraft:used":{"minecraft:water_bucket":2,"spellbladenext:frost_orb":1,"minecraft:baked_potato":5,"simplyswords:gold_cutlass":2,"minecraft:bucket":2},"minecraft:dropped":{"minecraft:water_bucket":1,"mcdar:flaming_quiver":1,"bewitchment:mandrake_seeds":1,"clutter:clam":1,"minecraft:wheat":64,"minecraft:leather_leggings":1,"tridents_n_stuff:prismarine_harpoon":5,"spellbladenext:frost_orb":1,"minecraft:string":1,"minecraft:leather_helmet":1,"farmersdelight:rice":1},"minecraft:mined":{"minecraft:hay_block":13,"clutter:pearl_clam_block":2,"minecraft:tall_grass":1,"minecraft:dried_kelp_block":27}},"DataVersion":3465}