{"stats":{"minecraft:killed":{"minecraft:spider":1,"wildlife:lark":1,"minecraft:skeleton":2,"minecraft:zombie":2},"minecraft:picked_up":{"clutter:clam":1,"tridents_n_stuff:prismarine_harpoon":5,"farmersdelight:rice":1,"minecraft:diamond_sword":1,"minecraft:oak_log":11,"minecraft:shield":1,"bewitchment:aconite_seeds":1,"minecraft:dirt":37,"minecraft:string":2,"minecraft:moss_carpet":1,"minecraft:wheat_seeds":2,"twigs:pebble":1,"bewitchment:mandrake_seeds":1,"minecraft:moss_block":1,"twigs:twig":4,"minecraft:acacia_sapling":1,"minecraft:oak_planks":2,"minecraft:stick":3,"patchouli:guide_book":1,"minecraft:torch":1,"minecraft:acacia_log":1,"minecraft:spruce_stairs":1,"minecraft:sand":8,"spellbladenext:frost_orb":1,"mcdar:flaming_quiver":1,"clutter:copper_coin":14,"minecraft:arrow":4,"minecraft:dried_kelp_block":27,"minecraft:rotten_flesh":2,"minecraft:hay_block":13,"minecraft:oak_sapling":2,"minecraft:cobblestone":12},"minecraft:killed_by":{"mutantmonsters:mutant_skeleton":2,"minecraft:spider":1},"minecraft:custom":{"lootr:looted_stat":45,"minecraft:mob_kills":7,"minecraft:interact_with_crafting_table":10,"minecraft:open_barrel":18,"minecraft:bell_ring":3,"minecraft:damage_dealt_resisted":0,"minecraft:leave_game":2,"minecraft:time_since_death":18895,"minecraft:hex":0,"minecraft:time_since_rest":18924,"minecraft:sprint_one_cm":144592,"minecraft:damage_taken":807,"minecraft:walk_one_cm":150404,"minecraft:damage_blocked_by_shield":200,"minecraft:drop":25,"minecraft:damage_dealt":1812,"minecraft:talked_to_villager":1,"minecraft:swim_one_cm":29464,"minecraft:fly_one_cm":185154,"minecraft:crouch_one_cm":4237,"minecraft:sneak_time":1200,"minecraft:play_time":66846,"minecraft:deaths":3,"minecraft:walk_under_water_one_cm":117,"minecraft:jump":713,"minecraft:interact_with_brewingstand":1,"minecraft:interact_with_blast_furnace":1,"minecraft:walk_on_water_one_cm":4968,"minecraft:interact_with_smoker":3,"minecraft:total_world_time":66846,"minecraft:fall_one_cm":12478},"minecraft:crafted":{"minecraft:oak_planks":20,"minecraft:stone_shovel":2,"minecraft:crafting_table":2,"minecraft:wooden_pickaxe":1,"minecraft:bread":28,"minecraft:iron_boots":1,"minecraft:iron_chestplate":1,"minecraft:stick":8,"minecraft:wooden_axe":1,"minecraft:torch":8,"minecraft:wheat":117},"minecraft:used":{"minecraft:water_bucket":3,"minecraft:stone_shovel":51,"minecraft:baked_potato":5,"minecraft:oak_planks":2,"minecraft:wooden_pickaxe":19,"minecraft:shield":4,"minecraft:torch":1,"minecraft:crafting_table":2,"minecraft:wooden_axe":23,"spellbladenext:frost_orb":1,"simplyswords:gold_cutlass":29,"minecraft:diamond_sword":13,"minecraft:bucket":3},"minecraft:dropped":{"minecraft:water_bucket":1,"mcdar:flaming_quiver":1,"minecraft:moss_carpet":1,"minecraft:wheat_seeds":2,"clutter:clam":1,"minecraft:wheat":64,"clutter:copper_coin":14,"tridents_n_stuff:prismarine_harpoon":5,"spellbladenext:frost_orb":1,"minecraft:spruce_stairs":1,"minecraft:leather_helmet":1,"patchouli:guide_book":1,"farmersdelight:rice":1,"minecraft:filled_map":1,"bewitchment:aconite_seeds":1,"twigs:pebble":1,"bewitchment:mandrake_seeds":1,"minecraft:acacia_sapling":1,"minecraft:oak_sapling":2,"minecraft:leather_leggings":1,"minecraft:string":2,"twigs:twig":5},"minecraft:broken":{"simplyswords:gold_cutlass":1},"minecraft:mined":{"minecraft:acacia_leaves":3,"minecraft:torch":1,"minecraft:acacia_log":2,"minecraft:grass_block":36,"clutter:pearl_clam_block":2,"minecraft:tall_grass":1,"minecraft:dried_kelp_block":27,"minecraft:moss_block":1,"minecraft:oak_planks":2,"minecraft:hay_block":13,"minecraft:grass":6,"minecraft:oak_log":12,"minecraft:gravel":1,"minecraft:sand":9,"minecraft:dirt":5,"minecraft:stone":12,"minecraft:oak_leaves":8}},"DataVersion":3465}