{"stats":{"minecraft:killed":{"guardvillagers:guard":8,"graveyard:wraith":8,"minecraft:skeleton":67,"graveyard:acolyte":18,"minecraft:cat":1,"minecraft:iron_golem":2,"endermanoverhaul:savanna_enderman":1,"minecraft:pillager":8,"archon:mana_leech":5,"minecraft:zombie":87,"wildlife:milk_snake":1,"minecraft:cow":19,"graveyard:corrupted_vindicator":8,"minecraft:vindicator":2,"minecraft:horse":6,"minecraft:enderman":1,"minecraft:witch":3,"minecraft:spider":18,"minecraft:silverfish":28,"species:limpet":1,"minecraft:zombie_villager":3,"minecraft:creeper":8,"minecraft:sheep":2,"minecraft:mooshroom":1,"meadow:wooly_cow":3,"graveyard:corrupted_pillager":7,"promenade:duck":5,"bewitchment:ghost":4,"minecraft:phantom":5,"minecraft:drowned":22,"mythicmobs:chupacabra":1,"hybrid-aquatic:oscar":1,"mutantmonsters:mutant_zombie":1,"minecraft:wither_skeleton":1,"minecraft:player":1},"minecraft:picked_up":{"minecraft:iron_chestplate":1,"wizards:staff_arcane":1,"minecraft:chainmail_boots":5,"minecraft:suspicious_stew":1,"minecraft:oak_stairs":5,"minecraft:enchanted_book":3,"minecraft:brewing_stand":1,"minecraft:golden_sword":1,"minecraft:amethyst_block":1,"minecraft:soul_soil":1,"minecraft:string":37,"mythicmetals:raw_aquarium":2,"minecraft:cooked_salmon":43,"graveyard:sarcophagus":3,"minecraft:gold_nugget":3,"minecraft:cobbled_deepslate":283,"bosses_of_mass_destruction:soul_star":2,"minecraft:written_book":2,"minecraft:melon_slice":3,"paladins:diamond_claymore":1,"witcher_rpg:meteorite":1,"minecraft:acacia_log":18,"spellbladenext:whirlwindoil":2,"spellbladenext:flaming_falchion":3,"minecraft:green_terracotta":6,"minecraft:pink_terracotta":6,"mutantmonsters:mutant_skeleton_pelvis":1,"minecraft:stone_sword":4,"mythicmetals:raw_manganese":6,"farmersdelight:onion":8,"minecraft:cyan_terracotta":8,"farmersdelight:rope":11,"minecraft:white_terracotta":4,"minecraft:netherite_chestplate":1,"minecraft:iron_bars":1,"minecraft:feather":14,"minecraft:polished_diorite_slab":1,"minecraft:cooked_beef":19,"minecraft:iron_door":1,"minecraft:water_bucket":2,"minecraft:jungle_log":5,"minecraft:smoker":3,"minecraft:flint":1,"minecraft:stripped_spruce_wood":7,"minecraft:magenta_terracotta":3,"minecraft:lantern":28,"lootr:trophy":1,"minecraft:chipped_anvil":3,"minecraft:gray_terracotta":1,"graveyard:white_urn":2,"galosphere:raw_silver":8,"minecraft:moss_block":16,"minecraft:lime_terracotta":3,"archon:earth_gem":4,"artifality:harvest_staff":1,"minecraft:red_terracotta":5,"regions_unexplored:hyssop":5,"minecraft:dispenser":1,"minecraft:blue_terracotta":3,"minecraft:writable_book":1,"minecraft:bread":3,"bewitchment:ectoplasm":4,"minecraft:bricks":2,"minecraft:diamond_pickaxe":5,"minecraft:crafting_table":4,"mutantmonsters:mutant_skeleton_arms":1,"minecraft:nether_wart":8,"minecraft:leather_leggings":1,"graveyard:soul_fire_brazier":6,"dungeonnowloading:spawner_fragment":13,"clutter:raw_silver":10,"minecraft:cracked_stone_bricks":2,"minecraft:beef":58,"spellbladenext:fire_claymore":1,"minecraft:iron_nugget":27,"minecraft:poppy":6,"minecraft:spruce_slab":1,"mythicmetals:raw_mythril":2,"minecraft:chest":11,"spellbladenext:arcane_blade":1,"minecraft:egg":2,"minecraft:polished_deepslate_slab":9,"wizards:wizard_robe_legs":1,"minecraft:spruce_fence":1,"minecraft:fire_charge":1,"farmersdelight:tomato_seeds":2,"mythicmetals:raw_tin":19,"graveyard:dark_iron_bars":1,"graveyard:small_cyan_urn":2,"minecraft:redstone":2,"mcdar:flaming_quiver":4,"mcda:phantom_bones":2,"minecraft:deepslate_bricks":1,"minecraft:hay_block":9,"minecraft:cracked_deepslate_bricks":2,"minecraft:yellow_terracotta":6,"minecraft:gold_ingot":5,"minecraft:glow_berries":1,"minecraft:rail":10,"soaringstructures2:bunch_heavenly_petals":3,"minecraft:stripped_oak_log":19,"mythicmounts:firebird_feather4":1,"epicknightsnmages:citrin_gem":24,"minecraft:tripwire_hook":2,"minecraft:filled_map":5,"smallships:spruce_drakkar":1,"graveyard:small_light_gray_urn":1,"graveyard:spruce_coffin":1,"minecraft:oak_log":193,"promenade:palm_sapling":2,"bewitchment:aconite_seeds":1,"mutantmonsters:mutant_skeleton_limb":8,"minecraft:paper":5,"minecraft:stone_bricks":47,"minecraft:stone_pickaxe":1,"minecraft:cobweb":16,"artifacts:steadfast_spikes":1,"minecraft:glass_bottle":27,"minecraft:iron_sword":2,"spellbladenext:arcane_claymore":1,"minecraft:sweet_berries":18,"minecraft:spyglass":1,"clutter:cotton_seeds":1,"minecraft:leather_helmet":3,"promenade:palm_planks":1,"minecraft:firework_rocket":8,"regions_unexplored:fireweed":4,"minecraft:stone_axe":2,"spellbladenext:spelloil":1,"minecraft:diamond_axe":1,"minecraft:painting":7,"minecraft:baked_potato":2,"minecraft:melon_seeds":7,"minecraft:ender_pearl":4,"clutter:clam":2,"archon:magical_bookshelf":11,"minecraft:wheat":89,"illagerinvasion:platinum_chunk":7,"bewitchment:dragons_blood_sapling":2,"travellersbootsreloaded:travellers_boots_tier1":2,"soulsweapons:moonstone":5,"minecraft:raw_copper":16,"mutantmonsters:mutant_skeleton_skull":1,"minecraft:iron_leggings":1,"minecraft:sticky_piston":1,"mcdar:iron_hide_amulet":1,"minecraft:deepslate_tiles":5,"minecraft:bucket":2,"minecraft:cobblestone_slab":2,"minecraft:calcite":1,"minecraft:iron_pickaxe":2,"regions_unexplored:redwood_log":3,"vinery:jungle_grape_seeds_white":10,"minecraft:iron_boots":4,"minecraft:furnace":3,"minecraft:stick":62,"clutter:cow_plushie":2,"soaringstructures2:heavenly_cup":1,"minecraft:brown_terracotta":2,"minecraft:torch":10,"minecraft:spruce_stairs":2,"minecraft:porkchop":2,"spellbladenext:frost_orb":1,"artifality:balloon":1,"minecraft:pointed_dripstone":21,"mythicmetals:morkite":52,"regions_unexplored:daisy":4,"mutantmonsters:hulk_hammer":1,"minecraft:rotten_flesh":281,"graveyard:gray_urn":1,"minecraft:obsidian":19,"mutantmonsters:mutant_skeleton_shoulder_pad":2,"minecraft:deepslate_brick_stairs":1,"twigs:tangerine_seashell":1,"minecraft:blaze_powder":8,"minecraft:cod":50,"archon:cloudshot_tome":2,"minecraft:cobblestone":1830,"spellbladenext:monkeystaff":2,"minecraft:potato":1,"mythicmounts:firebird_feather2":2,"paraglider:spirit_orb":6,"minecraft:tuff":4,"minecraft:wither_skeleton_skull":2,"minecraft:lapis_lazuli":9,"minecraft:dirt":593,"promenade:cooked_duck":11,"minecraft:leather_boots":2,"minecraft:glass":2,"minecraft:bone":132,"minecraft:acacia_planks":10,"minecraft:bow":7,"minecraft:wheat_seeds":64,"minecraft:raw_gold":52,"minecraft:cobbled_deepslate_slab":2,"minecraft:grindstone":1,"minecraft:mossy_stone_bricks":7,"twigs:twig":55,"meadow:umbra_wool":6,"minecraft:oak_planks":16,"minecraft:mossy_stone_brick_stairs":1,"clutter:rare_coin_pouch":2,"minecraft:black_terracotta":8,"minecraft:cooked_porkchop":1,"graveyard:bone_dagger":3,"minecraft:jungle_planks":4,"minecraft:sand":63,"mythicmetals:raw_quadrillum":1,"minecraft:grass_block":1,"minecraft:spectral_arrow":5,"minecraft:jungle_slab":1,"minecraft:mossy_cobblestone":1,"galosphere:silver_nugget":8,"minecraft:light_gray_terracotta":4,"clutter:copper_coin":21,"minecraft:sugar":4,"minecraft:light_blue_terracotta":2,"minecraft:diamond":16,"minecraft:netherite_helmet":1,"minecraft:soul_lantern":2,"minecraft:crossbow":8,"regions_unexplored:redwood_shrub":1,"minecraft:bone_meal":15,"minecraft:golden_apple":3,"minecraft:emerald":56,"mcdar:buzzy_nest":1,"minecraft:oak_sapling":94,"tridents_n_stuff:prismarine_harpoon":5,"minecraft:charcoal":7,"minecraft:chicken":1,"minecraft:ladder":6,"archon:clearing_breeze_tome":1,"minecraft:stone_brick_wall":2,"digs_dnd_origins:black_scale":13,"promenade:blunite":27,"minecraft:shield":5,"minecraft:brick":4,"minecraft:oak_trapdoor":5,"minecraft:moss_carpet":4,"minecraft:iron_axe":2,"epicknightsnmages:moonlight_gem":2,"livingthings:banana":1,"minecraft:quartz_slab":4,"minecraft:item_frame":37,"graveyard:corruption":35,"clutter:uncommon_coin_pouch":1,"mythicmobs:chupacabra_raw_meat":1,"mcdar:golem_kit":1,"minecraft:observer":1,"minecraft:lectern":1,"minecraft:phantom_membrane":5,"minecraft:raw_iron":53,"minecraft:copper_ingot":2,"runes:fire_stone":8,"minecraft:stone_button":1,"meadow:inky_wool":2,"berserker_rpg:golden_berserker_axe":1,"mythicmetals:aquarium_pickaxe":1,"minecraft:dark_oak_planks":1,"minecraft:stone_pressure_plate":5,"minecraft:purple_terracotta":3,"bewitchment:garlic":5,"clutter:bonfire":1,"minecraft:arrow":127,"xtraarrows:vex_wing":9,"galosphere:silver_upgrade_smithing_template":1,"mutantmonsters:mutant_skeleton_rib":15,"minecraft:saddle":2,"witcher_rpg:dark_iron_witcher_sword":2,"minecraft:skeleton_skull":17,"minecraft:cracked_deepslate_tiles":3,"mcdar:updraft_tome":3,"minecraft:jungle_boat":5,"minecraft:salmon":85,"minecraft:leather":30,"mcdar:death_cap_mushroom":2,"minecraft:chainmail_chestplate":1,"minecraft:gunpowder":11,"regions_unexplored:tassel":2,"regions_unexplored:small_oak_sapling":6,"minecraft:cooked_mutton":12,"promenade:palm_log":9,"minecraft:gray_carpet":2,"bewitchment:mandrake_seeds":11,"minecraft:spruce_wood":42,"minecraft:iron_ingot":39,"minecraft:acacia_sapling":13,"minecraft:book":286,"minecraft:pink_bed":1,"minecraft:scaffolding":2,"minecraft:oak_slab":13,"minecraft:chiseled_stone_bricks":3,"minecraft:stone_brick_slab":8,"minecraft:dandelion":2,"bewitchment:belladonna_seeds":7,"minecraft:amethyst_shard":14,"bewitchment:salt":21,"minecraft:blast_furnace":1,"minecraft:mossy_stone_brick_slab":6,"minecraft:spider_eye":12,"minecraft:dried_kelp_block":24,"regions_unexplored:silver_birch_log":1,"minecraft:iron_helmet":2,"mythicmetals:aquarium_ingot":2,"minecraft:terracotta":5,"qu-enchantments:rune_5":3,"minecraft:damaged_anvil":3,"minecraft:netherite_hoe":1,"minecraft:coal":214,"regions_unexplored:small_oak_log":9},"minecraft:killed_by":{"minecraft:zombie":4,"minecraft:witch":5,"minecraft:skeleton":2},"minecraft:custom":{"minecraft:interact_with_crafting_table":65,"minecraft:open_barrel":119,"minecraft:leave_game":9,"minecraft:time_since_death":1715,"minecraft:damage_blocked_by_shield":220,"minecraft:play_time":808027,"minecraft:deaths":16,"minecraft:jump":5479,"minecraft:enchant_item":3,"minecraft:interact_with_furnace":15,"minecraft:interact_with_cartography_table":1,"minecraft:sleep_in_bed":4,"minecraft:damage_dealt":78182,"minecraft:interact_with_smoker":2,"minecraft:inspect_dispenser":1,"minecraft:horse_one_cm":733762,"minecraft:inspect_dropper":1,"minecraft:interact_with_anvil":6,"minecraft:inspect_hopper":1,"minecraft:sneak_time":27176,"minecraft:interact_with_lectern":2,"minecraft:interact_with_blast_furnace":4,"minecraft:total_world_time":808027,"minecraft:tune_noteblock":3,"minecraft:time_since_rest":1739,"minecraft:swim_one_cm":148193,"minecraft:fly_one_cm":653291,"minecraft:open_chest":682,"minecraft:fall_one_cm":231577,"lootr:looted_stat":132,"minecraft:damage_resisted":0,"minecraft:sprint_one_cm":496160,"minecraft:drop":143,"minecraft:talked_to_villager":18,"minecraft:interact_with_brewingstand":8,"minecraft:walk_on_water_one_cm":49767,"minecraft:interact_with_loom":1,"minecraft:open_enderchest":1,"minecraft:player_kills":7,"minecraft:crouch_one_cm":131152,"minecraft:mob_kills":373,"minecraft:damage_dealt_resisted":16000,"minecraft:climb_one_cm":15759,"minecraft:walk_one_cm":1616602,"minecraft:walk_under_water_one_cm":98523,"minecraft:boat_one_cm":19088,"minecraft:interact_with_grindstone":10,"minecraft:hex":152,"minecraft:damage_taken":17644,"minecraft:damage_absorbed":120,"minecraft:threat":47},"minecraft:dropped":{"minecraft:glass_bottle":6,"minecraft:diamond":6,"minecraft:crafting_table":1,"spellbladenext:arcane_claymore":1,"minecraft:crossbow":2,"vinery:jungle_grape_seeds_white":2,"minecraft:emerald":9,"mcdar:updraft_tome":2,"minecraft:dirt":15,"mythicmounts:firebird_feather4":1,"minecraft:wooden_sword":1,"minecraft:iron_pickaxe":3,"bewitchment:belladonna_seeds":3,"mcdar:death_cap_mushroom":2,"minecraft:stone_axe":1,"bewitchment:salt":15,"minecraft:cobbled_deepslate":19,"minecraft:wheat":6,"minecraft:rotten_flesh":39,"minecraft:oak_planks":6,"minecraft:salmon":29,"minecraft:deepslate_tiles":1,"minecraft:charcoal":7,"minecraft:jungle_log":5,"mutantmonsters:mutant_skeleton_arms":1,"mcdar:golem_kit":1,"farmersdelight:tomato_seeds":2,"minecraft:iron_ingot":7,"regions_unexplored:fireweed":1,"minecraft:wheat_seeds":2,"clutter:copper_coin":13,"minecraft:cobblestone":10,"minecraft:book":14,"bewitchment:dragons_blood_sapling":3,"minecraft:golden_apple":1,"minecraft:cobweb":5,"paladins:diamond_claymore":1,"minecraft:string":1,"minecraft:acacia_planks":1,"mythicmetals:aquarium_pickaxe":1,"travellersbootsreloaded:travellers_boots_tier1":1,"minecraft:bricks":2,"minecraft:polished_diorite_slab":1,"minecraft:stone_sword":1,"minecraft:iron_boots":1,"wizards:wizard_robe_legs":1,"jewelry:copper_ring":1,"minecraft:potato":1,"bewitchment:mandrake_seeds":1,"minecraft:diamond_pickaxe":2,"minecraft:stone_bricks":1,"berserker_rpg:golden_berserker_axe":1,"archon:earth_gem":4,"spellbladenext:arcane_blade":1,"mutantmonsters:mutant_skeleton_rib":10,"minecraft:moss_block":1,"minecraft:oak_log":152,"minecraft:cod":25,"farmersdelight:onion":4,"spellbladenext:flaming_falchion":3,"twigs:twig":4,"mythicmetals:raw_quadrillum":3,"archon:cloudshot_tome":2,"minecraft:cooked_mutton":4,"minecraft:poppy":1,"spellbladenext:fire_claymore":1,"minecraft:written_book":2,"wizards:staff_arcane":1,"minecraft:water_bucket":1,"betternether:blue_obsidian":2,"minecraft:amethyst_block":1,"witcher_rpg:dark_iron_witcher_sword":2,"minecraft:stick":3,"inmis:plated_backpack":1,"mythicmetals:raw_aquarium":2,"minecraft:iron_leggings":1,"mcdar:flaming_quiver":3,"minecraft:sweet_berries":12,"mcdar:iron_hide_amulet":1,"minecraft:tuff":1,"qu-enchantments:rune_5":2,"minecraft:wither_skeleton_skull":1,"spellbladenext:frost_orb":1,"spellbladenext:monkeystaff":2,"minecraft:filled_map":3,"minecraft:shield":3,"mcdar:buzzy_nest":1,"minecraft:oak_sapling":6,"minecraft:wooden_pickaxe":1,"minecraft:calcite":1},"minecraft:used":{"minecraft:poppy":2,"minecraft:ladder":3,"minecraft:chest":21,"lootr:trophy":2,"graveyard:white_urn":2,"graveyard:vase_block":13,"travellersbootsreloaded:travellers_boots_tier1":4,"mythicmounts:firebird_feather2":2,"minecraft:furnace":5,"minecraft:egg":1,"minecraft:damaged_anvil":3,"simplyswords:brimstone_claymore":483,"minecraft:jungle_boat":4,"minecraft:golden_apple":3,"minecraft:glow_berries":4,"minecraft:sand":29,"minecraft:blast_furnace":1,"minecraft:lectern":1,"minecraft:soul_lantern":6,"minecraft:wooden_sword":45,"clutter:cow_plushie":2,"spellbladenext:monkeystaff":149,"minecraft:torch":19,"minecraft:brewing_stand":1,"minecraft:chipped_anvil":3,"minecraft:iron_axe":341,"spellbladenext:fire_claymore":18,"minecraft:barrel":3,"minecraft:acacia_planks":2,"minecraft:cobbled_deepslate":25,"promenade:palm_planks":1,"minecraft:water_bucket":75,"mythicmetals:aquarium_shovel":53,"minecraft:salmon":5,"minecraft:crafting_table":1,"minecraft:campfire":1,"minecraft:cake":1,"minecraft:oak_log":2,"minecraft:diamond_pickaxe":2553,"minecraft:iron_pickaxe":75,"minecraft:pink_bed":1,"minecraft:cobblestone":278,"minecraft:stripped_oak_log":3,"berserker_rpg:golden_berserker_axe":6,"minecraft:iron_shovel":201,"minecraft:shield":8,"minecraft:iron_sword":199,"paraglider:goddess_statue":1,"mythicmetals:mythril_sword":90,"witcher_rpg:dark_iron_witcher_sword":4,"graveyard:gray_urn":1,"smallships:spruce_drakkar":1,"spellbladenext:frost_orb":7,"minecraft:spruce_wood":35,"minecraft:lantern":28,"minecraft:stone_bricks":7,"minecraft:item_frame":3,"minecraft:golden_sword":35,"minecraft:stripped_spruce_wood":6,"bewitchment:garlic":1,"clutter:bonfire":2,"minecraft:diamond_boots":1,"minecraft:stone_pickaxe":121,"minecraft:oak_planks":44,"paladins:diamond_claymore":1,"minecraft:diamond_axe":244,"graveyard:spruce_coffin":1,"minecraft:crossbow":1,"minecraft:sticky_piston":1,"regions_unexplored:fireweed":2,"minecraft:bread":167,"clutter:clam":1,"minecraft:grindstone":1,"minecraft:experience_bottle":38,"graveyard:sarcophagus":3,"minecraft:flint_and_steel":11,"minecraft:dirt":310,"minecraft:dark_oak_planks":1,"minecraft:oak_stairs":1,"minecraft:iron_boots":3,"twigs:tangerine_seashell":1,"minecraft:cooked_mutton":4,"minecraft:baked_potato":2,"minecraft:cobblestone_slab":2,"mcdar:buzzy_nest":3,"graveyard:soul_fire_brazier":6,"minecraft:painting":7,"bosses_of_mass_destruction:soul_star":1,"minecraft:smoker":3,"minecraft:bucket":76,"minecraft:pumpkin_pie":5,"minecraft:chainmail_leggings":1},"minecraft:crafted":{"mutantmonsters:mutant_skeleton_leggings":1,"mythicmetals:aquarium_shovel":2,"minecraft:bookshelf":12,"mutantmonsters:mutant_skeleton_boots":1,"minecraft:copper_ingot":27,"minecraft:campfire":1,"minecraft:iron_pickaxe":1,"minecraft:diamond_boots":1,"minecraft:spruce_boat":3,"minecraft:lead":3,"minecraft:coal_block":1,"minecraft:enchanting_table":1,"mythicmetals:mythril_sword":2,"minecraft:iron_shovel":1,"minecraft:iron_leggings":1,"minecraft:oak_planks":156,"inmis:baby_backpack":2,"mutantmonsters:mutant_skeleton_arms":1,"minecraft:iron_boots":1,"minecraft:chest":15,"promenade:palm_planks":36,"smallships:spruce_drakkar":1,"minecraft:crafting_table":1,"minecraft:wooden_pickaxe":1,"minecraft:iron_chestplate":1,"minecraft:diamond_pickaxe":1,"inmis:plated_backpack":4,"minecraft:stick":30,"minecraft:iron_ingot":5,"inmis:frayed_backpack":4,"inmis:gilded_backpack":3,"inmis:bejeweled_backpack":1,"mythicmetals:mythril_ingot":4,"minecraft:iron_axe":2,"minecraft:iron_sword":1,"clutter:bonfire":1,"minecraft:bread":38,"minecraft:air":0,"minecraft:jungle_planks":20,"regions_unexplored:redwood_planks":12,"mythicmetals:aquarium_nugget":18,"minecraft:acacia_planks":24,"minecraft:torch":8,"mythicmetals:aquarium_ingot":2},"minecraft:broken":{"minecraft:golden_boots":1,"minecraft:iron_boots":1,"minecraft:iron_leggings":1,"minecraft:golden_sword":1,"mutantmonsters:mutant_skeleton_boots":1,"minecraft:leather_helmet":1,"immersive_armors:wooden_chestplate":1,"minecraft:iron_axe":2,"minecraft:iron_helmet":1,"mutantmonsters:mutant_skeleton_skull":1,"minecraft:iron_shovel":1,"minecraft:leather_leggings":1,"mutantmonsters:mutant_skeleton_leggings":1,"immersive_armors:warrior_chestplate":1,"immersive_armors:wither_helmet":1},"minecraft:mined":{"minecraft:dark_oak_planks":1,"graveyard:gray_urn":1,"minecraft:black_terracotta":8,"minecraft:jungle_leaves":2,"mythicmetals:deepslate_morkite_ore":10,"minecraft:obsidian":19,"minecraft:acacia_log":4,"minecraft:stone_brick_wall":2,"clutter:deepslate_silver_ore":3,"minecraft:jungle_log":5,"minecraft:deepslate_bricks":1,"minecraft:chiseled_stone_bricks":3,"minecraft:spawner":3,"minecraft:sticky_piston":1,"minecraft:fire":20,"minecraft:moss_carpet":2,"clutter:cow_plushie":2,"minecraft:polished_deepslate_slab":4,"minecraft:dirt_path":1,"minecraft:oak_stairs":7,"minecraft:quartz_slab":3,"minecraft:deepslate_brick_stairs":1,"minecraft:spruce_wood":39,"minecraft:tripwire":3,"minecraft:smoker":3,"minecraft:torch":5,"minecraft:blast_furnace":1,"minecraft:dead_bush":2,"minerally:deepslate_copper_pile":1,"minecraft:polished_diorite_slab":1,"minecraft:damaged_anvil":3,"minecraft:bricks":2,"minecraft:skeleton_skull":2,"minecraft:white_terracotta":4,"minecraft:grass":38,"artifality:medium_lunar_crystal_cluster":1,"archon:earth_node":4,"twigs:rhyolite":1,"minecraft:deepslate":230,"minecraft:yellow_terracotta":6,"minecraft:deepslate_tiles":5,"minecraft:mossy_cobblestone":1,"epicknightsnmages:deepslate_citrin_ore":12,"promenade:palm_planks":1,"minecraft:cobbled_deepslate_slab":3,"minecraft:spruce_fence":1,"minecraft:jungle_planks":4,"minecraft:redstone_wire":2,"minerally:deepslate_iron_pile_1":1,"minecraft:moss_block":2,"minecraft:cartography_table":1,"mythicmetals:quadrillum_ore":1,"clutter:bonfire":1,"minecraft:andesite":1,"minecraft:green_terracotta":6,"mythicmetals:deepslate_mythril_ore":2,"minerally:deepslate_iron_pile":1,"minecraft:mossy_stone_brick_stairs":1,"graveyard:sarcophagus":3,"minecraft:cobblestone_slab":1,"minecraft:vine":2,"regions_unexplored:redwood_log":2,"minecraft:oak_slab":2,"minecraft:stone_brick_slab":6,"minecraft:observer":1,"galosphere:deepslate_silver_ore":8,"minecraft:dandelion":1,"minecraft:emerald_ore":7,"regions_unexplored:dead_leaves":1,"minecraft:tall_grass":33,"minecraft:copper_ore":6,"witcher_rpg:meteorite_ore":1,"minecraft:deepslate_gold_ore":15,"minecraft:cracked_deepslate_bricks":2,"minecraft:red_terracotta":5,"minerally:gold_rock":2,"graveyard:vase_block":19,"minecraft:stripped_spruce_wood":5,"minerally:iron_rock":1,"minecraft:cobweb":4,"minecraft:brown_terracotta":2,"minecraft:stone_bricks":49,"minecraft:chipped_anvil":3,"minecraft:fern":4,"minerally:deepslate_emerald_crystal_0":1,"minecraft:stone_pressure_plate":4,"minerally:deepslate_emerald_crystal_1":1,"minecraft:mossy_stone_brick_slab":2,"minecraft:jungle_slab":1,"minecraft:brewing_stand":1,"minecraft:grass_block":41,"twigs:twig":1,"minerally:deepslate_copper_pile_0":1,"minecraft:iron_ore":28,"graveyard:wither_skull_pile":1,"minecraft:spruce_slab":1,"minecraft:gray_terracotta":1,"graveyard:white_urn":2,"archon:magical_bookshelf":11,"minecraft:cyan_terracotta":8,"minecraft:soul_lantern":2,"graveyard:spruce_coffin":1,"minecraft:light_gray_terracotta":4,"minecraft:calcite":1,"minecraft:poppy":3,"minecraft:chest":11,"minerally:deepslate_emerald_crystal":1,"minecraft:cobblestone":61,"graveyard:skeleton_hand":1,"minecraft:grindstone":1,"minecraft:oak_planks":17,"minecraft:iron_door":1,"minecraft:wall_torch":2,"minecraft:light_blue_terracotta":2,"minecraft:blue_terracotta":3,"lootr:trophy":1,"mythicmetals:manganese_ore":5,"graveyard:skull_pile":1,"minecraft:cracked_deepslate_tiles":3,"minecraft:oak_log":80,"minecraft:lime_terracotta":3,"minecraft:sand":30,"minecraft:dirt":285,"mythicmetals:morkite_ore":3,"artifality:lunar_crystal_geode":2,"graveyard:small_cyan_urn":2,"minerally:deepslate_copper_pile_1":1,"minecraft:wither_skeleton_skull":1,"minecraft:oak_leaves":44,"minecraft:diamond_ore":6,"minecraft:tuff":4,"minecraft:deepslate_diamond_ore":8,"minecraft:ladder":6,"minecraft:purple_terracotta":3,"epicknightsnmages:deepslate_moonlight_ore":2,"minecraft:decorated_pot":2,"minecraft:soul_campfire":1,"minecraft:polished_andesite_slab":1,"minecraft:sandstone":1,"minecraft:hay_block":9,"graveyard:soul_fire_brazier":6,"minecraft:furnace":1,"mythicmetals:tin_ore":11,"treechop:chopped_log":14,"minerally:deepslate_iron_pile_0":1,"soulsweapons:moonstone_ore_deepslate":5,"minecraft:bookshelf":94,"minecraft:deepslate_iron_ore":18,"bewitchment:salt_ore":15,"minecraft:lantern":15,"minecraft:stripped_oak_log":19,"regions_unexplored:medium_grass":2,"minecraft:stone":1707,"minecraft:pink_terracotta":6,"minecraft:acacia_leaves":4,"minecraft:scaffolding":1,"promenade:blunite":29,"minecraft:infested_stone_bricks":24,"graveyard:small_light_gray_urn":1,"minecraft:crafting_table":2,"minecraft:cyan_stained_glass_pane":1,"minecraft:lectern":1,"minecraft:deepslate_coal_ore":6,"minecraft:spruce_stairs":2,"minecraft:magenta_terracotta":3,"regions_unexplored:redwood_leaves":1,"mythicmounts:firebird_feather2":1,"minecraft:coal_ore":157,"graveyard:leaning_skeleton":1,"minecraft:cracked_stone_bricks":3,"minecraft:terracotta":5,"minecraft:mossy_stone_bricks":7}},"DataVersion":3465}