{"stats":{"minecraft:killed":{"guardvillagers:guard":8,"minecraft:witch":2,"minecraft:spider":8,"minecraft:skeleton":12,"minecraft:zombie_villager":3,"minecraft:iron_golem":2,"minecraft:creeper":2,"minecraft:sheep":2,"minecraft:pillager":8,"minecraft:zombie":27,"minecraft:mooshroom":1,"meadow:wooly_cow":3,"wildlife:milk_snake":1,"minecraft:cow":19,"minecraft:vindicator":2,"bewitchment:ghost":3,"minecraft:phantom":2,"minecraft:horse":6,"minecraft:drowned":1,"minecraft:wither_skeleton":1,"minecraft:enderman":1},"minecraft:picked_up":{"minecraft:iron_chestplate":1,"minecraft:wheat":74,"minecraft:chainmail_boots":2,"illagerinvasion:platinum_chunk":6,"minecraft:suspicious_stew":1,"bewitchment:dragons_blood_sapling":2,"travellersbootsreloaded:travellers_boots_tier1":2,"minecraft:oak_stairs":1,"soulsweapons:moonstone":5,"minecraft:enchanted_book":1,"minecraft:brewing_stand":1,"minecraft:amethyst_block":1,"minecraft:string":15,"mythicmetals:raw_aquarium":2,"minecraft:raw_copper":16,"mutantmonsters:mutant_skeleton_skull":1,"minecraft:cooked_salmon":3,"minecraft:iron_leggings":1,"graveyard:sarcophagus":2,"minecraft:sticky_piston":1,"mcdar:iron_hide_amulet":1,"minecraft:cobbled_deepslate":264,"minecraft:bucket":1,"minecraft:written_book":2,"minecraft:calcite":1,"minecraft:iron_pickaxe":1,"minecraft:melon_slice":3,"vinery:jungle_grape_seeds_white":6,"regions_unexplored:redwood_log":3,"minecraft:iron_boots":3,"minecraft:stick":62,"clutter:cow_plushie":1,"minecraft:acacia_log":11,"minecraft:torch":7,"spellbladenext:whirlwindoil":1,"spellbladenext:frost_orb":1,"artifality:balloon":1,"mythicmetals:morkite":52,"mutantmonsters:mutant_skeleton_pelvis":1,"minecraft:rotten_flesh":158,"mythicmetals:raw_manganese":6,"farmersdelight:onion":8,"graveyard:gray_urn":1,"farmersdelight:rope":11,"mutantmonsters:mutant_skeleton_shoulder_pad":2,"minecraft:deepslate_brick_stairs":1,"minecraft:obsidian":19,"twigs:tangerine_seashell":1,"minecraft:cod":50,"minecraft:cobblestone":1254,"archon:cloudshot_tome":2,"minecraft:polished_diorite_slab":1,"minecraft:cooked_beef":19,"minecraft:water_bucket":1,"minecraft:jungle_log":5,"minecraft:potato":1,"minecraft:tuff":3,"minecraft:wither_skeleton_skull":2,"minecraft:lapis_lazuli":9,"minecraft:dirt":540,"minecraft:lantern":5,"minecraft:glass":2,"minecraft:leather_boots":2,"minecraft:bone":27,"minecraft:chipped_anvil":3,"minecraft:acacia_planks":6,"minecraft:wheat_seeds":38,"minecraft:raw_gold":52,"minecraft:cobbled_deepslate_slab":2,"graveyard:white_urn":1,"twigs:twig":54,"galosphere:raw_silver":8,"minecraft:moss_block":16,"meadow:umbra_wool":6,"clutter:rare_coin_pouch":2,"archon:earth_gem":4,"artifality:harvest_staff":1,"minecraft:jungle_planks":4,"minecraft:sand":30,"mythicmetals:raw_quadrillum":1,"minecraft:grass_block":1,"minecraft:jungle_slab":1,"minecraft:spectral_arrow":5,"galosphere:silver_nugget":7,"clutter:copper_coin":16,"minecraft:sugar":2,"minecraft:diamond":8,"minecraft:soul_lantern":1,"minecraft:crossbow":5,"minecraft:golden_apple":3,"minecraft:bread":3,"minecraft:emerald":33,"mcdar:buzzy_nest":1,"bewitchment:ectoplasm":2,"minecraft:oak_sapling":70,"minecraft:bricks":2,"minecraft:diamond_pickaxe":2,"tridents_n_stuff:prismarine_harpoon":5,"minecraft:charcoal":7,"minecraft:crafting_table":3,"mutantmonsters:mutant_skeleton_arms":1,"archon:clearing_breeze_tome":1,"minecraft:leather_leggings":1,"digs_dnd_origins:black_scale":9,"promenade:blunite":27,"minecraft:shield":5,"minecraft:oak_trapdoor":5,"minecraft:moss_carpet":4,"minecraft:iron_axe":1,"minecraft:quartz_slab":4,"clutter:raw_silver":10,"clutter:uncommon_coin_pouch":1,"minecraft:beef":58,"mcdar:golem_kit":1,"minecraft:iron_nugget":27,"minecraft:poppy":6,"minecraft:chest":1,"mythicmetals:raw_mythril":2,"minecraft:phantom_membrane":3,"minecraft:egg":1,"minecraft:raw_iron":52,"minecraft:polished_deepslate_slab":4,"minecraft:copper_ingot":2,"wizards:wizard_robe_legs":1,"runes:fire_stone":8,"minecraft:fire_charge":1,"farmersdelight:tomato_seeds":2,"mythicmetals:raw_tin":5,"meadow:inky_wool":2,"mythicmetals:aquarium_pickaxe":1,"mcdar:flaming_quiver":4,"minecraft:dark_oak_planks":1,"minecraft:arrow":47,"bewitchment:garlic":4,"galosphere:silver_upgrade_smithing_template":1,"mcda:phantom_bones":1,"mutantmonsters:mutant_skeleton_rib":15,"minecraft:gold_ingot":5,"witcher_rpg:dark_iron_witcher_sword":1,"minecraft:skeleton_skull":3,"mcdar:updraft_tome":3,"minecraft:stripped_oak_log":6,"mythicmounts:firebird_feather4":1,"epicknightsnmages:citrin_gem":24,"minecraft:jungle_boat":5,"minecraft:salmon":29,"minecraft:leather":30,"mcdar:death_cap_mushroom":2,"minecraft:filled_map":5,"minecraft:oak_log":167,"minecraft:gunpowder":7,"promenade:palm_sapling":2,"bewitchment:aconite_seeds":1,"mutantmonsters:mutant_skeleton_limb":8,"minecraft:paper":5,"regions_unexplored:small_oak_sapling":4,"minecraft:cooked_mutton":12,"promenade:palm_log":9,"minecraft:stone_bricks":7,"bewitchment:mandrake_seeds":5,"minecraft:iron_ingot":37,"minecraft:stone_pickaxe":1,"minecraft:cobweb":9,"artifacts:steadfast_spikes":1,"minecraft:glass_bottle":8,"minecraft:iron_sword":2,"minecraft:acacia_sapling":9,"minecraft:book":39,"minecraft:oak_slab":10,"minecraft:pink_bed":1,"minecraft:sweet_berries":18,"bewitchment:belladonna_seeds":5,"minecraft:amethyst_shard":9,"bewitchment:salt":16,"clutter:cotton_seeds":1,"minecraft:blast_furnace":1,"minecraft:spider_eye":3,"minecraft:leather_helmet":3,"promenade:palm_planks":1,"minecraft:dried_kelp_block":24,"regions_unexplored:fireweed":3,"minecraft:stone_axe":2,"minecraft:iron_helmet":2,"mythicmetals:aquarium_ingot":2,"minecraft:baked_potato":1,"qu-enchantments:rune_5":3,"minecraft:damaged_anvil":2,"minecraft:melon_seeds":4,"minecraft:coal":201,"minecraft:ender_pearl":1,"regions_unexplored:small_oak_log":9},"minecraft:killed_by":{"minecraft:zombie":4,"minecraft:skeleton":1},"minecraft:custom":{"lootr:looted_stat":60,"minecraft:interact_with_crafting_table":53,"minecraft:open_barrel":115,"minecraft:leave_game":5,"minecraft:time_since_death":83904,"minecraft:damage_resisted":0,"minecraft:sprint_one_cm":267814,"minecraft:damage_blocked_by_shield":220,"minecraft:drop":107,"minecraft:talked_to_villager":12,"minecraft:play_time":359351,"minecraft:deaths":6,"minecraft:jump":3483,"minecraft:walk_on_water_one_cm":22217,"minecraft:interact_with_furnace":6,"minecraft:sleep_in_bed":3,"minecraft:damage_dealt":25717,"minecraft:crouch_one_cm":70171,"minecraft:interact_with_smoker":2,"minecraft:horse_one_cm":16690,"minecraft:interact_with_anvil":2,"minecraft:mob_kills":123,"minecraft:damage_dealt_resisted":1527,"minecraft:climb_one_cm":6907,"minecraft:walk_one_cm":734963,"minecraft:sneak_time":14079,"minecraft:walk_under_water_one_cm":16890,"minecraft:interact_with_blast_furnace":4,"minecraft:total_world_time":359351,"minecraft:hex":0,"minecraft:time_since_rest":50361,"minecraft:damage_taken":6057,"minecraft:damage_absorbed":120,"minecraft:swim_one_cm":19242,"minecraft:fly_one_cm":452128,"minecraft:open_chest":60,"minecraft:threat":3,"minecraft:fall_one_cm":141545},"minecraft:used":{"minecraft:iron_shovel":201,"minecraft:poppy":2,"minecraft:chest":5,"minecraft:shield":8,"minecraft:iron_sword":199,"graveyard:white_urn":1,"graveyard:vase_block":13,"travellersbootsreloaded:travellers_boots_tier1":4,"mythicmetals:mythril_sword":90,"witcher_rpg:dark_iron_witcher_sword":4,"graveyard:gray_urn":1,"spellbladenext:frost_orb":7,"minecraft:lantern":3,"minecraft:stone_bricks":7,"minecraft:golden_sword":35,"bewitchment:garlic":1,"simplyswords:brimstone_claymore":15,"minecraft:stone_pickaxe":121,"minecraft:oak_planks":7,"minecraft:jungle_boat":4,"minecraft:golden_apple":3,"minecraft:glow_berries":4,"minecraft:crossbow":1,"minecraft:blast_furnace":1,"regions_unexplored:fireweed":2,"minecraft:sticky_piston":1,"minecraft:bread":68,"minecraft:wooden_sword":45,"minecraft:experience_bottle":26,"graveyard:sarcophagus":2,"minecraft:torch":19,"minecraft:dirt":302,"minecraft:dark_oak_planks":1,"minecraft:chipped_anvil":3,"minecraft:iron_axe":333,"minecraft:oak_stairs":1,"minecraft:iron_boots":3,"twigs:tangerine_seashell":1,"minecraft:barrel":3,"minecraft:acacia_planks":2,"minecraft:cobbled_deepslate":25,"promenade:palm_planks":1,"minecraft:water_bucket":22,"minecraft:baked_potato":2,"mythicmetals:aquarium_shovel":44,"minecraft:salmon":5,"minecraft:crafting_table":1,"mcdar:buzzy_nest":3,"minecraft:campfire":1,"minecraft:diamond_pickaxe":1734,"minecraft:iron_pickaxe":71,"minecraft:pink_bed":1,"minecraft:cobblestone":230,"minecraft:bucket":22,"minecraft:pumpkin_pie":5,"minecraft:stripped_oak_log":3},"minecraft:dropped":{"minecraft:moss_block":1,"minecraft:oak_log":152,"minecraft:crafting_table":1,"minecraft:glass_bottle":6,"minecraft:crossbow":2,"minecraft:cod":25,"mcdar:updraft_tome":2,"mythicmounts:firebird_feather4":1,"farmersdelight:onion":4,"minecraft:wooden_sword":1,"minecraft:iron_pickaxe":2,"bewitchment:belladonna_seeds":3,"twigs:twig":4,"mcdar:death_cap_mushroom":2,"minecraft:stone_axe":1,"bewitchment:salt":15,"mythicmetals:raw_quadrillum":3,"archon:cloudshot_tome":2,"minecraft:wheat":6,"minecraft:rotten_flesh":34,"minecraft:oak_planks":6,"minecraft:cooked_mutton":4,"minecraft:salmon":29,"minecraft:poppy":1,"minecraft:charcoal":7,"minecraft:jungle_log":5,"mutantmonsters:mutant_skeleton_arms":1,"mcdar:golem_kit":1,"minecraft:written_book":2,"farmersdelight:tomato_seeds":2,"minecraft:iron_ingot":7,"regions_unexplored:fireweed":1,"minecraft:wheat_seeds":2,"clutter:copper_coin":8,"minecraft:cobblestone":4,"minecraft:book":5,"minecraft:amethyst_block":1,"minecraft:golden_apple":1,"witcher_rpg:dark_iron_witcher_sword":1,"minecraft:stick":3,"minecraft:cobweb":5,"inmis:plated_backpack":1,"mythicmetals:raw_aquarium":2,"minecraft:iron_leggings":1,"minecraft:string":1,"minecraft:acacia_planks":1,"mythicmetals:aquarium_pickaxe":1,"travellersbootsreloaded:travellers_boots_tier1":1,"mcdar:flaming_quiver":3,"minecraft:bricks":2,"minecraft:sweet_berries":12,"mcdar:iron_hide_amulet":1,"minecraft:polished_diorite_slab":1,"qu-enchantments:rune_5":2,"minecraft:wither_skeleton_skull":1,"minecraft:iron_boots":1,"spellbladenext:frost_orb":1,"wizards:wizard_robe_legs":1,"minecraft:filled_map":3,"jewelry:copper_ring":1,"minecraft:potato":1,"minecraft:shield":3,"bewitchment:mandrake_seeds":1,"minecraft:diamond_pickaxe":1,"mcdar:buzzy_nest":1,"minecraft:oak_sapling":6,"minecraft:wooden_pickaxe":1,"minecraft:calcite":1,"archon:earth_gem":4,"mutantmonsters:mutant_skeleton_rib":10},"minecraft:crafted":{"mutantmonsters:mutant_skeleton_leggings":1,"minecraft:oak_planks":108,"inmis:baby_backpack":2,"mythicmetals:aquarium_shovel":2,"minecraft:bookshelf":12,"mutantmonsters:mutant_skeleton_arms":1,"minecraft:iron_boots":1,"mutantmonsters:mutant_skeleton_boots":1,"minecraft:chest":8,"promenade:palm_planks":36,"minecraft:crafting_table":1,"minecraft:wooden_pickaxe":1,"minecraft:copper_ingot":27,"minecraft:campfire":1,"minecraft:diamond_pickaxe":1,"minecraft:iron_chestplate":1,"inmis:plated_backpack":2,"minecraft:stick":30,"minecraft:iron_ingot":5,"minecraft:iron_pickaxe":1,"inmis:frayed_backpack":2,"inmis:gilded_backpack":1,"mythicmetals:mythril_ingot":4,"minecraft:iron_axe":2,"minecraft:enchanting_table":1,"minecraft:iron_sword":1,"minecraft:bread":38,"minecraft:air":0,"minecraft:jungle_planks":20,"regions_unexplored:redwood_planks":12,"mythicmetals:aquarium_nugget":18,"mythicmetals:mythril_sword":2,"minecraft:iron_shovel":1,"minecraft:iron_leggings":1,"minecraft:acacia_planks":24,"minecraft:torch":8,"mythicmetals:aquarium_ingot":2},"minecraft:broken":{"mutantmonsters:mutant_skeleton_skull":1,"minecraft:iron_shovel":1,"minecraft:golden_boots":1,"minecraft:leather_leggings":1,"mutantmonsters:mutant_skeleton_leggings":1,"minecraft:golden_sword":1,"mutantmonsters:mutant_skeleton_boots":1,"immersive_armors:warrior_chestplate":1,"minecraft:leather_helmet":1,"immersive_armors:wither_helmet":1,"immersive_armors:wooden_chestplate":1,"minecraft:iron_axe":2},"minecraft:mined":{"minecraft:dark_oak_planks":1,"minerally:deepslate_emerald_crystal_0":1,"minerally:deepslate_emerald_crystal_1":1,"graveyard:gray_urn":1,"minecraft:jungle_slab":1,"minecraft:jungle_leaves":1,"minecraft:brewing_stand":1,"mythicmetals:deepslate_morkite_ore":10,"minecraft:obsidian":19,"minecraft:acacia_log":3,"minecraft:grass_block":36,"clutter:deepslate_silver_ore":3,"minecraft:jungle_log":5,"twigs:twig":1,"minerally:deepslate_copper_pile_0":1,"minecraft:iron_ore":27,"minecraft:sticky_piston":1,"minecraft:moss_carpet":2,"clutter:cow_plushie":1,"minecraft:polished_deepslate_slab":4,"minecraft:oak_stairs":1,"minecraft:quartz_slab":3,"minecraft:deepslate_brick_stairs":1,"graveyard:wither_skull_pile":1,"graveyard:white_urn":1,"minecraft:soul_lantern":1,"minecraft:torch":5,"minecraft:blast_furnace":1,"minecraft:poppy":3,"minecraft:calcite":1,"minecraft:chest":1,"minecraft:dead_bush":2,"minerally:deepslate_emerald_crystal":1,"minerally:deepslate_copper_pile":1,"minecraft:polished_diorite_slab":1,"minecraft:cobblestone":54,"graveyard:skeleton_hand":1,"minecraft:damaged_anvil":2,"minecraft:bricks":2,"minecraft:wall_torch":2,"minecraft:skeleton_skull":2,"mythicmetals:manganese_ore":5,"minecraft:grass":35,"artifality:medium_lunar_crystal_cluster":1,"minecraft:oak_log":75,"archon:earth_node":4,"minecraft:sand":8,"minecraft:dirt":281,"mythicmetals:morkite_ore":3,"artifality:lunar_crystal_geode":2,"minerally:deepslate_copper_pile_1":1,"twigs:rhyolite":1,"minecraft:wither_skeleton_skull":1,"minecraft:oak_leaves":43,"minecraft:deepslate":211,"minecraft:tuff":3,"minecraft:mossy_cobblestone":1,"minecraft:deepslate_diamond_ore":8,"epicknightsnmages:deepslate_citrin_ore":12,"promenade:palm_planks":1,"minecraft:cobbled_deepslate_slab":3,"minecraft:jungle_planks":4,"minerally:deepslate_iron_pile_1":1,"minecraft:moss_block":2,"minecraft:sandstone":1,"mythicmetals:quadrillum_ore":1,"mythicmetals:tin_ore":3,"mythicmetals:deepslate_mythril_ore":2,"treechop:chopped_log":9,"minerally:deepslate_iron_pile":1,"minerally:deepslate_iron_pile_0":1,"soulsweapons:moonstone_ore_deepslate":5,"minecraft:bookshelf":13,"graveyard:sarcophagus":2,"minecraft:deepslate_iron_ore":18,"bewitchment:salt_ore":12,"minecraft:vine":2,"minecraft:lantern":3,"minecraft:stripped_oak_log":6,"regions_unexplored:medium_grass":1,"minecraft:stone":1182,"regions_unexplored:redwood_log":2,"minecraft:acacia_leaves":3,"promenade:blunite":29,"galosphere:deepslate_silver_ore":8,"minecraft:crafting_table":1,"minecraft:cyan_stained_glass_pane":1,"minecraft:tall_grass":30,"minecraft:copper_ore":6,"minecraft:deepslate_coal_ore":6,"minecraft:deepslate_gold_ore":15,"minerally:gold_rock":2,"graveyard:vase_block":14,"minerally:iron_rock":1,"minecraft:coal_ore":142,"graveyard:leaning_skeleton":1,"minecraft:stone_bricks":7,"minecraft:chipped_anvil":3,"minecraft:fern":3}},"DataVersion":3465}