{"stats":{"minecraft:used":{"minecraft:stone_shovel":113,"minecraft:stone_pickaxe":131,"minecraft:wooden_shovel":44,"minecraft:dirt":9,"minecraft:oak_slab":150,"minecraft:crafting_table":1,"minecraft:oak_log":1,"minecraft:jungle_sapling":4,"minecraft:wooden_axe":61,"minecraft:iron_pickaxe":160,"minecraft:stone_axe":112,"minecraft:cobblestone":1,"minecraft:furnace":1,"minecraft:oak_sapling":4,"minecraft:oak_boat":1},"minecraft:dropped":{"minecraft:oak_slab":67,"minecraft:moss_block":7,"minecraft:oak_log":2,"minecraft:oak_planks":1,"minecraft:stick":2,"minecraft:dirt":1,"minecraft:stone_pickaxe":1,"minecraft:smooth_stone":2},"minecraft:broken":{"minecraft:stone_pickaxe":1,"minecraft:wooden_axe":1},"minecraft:crafted":{"minecraft:oak_planks":96,"minecraft:oak_slab":138,"minecraft:wooden_shovel":1,"minecraft:stone_shovel":1,"minecraft:iron_nugget":45,"minecraft:gravel":96,"minecraft:furnace":1,"minecraft:mossy_cobblestone":1,"minecraft:wheat_seeds":3,"minecraft:stone":1,"minecraft:stone_axe":1,"minecraft:potato":6,"minecraft:air":0,"minecraft:oak_boat":1,"minecraft:cobblestone":16,"minecraft:charcoal":6,"minecraft:stick":12,"minecraft:iron_ingot":8,"minecraft:iron_pickaxe":1,"minecraft:stone_pickaxe":1,"minecraft:wooden_axe":2,"minecraft:jungle_sapling":6},"minecraft:custom":{"minecraft:interact_with_furnace":34,"minecraft:traded_with_villager":6,"minecraft:interact_with_crafting_table":29,"minecraft:time_since_death":22372,"minecraft:time_since_rest":22402,"minecraft:sprint_one_cm":11211,"minecraft:damage_taken":1020,"minecraft:walk_one_cm":142796,"minecraft:drop":9,"minecraft:damage_dealt":95,"minecraft:talked_to_villager":19,"minecraft:fly_one_cm":15883,"minecraft:open_chest":5,"minecraft:crouch_one_cm":20439,"minecraft:play_time":54802,"minecraft:deaths":4,"minecraft:sneak_time":6409,"minecraft:jump":168,"minecraft:total_world_time":54802,"minecraft:fall_one_cm":3158},"minecraft:mined":{"minecraft:oak_slab":13,"minecraft:oak_sapling":1,"minecraft:crafting_table":1,"minecraft:grass_block":166,"minecraft:cobblestone":4,"minecraft:spruce_leaves":41,"minecraft:moss_block":85,"minecraft:furnace":1,"minecraft:mud":40,"minecraft:iron_ore":23,"minecraft:coal_ore":26,"minecraft:oak_log":92,"minecraft:dripstone_block":13,"minecraft:dirt":17,"minecraft:stripped_oak_log":1,"minecraft:stone":86,"minecraft:oak_leaves":43},"minecraft:picked_up":{"minecraft:stripped_oak_log":1,"minecraft:charcoal":3,"minecraft:mud":39,"minecraft:crafting_table":1,"minecraft:oak_log":82,"minecraft:dirt":174,"minecraft:apple":1,"minecraft:smooth_stone":2,"minecraft:stone_pickaxe":1,"minecraft:moss_block":87,"minecraft:oak_planks":1,"minecraft:oak_slab":79,"minecraft:stick":8,"minecraft:raw_iron":20,"minecraft:dripstone_block":12,"minecraft:spruce_sapling":2,"minecraft:oak_sapling":12,"minecraft:coal":24,"minecraft:cobblestone":90}},"DataVersion":3953}