{"stats":{"minecraft:used":{"minecraft:flint_and_steel":1,"minecraft:iron_shovel":135,"minecraft:stone_shovel":131,"minecraft:chest":8,"minecraft:wooden_shovel":44,"minecraft:torch":4,"minecraft:dirt":21,"minecraft:hopper":11,"minecraft:carrot":2,"minecraft:jungle_slab":27,"minecraft:obsidian":12,"minecraft:jungle_sapling":16,"minecraft:wooden_axe":61,"minecraft:lava_bucket":2,"minecraft:iron_axe":255,"minecraft:oak_sapling":4,"minecraft:furnace":1,"minecraft:potato":5,"minecraft:calcite":4,"minecraft:water_bucket":29,"minecraft:stone_pickaxe":131,"minecraft:baked_potato":8,"minecraft:oak_planks":1,"minecraft:stonecutter":1,"minecraft:cobblestone_slab":427,"minecraft:crafting_table":1,"minecraft:oak_slab":172,"minecraft:campfire":1,"minecraft:dripstone_block":30,"minecraft:smoker":1,"minecraft:oak_log":1,"minecraft:diamond_pickaxe":413,"minecraft:apple":1,"minecraft:iron_pickaxe":1675,"minecraft:gravel":56,"minecraft:stone_axe":131,"minecraft:diamond_sword":90,"minecraft:cobblestone":162,"minecraft:bucket":42,"minecraft:oak_boat":2,"minecraft:bone_meal":3,"minecraft:smooth_stone":1},"minecraft:dropped":{"minecraft:water_bucket":2,"minecraft:oak_slab":67,"minecraft:moss_block":7,"minecraft:wheat_seeds":3,"minecraft:oak_log":91,"minecraft:diamond":5,"minecraft:dripstone_block":20,"minecraft:cobblestone":155,"minecraft:granite":1,"minecraft:jungle_planks":84,"minecraft:stick":2,"minecraft:dirt":78,"minecraft:diorite":7,"minecraft:smooth_stone":2,"minecraft:tuff":8,"minecraft:oak_planks":45,"minecraft:cobblestone_slab":1,"minecraft:potato":6,"minecraft:iron_chestplate":1,"minecraft:andesite":36,"minecraft:stone_pickaxe":1},"minecraft:broken":{"minecraft:stone_pickaxe":1,"minecraft:iron_axe":1,"minecraft:stone_axe":1,"minecraft:iron_pickaxe":6,"minecraft:wooden_axe":1,"minecraft:stone_shovel":1},"minecraft:killed":{"minecraft:witch":1,"minecraft:spider":1,"minecraft:skeleton":40,"minecraft:skeleton_horse":1,"minecraft:creeper":48,"minecraft:zombie":90},"minecraft:custom":{"minecraft:mob_kills":181,"minecraft:inspect_hopper":5,"minecraft:interact_with_crafting_table":87,"minecraft:time_since_death":214372,"minecraft:climb_one_cm":9307,"minecraft:sprint_one_cm":103541,"minecraft:walk_one_cm":408774,"minecraft:drop":36,"minecraft:talked_to_villager":38,"minecraft:play_time":246802,"minecraft:deaths":4,"minecraft:sneak_time":23236,"minecraft:walk_under_water_one_cm":19176,"minecraft:jump":1033,"minecraft:interact_with_blast_furnace":24,"minecraft:walk_on_water_one_cm":49542,"minecraft:total_world_time":246802,"minecraft:interact_with_furnace":71,"minecraft:traded_with_villager":10,"minecraft:interact_with_stonecutter":1,"minecraft:time_since_rest":214402,"minecraft:damage_taken":1356,"minecraft:damage_dealt":3181,"minecraft:swim_one_cm":4283,"minecraft:fly_one_cm":119983,"minecraft:open_chest":79,"minecraft:crouch_one_cm":99238,"minecraft:interact_with_smoker":10,"minecraft:fall_one_cm":9261},"minecraft:crafted":{"minecraft:obsidian":11,"minecraft:smooth_stone":1,"minecraft:oak_planks":128,"minecraft:cobblestone_slab":408,"minecraft:stone_shovel":1,"minecraft:iron_nugget":45,"minecraft:pointed_dripstone":4,"minecraft:furnace":2,"minecraft:stone":3,"minecraft:bone_meal":3,"minecraft:potato":6,"minecraft:flint_and_steel":2,"minecraft:hopper":10,"minecraft:iron_axe":2,"minecraft:stone_pickaxe":1,"minecraft:chest":15,"minecraft:jungle_sapling":6,"minecraft:smoker":1,"minecraft:magma_block":32,"minecraft:coal_block":1,"minecraft:tuff":9,"minecraft:oak_slab":144,"minecraft:wooden_shovel":1,"minecraft:diamond_sword":1,"minecraft:calcite":9,"minecraft:gravel":128,"minecraft:baked_potato":8,"minecraft:mossy_cobblestone":5,"minecraft:wheat_seeds":3,"minecraft:bucket":4,"minecraft:lava_bucket":9,"minecraft:campfire":1,"minecraft:stone_axe":1,"minecraft:glowstone":6,"minecraft:jungle_slab":36,"minecraft:air":0,"minecraft:jungle_planks":192,"minecraft:oak_boat":1,"minecraft:diamond_pickaxe":1,"minecraft:charcoal":6,"minecraft:cobblestone":94,"minecraft:stick":20,"minecraft:gunpowder":8,"minecraft:iron_ingot":138,"minecraft:iron_pickaxe":7,"minecraft:wooden_axe":2,"minecraft:iron_shovel":1,"minecraft:stonecutter":1,"minecraft:torch":4},"minecraft:mined":{"minecraft:oak_sapling":1,"minecraft:deepslate_diamond_ore":27,"minecraft:jungle_slab":7,"minecraft:jungle_leaves":18,"minecraft:obsidian":1,"minecraft:granite":37,"minecraft:grass_block":378,"minecraft:jungle_planks":15,"minecraft:jungle_log":115,"minecraft:spruce_leaves":98,"minecraft:moss_block":187,"minecraft:hopper":1,"minecraft:smooth_stone":1,"minecraft:redstone_ore":15,"minecraft:spruce_sapling":5,"minecraft:furnace":1,"minecraft:jungle_sapling":4,"minecraft:iron_ore":71,"minecraft:andesite":51,"minecraft:deepslate_lapis_ore":11,"minecraft:potatoes":4,"minecraft:deepslate_iron_ore":36,"minecraft:cobblestone_slab":31,"minecraft:vine":1,"minecraft:stripped_oak_log":1,"minecraft:stone":298,"minecraft:deepslate_redstone_ore":7,"minecraft:oak_slab":29,"minecraft:crafting_table":1,"minecraft:clay":30,"minecraft:chest":3,"minecraft:campfire":1,"minecraft:cobblestone":653,"minecraft:copper_ore":13,"minecraft:deepslate_coal_ore":35,"minecraft:deepslate_gold_ore":13,"minecraft:lapis_ore":20,"minecraft:oak_planks":1,"minecraft:diorite":31,"minecraft:deepslate_copper_ore":8,"minecraft:mud":124,"minecraft:oak_log":197,"minecraft:coal_ore":70,"minecraft:gravel":34,"minecraft:dripstone_block":107,"minecraft:dirt":30,"minecraft:terracotta":1,"minecraft:gold_ore":27,"minecraft:deepslate_emerald_ore":13,"minecraft:deepslate":19,"minecraft:oak_leaves":132},"minecraft:picked_up":{"minecraft:mud":120,"minecraft:charcoal":5,"minecraft:iron_chestplate":2,"minecraft:crafting_table":1,"minecraft:ladder":1,"minecraft:clay_ball":92,"minecraft:wooden_pickaxe":1,"minecraft:string":3,"minecraft:raw_copper":61,"minecraft:iron_leggings":1,"minecraft:cobbled_deepslate":12,"minecraft:smooth_stone":3,"minecraft:trial_key":1,"minecraft:oak_boat":2,"minecraft:cobblestone_slab":32,"minecraft:jungle_sapling":17,"minecraft:chest":3,"minecraft:iron_boots":1,"minecraft:stick":21,"minecraft:raw_iron":92,"minecraft:stone":1,"minecraft:torch":1,"minecraft:diorite":25,"minecraft:redstone":72,"minecraft:jungle_sign":1,"minecraft:stone_sword":1,"minecraft:rotten_flesh":4,"minecraft:arrow":4,"minecraft:gold_ingot":21,"minecraft:obsidian":1,"minecraft:cobblestone":379,"minecraft:stripped_oak_log":1,"minecraft:water_bucket":1,"minecraft:jungle_log":113,"minecraft:andesite":66,"minecraft:potato":14,"minecraft:flint":2,"minecraft:tuff":8,"minecraft:oak_log":216,"minecraft:danger_pottery_sherd":1,"minecraft:dirt":393,"minecraft:lapis_lazuli":171,"minecraft:brown_candle":1,"minecraft:bone":9,"minecraft:apple":1,"minecraft:wheat_seeds":1,"minecraft:raw_gold":36,"minecraft:iron_ingot":21,"minecraft:stone_pickaxe":1,"minecraft:moss_block":187,"minecraft:oak_planks":97,"minecraft:oak_slab":98,"minecraft:dripstone_block":101,"minecraft:gravel":54,"minecraft:jungle_planks":31,"minecraft:spruce_sapling":10,"minecraft:spider_eye":1,"minecraft:jungle_slab":8,"minecraft:slime_ball":1,"minecraft:diamond":10,"minecraft:iron_helmet":2,"minecraft:granite":20,"minecraft:emerald":17,"minecraft:oak_button":1,"minecraft:terracotta":2,"minecraft:oak_sapling":14,"minecraft:coal":91,"minecraft:hopper":1}},"DataVersion":3953}