{"stats":{"minecraft:used":{"minecraft:iron_shovel":73,"minecraft:stone_shovel":131,"minecraft:stone_pickaxe":131,"minecraft:wooden_shovel":44,"minecraft:dirt":9,"minecraft:oak_slab":150,"minecraft:crafting_table":1,"minecraft:smoker":1,"minecraft:oak_log":1,"minecraft:jungle_sapling":4,"minecraft:wooden_axe":61,"minecraft:iron_axe":189,"minecraft:iron_pickaxe":477,"minecraft:stone_axe":131,"minecraft:cobblestone":1,"minecraft:furnace":1,"minecraft:oak_sapling":4,"minecraft:oak_boat":1},"minecraft:dropped":{"minecraft:oak_slab":67,"minecraft:moss_block":7,"minecraft:wheat_seeds":3,"minecraft:oak_log":66,"minecraft:oak_planks":1,"minecraft:stick":2,"minecraft:dirt":1,"minecraft:potato":6,"minecraft:stone_pickaxe":1,"minecraft:smooth_stone":2},"minecraft:broken":{"minecraft:stone_pickaxe":1,"minecraft:stone_axe":1,"minecraft:iron_pickaxe":1,"minecraft:wooden_axe":1,"minecraft:stone_shovel":1},"minecraft:custom":{"minecraft:interact_with_furnace":50,"minecraft:traded_with_villager":6,"minecraft:interact_with_crafting_table":43,"minecraft:time_since_death":82372,"minecraft:climb_one_cm":4507,"minecraft:time_since_rest":82402,"minecraft:sprint_one_cm":17788,"minecraft:damage_taken":1020,"minecraft:walk_one_cm":182453,"minecraft:drop":12,"minecraft:damage_dealt":185,"minecraft:talked_to_villager":27,"minecraft:fly_one_cm":25491,"minecraft:open_chest":5,"minecraft:crouch_one_cm":21270,"minecraft:play_time":114802,"minecraft:deaths":4,"minecraft:sneak_time":6535,"minecraft:jump":230,"minecraft:interact_with_blast_furnace":11,"minecraft:interact_with_smoker":5,"minecraft:total_world_time":114802,"minecraft:fall_one_cm":3425},"minecraft:crafted":{"minecraft:coal_block":1,"minecraft:smooth_stone":1,"minecraft:oak_planks":96,"minecraft:oak_slab":138,"minecraft:wooden_shovel":1,"minecraft:stone_shovel":1,"minecraft:iron_nugget":45,"minecraft:gravel":96,"minecraft:baked_potato":1,"minecraft:furnace":2,"minecraft:mossy_cobblestone":5,"minecraft:wheat_seeds":3,"minecraft:stone":2,"minecraft:bucket":1,"minecraft:stone_axe":1,"minecraft:potato":6,"minecraft:air":0,"minecraft:oak_boat":1,"minecraft:cobblestone":18,"minecraft:charcoal":6,"minecraft:iron_axe":1,"minecraft:stick":12,"minecraft:iron_ingot":67,"minecraft:iron_pickaxe":2,"minecraft:stone_pickaxe":1,"minecraft:wooden_axe":2,"minecraft:iron_shovel":1,"minecraft:jungle_sapling":6,"minecraft:smoker":1},"minecraft:mined":{"minecraft:oak_slab":13,"minecraft:oak_sapling":1,"minecraft:jungle_leaves":18,"minecraft:crafting_table":1,"minecraft:granite":1,"minecraft:grass_block":252,"minecraft:jungle_log":115,"minecraft:cobblestone":4,"minecraft:spruce_leaves":71,"minecraft:moss_block":126,"minecraft:diorite":2,"minecraft:furnace":1,"minecraft:mud":77,"minecraft:iron_ore":53,"minecraft:coal_ore":52,"minecraft:oak_log":142,"minecraft:vine":1,"minecraft:dripstone_block":57,"minecraft:dirt":17,"minecraft:stripped_oak_log":1,"minecraft:stone":187,"minecraft:oak_leaves":77},"minecraft:picked_up":{"minecraft:stripped_oak_log":1,"minecraft:charcoal":3,"minecraft:mud":75,"minecraft:crafting_table":1,"minecraft:jungle_log":113,"minecraft:oak_log":131,"minecraft:dirt":261,"minecraft:apple":1,"minecraft:smooth_stone":2,"minecraft:iron_ingot":21,"minecraft:stone_pickaxe":1,"minecraft:jungle_sapling":10,"minecraft:moss_block":129,"minecraft:oak_planks":1,"minecraft:oak_slab":79,"minecraft:stick":21,"minecraft:raw_iron":51,"minecraft:dripstone_block":55,"minecraft:spruce_sapling":3,"minecraft:diorite":1,"minecraft:granite":2,"minecraft:oak_sapling":13,"minecraft:coal":49,"minecraft:cobblestone":190}},"DataVersion":3953}