{"stats":{"minecraft:killed":{"guardvillagers:guard":8,"minecraft:witch":3,"minecraft:spider":17,"minecraft:skeleton":36,"species:limpet":1,"minecraft:cat":1,"minecraft:zombie_villager":3,"minecraft:iron_golem":2,"minecraft:creeper":4,"minecraft:sheep":2,"minecraft:pillager":8,"archon:mana_leech":5,"minecraft:zombie":53,"minecraft:mooshroom":1,"meadow:wooly_cow":3,"wildlife:milk_snake":1,"minecraft:cow":19,"minecraft:vindicator":2,"bewitchment:ghost":3,"minecraft:phantom":3,"minecraft:horse":6,"mythicmobs:chupacabra":1,"minecraft:drowned":21,"hybrid-aquatic:oscar":1,"minecraft:wither_skeleton":1,"minecraft:enderman":1},"minecraft:picked_up":{"clutter:clam":2,"archon:magical_bookshelf":11,"minecraft:iron_chestplate":1,"minecraft:wheat":74,"wizards:staff_arcane":1,"illagerinvasion:platinum_chunk":7,"minecraft:chainmail_boots":5,"minecraft:suspicious_stew":1,"bewitchment:dragons_blood_sapling":2,"travellersbootsreloaded:travellers_boots_tier1":2,"minecraft:oak_stairs":5,"soulsweapons:moonstone":5,"minecraft:enchanted_book":3,"minecraft:brewing_stand":1,"minecraft:golden_sword":1,"minecraft:amethyst_block":1,"mythicmetals:raw_aquarium":2,"minecraft:string":24,"mutantmonsters:mutant_skeleton_skull":1,"minecraft:soul_soil":1,"minecraft:raw_copper":16,"minecraft:cooked_salmon":3,"graveyard:sarcophagus":2,"minecraft:iron_leggings":1,"minecraft:sticky_piston":1,"mcdar:iron_hide_amulet":1,"minecraft:gold_nugget":3,"minecraft:cobbled_deepslate":264,"bosses_of_mass_destruction:soul_star":1,"minecraft:bucket":2,"minecraft:written_book":2,"minecraft:calcite":1,"minecraft:iron_pickaxe":2,"minecraft:melon_slice":3,"minecraft:iron_boots":4,"vinery:jungle_grape_seeds_white":10,"regions_unexplored:redwood_log":3,"minecraft:stick":62,"paladins:diamond_claymore":1,"soaringstructures2:heavenly_cup":1,"clutter:cow_plushie":1,"witcher_rpg:meteorite":1,"minecraft:torch":7,"minecraft:acacia_log":12,"spellbladenext:flaming_falchion":3,"spellbladenext:whirlwindoil":2,"minecraft:porkchop":2,"artifality:balloon":1,"spellbladenext:frost_orb":1,"mythicmetals:morkite":52,"regions_unexplored:daisy":2,"mutantmonsters:mutant_skeleton_pelvis":1,"minecraft:stone_sword":2,"minecraft:rotten_flesh":204,"mythicmetals:raw_manganese":6,"farmersdelight:onion":8,"graveyard:gray_urn":1,"farmersdelight:rope":11,"minecraft:netherite_chestplate":1,"mutantmonsters:mutant_skeleton_shoulder_pad":2,"minecraft:deepslate_brick_stairs":1,"minecraft:obsidian":19,"twigs:tangerine_seashell":1,"minecraft:iron_bars":1,"minecraft:cod":50,"minecraft:cobblestone":1826,"archon:cloudshot_tome":2,"minecraft:polished_diorite_slab":1,"minecraft:cooked_beef":19,"minecraft:iron_door":1,"minecraft:water_bucket":2,"minecraft:jungle_log":5,"spellbladenext:monkeystaff":2,"minecraft:potato":1,"paraglider:spirit_orb":2,"mythicmounts:firebird_feather2":2,"minecraft:tuff":3,"minecraft:wither_skeleton_skull":2,"minecraft:lapis_lazuli":9,"minecraft:dirt":585,"minecraft:lantern":24,"minecraft:leather_boots":2,"minecraft:glass":2,"minecraft:bone":50,"minecraft:chipped_anvil":3,"minecraft:acacia_planks":6,"minecraft:bow":2,"minecraft:wheat_seeds":46,"minecraft:cobbled_deepslate_slab":2,"minecraft:raw_gold":52,"graveyard:white_urn":1,"minecraft:mossy_stone_bricks":2,"minecraft:moss_block":16,"galosphere:raw_silver":8,"twigs:twig":55,"minecraft:oak_planks":2,"meadow:umbra_wool":6,"clutter:rare_coin_pouch":2,"minecraft:cooked_porkchop":1,"archon:earth_gem":4,"minecraft:sand":41,"minecraft:jungle_planks":4,"artifality:harvest_staff":1,"mythicmetals:raw_quadrillum":1,"minecraft:grass_block":1,"minecraft:jungle_slab":1,"minecraft:spectral_arrow":5,"minecraft:mossy_cobblestone":1,"galosphere:silver_nugget":8,"clutter:copper_coin":16,"regions_unexplored:hyssop":5,"minecraft:dispenser":1,"minecraft:sugar":4,"minecraft:diamond":16,"minecraft:netherite_helmet":1,"minecraft:soul_lantern":1,"minecraft:crossbow":6,"minecraft:bone_meal":10,"minecraft:golden_apple":3,"minecraft:emerald":52,"minecraft:bread":3,"mcdar:buzzy_nest":1,"bewitchment:ectoplasm":2,"minecraft:oak_sapling":70,"minecraft:bricks":2,"minecraft:diamond_pickaxe":5,"tridents_n_stuff:prismarine_harpoon":5,"minecraft:charcoal":7,"minecraft:crafting_table":3,"mutantmonsters:mutant_skeleton_arms":1,"minecraft:chicken":1,"minecraft:nether_wart":2,"archon:clearing_breeze_tome":1,"minecraft:leather_leggings":1,"digs_dnd_origins:black_scale":12,"promenade:blunite":27,"minecraft:brick":4,"minecraft:shield":5,"minecraft:oak_trapdoor":5,"minecraft:moss_carpet":4,"minecraft:iron_axe":2,"livingthings:banana":1,"minecraft:item_frame":23,"minecraft:quartz_slab":4,"dungeonnowloading:spawner_fragment":4,"clutter:raw_silver":10,"minecraft:cracked_stone_bricks":1,"clutter:uncommon_coin_pouch":1,"mythicmobs:chupacabra_raw_meat":1,"minecraft:beef":58,"mcdar:golem_kit":1,"minecraft:observer":1,"spellbladenext:fire_claymore":1,"minecraft:iron_nugget":27,"minecraft:poppy":6,"mythicmetals:raw_mythril":2,"minecraft:chest":4,"spellbladenext:arcane_blade":1,"minecraft:phantom_membrane":3,"minecraft:egg":2,"minecraft:raw_iron":52,"minecraft:polished_deepslate_slab":9,"minecraft:copper_ingot":2,"wizards:wizard_robe_legs":1,"runes:fire_stone":8,"minecraft:fire_charge":1,"farmersdelight:tomato_seeds":2,"minecraft:stone_button":1,"mythicmetals:raw_tin":19,"minecraft:redstone":1,"meadow:inky_wool":2,"mythicmetals:aquarium_pickaxe":1,"berserker_rpg:golden_berserker_axe":1,"mcdar:flaming_quiver":4,"minecraft:dark_oak_planks":1,"xtraarrows:vex_wing":9,"minecraft:arrow":73,"clutter:bonfire":1,"bewitchment:garlic":5,"galosphere:silver_upgrade_smithing_template":1,"mcda:phantom_bones":1,"minecraft:hay_block":9,"mutantmonsters:mutant_skeleton_rib":15,"minecraft:saddle":1,"minecraft:gold_ingot":5,"witcher_rpg:dark_iron_witcher_sword":2,"minecraft:stripped_oak_log":19,"minecraft:skeleton_skull":6,"minecraft:rail":10,"soaringstructures2:bunch_heavenly_petals":3,"mcdar:updraft_tome":3,"epicknightsnmages:citrin_gem":24,"minecraft:jungle_boat":5,"mythicmounts:firebird_feather4":1,"minecraft:salmon":29,"minecraft:leather":30,"mcdar:death_cap_mushroom":2,"minecraft:filled_map":5,"minecraft:oak_log":191,"minecraft:chainmail_chestplate":1,"minecraft:gunpowder":7,"promenade:palm_sapling":2,"bewitchment:aconite_seeds":1,"mutantmonsters:mutant_skeleton_limb":8,"regions_unexplored:tassel":1,"minecraft:paper":5,"regions_unexplored:small_oak_sapling":4,"minecraft:cooked_mutton":12,"promenade:palm_log":9,"minecraft:stone_bricks":12,"bewitchment:mandrake_seeds":9,"minecraft:iron_ingot":37,"minecraft:stone_pickaxe":1,"minecraft:cobweb":12,"artifacts:steadfast_spikes":1,"minecraft:glass_bottle":9,"minecraft:iron_sword":2,"minecraft:acacia_sapling":9,"minecraft:book":286,"minecraft:oak_slab":13,"minecraft:pink_bed":1,"spellbladenext:arcane_claymore":1,"minecraft:sweet_berries":18,"minecraft:chiseled_stone_bricks":1,"minecraft:stone_brick_slab":1,"minecraft:dandelion":2,"minecraft:spyglass":1,"bewitchment:belladonna_seeds":5,"minecraft:amethyst_shard":9,"bewitchment:salt":21,"clutter:cotton_seeds":1,"minecraft:blast_furnace":1,"minecraft:mossy_stone_brick_slab":2,"minecraft:spider_eye":9,"minecraft:leather_helmet":3,"promenade:palm_planks":1,"minecraft:dried_kelp_block":24,"regions_unexplored:fireweed":4,"minecraft:stone_axe":2,"regions_unexplored:silver_birch_log":1,"spellbladenext:spelloil":1,"minecraft:iron_helmet":2,"minecraft:diamond_axe":1,"minecraft:painting":3,"mythicmetals:aquarium_ingot":2,"minecraft:baked_potato":2,"qu-enchantments:rune_5":3,"minecraft:damaged_anvil":2,"minecraft:melon_seeds":4,"minecraft:netherite_hoe":1,"minecraft:coal":213,"minecraft:ender_pearl":1,"regions_unexplored:small_oak_log":9},"minecraft:killed_by":{"minecraft:witch":5,"minecraft:zombie":4,"minecraft:skeleton":1},"minecraft:custom":{"lootr:looted_stat":97,"minecraft:interact_with_crafting_table":60,"minecraft:open_barrel":118,"minecraft:leave_game":8,"minecraft:time_since_death":57078,"minecraft:damage_resisted":0,"minecraft:sprint_one_cm":380428,"minecraft:damage_blocked_by_shield":220,"minecraft:drop":133,"minecraft:talked_to_villager":12,"minecraft:play_time":613127,"minecraft:deaths":15,"minecraft:jump":4677,"minecraft:walk_on_water_one_cm":44961,"minecraft:interact_with_furnace":8,"minecraft:interact_with_loom":1,"minecraft:sleep_in_bed":4,"minecraft:open_enderchest":1,"minecraft:damage_dealt":51318,"minecraft:player_kills":5,"minecraft:crouch_one_cm":94932,"minecraft:interact_with_smoker":2,"minecraft:horse_one_cm":631015,"minecraft:interact_with_anvil":2,"minecraft:mob_kills":219,"minecraft:damage_dealt_resisted":16000,"minecraft:climb_one_cm":12062,"minecraft:walk_one_cm":1135970,"minecraft:sneak_time":20206,"minecraft:walk_under_water_one_cm":95203,"minecraft:interact_with_blast_furnace":4,"minecraft:total_world_time":613127,"minecraft:tune_noteblock":1,"minecraft:hex":0,"minecraft:time_since_rest":57106,"minecraft:damage_absorbed":120,"minecraft:damage_taken":15080,"minecraft:swim_one_cm":147085,"minecraft:fly_one_cm":572749,"minecraft:open_chest":178,"minecraft:threat":27,"minecraft:fall_one_cm":202399},"minecraft:used":{"minecraft:iron_shovel":201,"minecraft:poppy":2,"minecraft:chest":14,"minecraft:shield":8,"minecraft:iron_sword":199,"graveyard:white_urn":1,"graveyard:vase_block":13,"travellersbootsreloaded:travellers_boots_tier1":4,"mythicmetals:mythril_sword":90,"graveyard:gray_urn":1,"witcher_rpg:dark_iron_witcher_sword":4,"spellbladenext:frost_orb":7,"mythicmounts:firebird_feather2":2,"minecraft:lantern":19,"minecraft:stone_bricks":7,"minecraft:golden_sword":35,"minecraft:egg":1,"bewitchment:garlic":1,"clutter:bonfire":2,"simplyswords:brimstone_claymore":267,"minecraft:stone_pickaxe":121,"minecraft:oak_planks":42,"paladins:diamond_claymore":1,"minecraft:diamond_axe":150,"minecraft:jungle_boat":4,"minecraft:golden_apple":3,"minecraft:glow_berries":4,"minecraft:crossbow":1,"minecraft:blast_furnace":1,"regions_unexplored:fireweed":2,"minecraft:sticky_piston":1,"minecraft:bread":128,"minecraft:wooden_sword":45,"clutter:clam":1,"minecraft:experience_bottle":26,"clutter:cow_plushie":1,"graveyard:sarcophagus":2,"spellbladenext:monkeystaff":78,"minecraft:torch":19,"minecraft:dirt":310,"minecraft:dark_oak_planks":1,"minecraft:chipped_anvil":3,"minecraft:iron_axe":341,"minecraft:oak_stairs":1,"spellbladenext:fire_claymore":18,"minecraft:iron_boots":3,"twigs:tangerine_seashell":1,"minecraft:barrel":3,"minecraft:cobbled_deepslate":25,"minecraft:acacia_planks":2,"promenade:palm_planks":1,"minecraft:cooked_mutton":4,"minecraft:water_bucket":51,"minecraft:baked_potato":2,"mythicmetals:aquarium_shovel":53,"minecraft:salmon":5,"minecraft:crafting_table":1,"mcdar:buzzy_nest":3,"minecraft:campfire":1,"bosses_of_mass_destruction:soul_star":1,"minecraft:cake":1,"minecraft:oak_log":2,"minecraft:diamond_pickaxe":2340,"minecraft:iron_pickaxe":71,"minecraft:pink_bed":1,"minecraft:cobblestone":278,"minecraft:bucket":52,"minecraft:stripped_oak_log":3,"minecraft:pumpkin_pie":5,"berserker_rpg:golden_berserker_axe":6},"minecraft:dropped":{"minecraft:moss_block":1,"minecraft:oak_log":152,"minecraft:glass_bottle":6,"minecraft:diamond":6,"minecraft:crafting_table":1,"spellbladenext:arcane_claymore":1,"minecraft:crossbow":2,"vinery:jungle_grape_seeds_white":2,"mcdar:updraft_tome":2,"minecraft:cod":25,"minecraft:emerald":9,"minecraft:dirt":15,"mythicmounts:firebird_feather4":1,"farmersdelight:onion":4,"minecraft:wooden_sword":1,"minecraft:iron_pickaxe":2,"bewitchment:belladonna_seeds":3,"spellbladenext:flaming_falchion":3,"twigs:twig":4,"mcdar:death_cap_mushroom":2,"minecraft:stone_axe":1,"bewitchment:salt":15,"mythicmetals:raw_quadrillum":3,"archon:cloudshot_tome":2,"minecraft:wheat":6,"minecraft:rotten_flesh":36,"minecraft:oak_planks":6,"minecraft:cooked_mutton":4,"minecraft:salmon":29,"minecraft:poppy":1,"minecraft:charcoal":7,"minecraft:jungle_log":5,"spellbladenext:fire_claymore":1,"mutantmonsters:mutant_skeleton_arms":1,"mcdar:golem_kit":1,"minecraft:written_book":2,"wizards:staff_arcane":1,"farmersdelight:tomato_seeds":2,"minecraft:water_bucket":1,"minecraft:iron_ingot":7,"regions_unexplored:fireweed":1,"betternether:blue_obsidian":2,"minecraft:wheat_seeds":2,"clutter:copper_coin":8,"minecraft:cobblestone":10,"minecraft:book":14,"bewitchment:dragons_blood_sapling":3,"minecraft:amethyst_block":1,"witcher_rpg:dark_iron_witcher_sword":2,"minecraft:golden_apple":1,"minecraft:stick":3,"minecraft:cobweb":5,"inmis:plated_backpack":1,"mythicmetals:raw_aquarium":2,"minecraft:iron_leggings":1,"paladins:diamond_claymore":1,"minecraft:string":1,"minecraft:acacia_planks":1,"mythicmetals:aquarium_pickaxe":1,"travellersbootsreloaded:travellers_boots_tier1":1,"mcdar:flaming_quiver":3,"minecraft:bricks":2,"minecraft:sweet_berries":12,"mcdar:iron_hide_amulet":1,"minecraft:polished_diorite_slab":1,"qu-enchantments:rune_5":2,"minecraft:wither_skeleton_skull":1,"minecraft:iron_boots":1,"spellbladenext:frost_orb":1,"wizards:wizard_robe_legs":1,"spellbladenext:monkeystaff":2,"minecraft:filled_map":3,"jewelry:copper_ring":1,"minecraft:potato":1,"minecraft:shield":3,"bewitchment:mandrake_seeds":1,"minecraft:diamond_pickaxe":2,"mcdar:buzzy_nest":1,"minecraft:oak_sapling":6,"minecraft:stone_bricks":1,"berserker_rpg:golden_berserker_axe":1,"minecraft:wooden_pickaxe":1,"minecraft:calcite":1,"archon:earth_gem":4,"spellbladenext:arcane_blade":1,"mutantmonsters:mutant_skeleton_rib":10},"minecraft:crafted":{"mutantmonsters:mutant_skeleton_leggings":1,"minecraft:oak_planks":156,"inmis:baby_backpack":2,"mythicmetals:aquarium_shovel":2,"minecraft:bookshelf":12,"mutantmonsters:mutant_skeleton_arms":1,"minecraft:iron_boots":1,"mutantmonsters:mutant_skeleton_boots":1,"minecraft:chest":11,"promenade:palm_planks":36,"minecraft:crafting_table":1,"minecraft:wooden_pickaxe":1,"minecraft:copper_ingot":27,"minecraft:campfire":1,"minecraft:iron_chestplate":1,"inmis:plated_backpack":2,"minecraft:diamond_pickaxe":1,"minecraft:stick":30,"minecraft:iron_ingot":5,"minecraft:iron_pickaxe":1,"inmis:frayed_backpack":2,"inmis:gilded_backpack":1,"inmis:bejeweled_backpack":1,"mythicmetals:mythril_ingot":4,"minecraft:iron_axe":2,"minecraft:coal_block":1,"minecraft:enchanting_table":1,"minecraft:iron_sword":1,"clutter:bonfire":1,"minecraft:bread":38,"minecraft:air":0,"minecraft:jungle_planks":20,"regions_unexplored:redwood_planks":12,"mythicmetals:aquarium_nugget":18,"mythicmetals:mythril_sword":2,"minecraft:iron_shovel":1,"minecraft:iron_leggings":1,"minecraft:torch":8,"minecraft:acacia_planks":24,"mythicmetals:aquarium_ingot":2},"minecraft:broken":{"mutantmonsters:mutant_skeleton_skull":1,"minecraft:iron_shovel":1,"minecraft:golden_boots":1,"minecraft:leather_leggings":1,"minecraft:iron_boots":1,"minecraft:iron_leggings":1,"minecraft:golden_sword":1,"mutantmonsters:mutant_skeleton_leggings":1,"mutantmonsters:mutant_skeleton_boots":1,"immersive_armors:warrior_chestplate":1,"minecraft:leather_helmet":1,"immersive_armors:wooden_chestplate":1,"immersive_armors:wither_helmet":1,"minecraft:iron_axe":2,"minecraft:iron_helmet":1},"minecraft:mined":{"minerally:deepslate_emerald_crystal_0":1,"minerally:deepslate_emerald_crystal_1":1,"graveyard:gray_urn":1,"minecraft:mossy_stone_brick_slab":1,"minecraft:jungle_slab":1,"minecraft:jungle_leaves":2,"mythicmetals:deepslate_morkite_ore":10,"minecraft:brewing_stand":1,"minecraft:obsidian":19,"minecraft:acacia_log":4,"minecraft:grass_block":39,"clutter:deepslate_silver_ore":3,"minecraft:jungle_log":5,"twigs:twig":1,"minecraft:spawner":1,"minecraft:chiseled_stone_bricks":1,"minerally:deepslate_copper_pile_0":1,"minecraft:iron_ore":27,"minecraft:sticky_piston":1,"minecraft:fire":20,"minecraft:moss_carpet":2,"clutter:cow_plushie":1,"minecraft:polished_deepslate_slab":4,"minecraft:dirt_path":1,"minecraft:oak_stairs":7,"minecraft:quartz_slab":3,"minecraft:deepslate_brick_stairs":1,"graveyard:wither_skull_pile":1,"minecraft:tripwire":1,"archon:magical_bookshelf":11,"graveyard:white_urn":1,"minecraft:soul_lantern":1,"minecraft:torch":5,"minecraft:blast_furnace":1,"minecraft:poppy":3,"minecraft:calcite":1,"minecraft:chest":4,"minerally:deepslate_emerald_crystal":1,"minecraft:dead_bush":2,"minerally:deepslate_copper_pile":1,"minecraft:polished_diorite_slab":1,"minecraft:cobblestone":61,"graveyard:skeleton_hand":1,"minecraft:damaged_anvil":2,"minecraft:oak_planks":6,"minecraft:bricks":2,"minecraft:iron_door":1,"minecraft:wall_torch":2,"minecraft:skeleton_skull":2,"mythicmetals:manganese_ore":5,"minecraft:grass":37,"artifality:medium_lunar_crystal_cluster":1,"minecraft:oak_log":78,"minecraft:dirt":283,"archon:earth_node":4,"minecraft:sand":8,"mythicmetals:morkite_ore":3,"artifality:lunar_crystal_geode":2,"minerally:deepslate_copper_pile_1":1,"twigs:rhyolite":1,"minecraft:wither_skeleton_skull":1,"minecraft:oak_leaves":44,"minecraft:deepslate":211,"minecraft:diamond_ore":6,"minecraft:tuff":3,"minecraft:mossy_cobblestone":1,"minecraft:deepslate_diamond_ore":8,"epicknightsnmages:deepslate_citrin_ore":12,"promenade:palm_planks":1,"minecraft:cobbled_deepslate_slab":3,"minecraft:decorated_pot":2,"minecraft:jungle_planks":4,"minecraft:redstone_wire":1,"minerally:deepslate_iron_pile_1":1,"minecraft:soul_campfire":1,"minecraft:polished_andesite_slab":1,"minecraft:moss_block":2,"minecraft:sandstone":1,"minecraft:hay_block":9,"mythicmetals:quadrillum_ore":1,"clutter:bonfire":1,"minecraft:andesite":1,"mythicmetals:tin_ore":11,"mythicmetals:deepslate_mythril_ore":2,"treechop:chopped_log":9,"minerally:deepslate_iron_pile":1,"minerally:deepslate_iron_pile_0":1,"soulsweapons:moonstone_ore_deepslate":5,"graveyard:sarcophagus":2,"minecraft:bookshelf":94,"bewitchment:salt_ore":15,"minecraft:deepslate_iron_ore":18,"minecraft:vine":2,"minecraft:lantern":13,"minecraft:stripped_oak_log":19,"regions_unexplored:medium_grass":2,"minecraft:stone":1707,"regions_unexplored:redwood_log":2,"minecraft:oak_slab":2,"minecraft:acacia_leaves":4,"minecraft:scaffolding":1,"promenade:blunite":29,"minecraft:stone_brick_slab":1,"minecraft:observer":1,"galosphere:deepslate_silver_ore":8,"minecraft:dandelion":1,"minecraft:crafting_table":1,"minecraft:cyan_stained_glass_pane":1,"minecraft:emerald_ore":3,"regions_unexplored:dead_leaves":1,"minecraft:copper_ore":6,"minecraft:tall_grass":32,"minecraft:deepslate_coal_ore":6,"witcher_rpg:meteorite_ore":1,"minecraft:deepslate_gold_ore":15,"minerally:gold_rock":2,"graveyard:vase_block":14,"minerally:iron_rock":1,"mythicmounts:firebird_feather2":1,"minecraft:coal_ore":156,"graveyard:leaning_skeleton":1,"minecraft:cracked_stone_bricks":2,"minecraft:stone_bricks":15,"minecraft:mossy_stone_bricks":2,"minecraft:chipped_anvil":3,"minecraft:fern":3,"minecraft:dark_oak_planks":1}},"DataVersion":3465}