{"stats":{"minecraft:used":{"minecraft:flint_and_steel":1,"minecraft:iron_shovel":135,"minecraft:stone_shovel":131,"minecraft:ladder":27,"minecraft:chest":8,"minecraft:wooden_shovel":44,"minecraft:trial_key":2,"minecraft:torch":4,"minecraft:dirt":21,"minecraft:hopper":11,"minecraft:carrot":2,"minecraft:jungle_slab":27,"minecraft:obsidian":12,"minecraft:jungle_sapling":16,"minecraft:wooden_axe":61,"minecraft:lava_bucket":2,"minecraft:iron_axe":265,"minecraft:oak_sapling":4,"minecraft:furnace":1,"minecraft:cooked_beef":1,"minecraft:potato":5,"minecraft:calcite":4,"minecraft:water_bucket":47,"minecraft:stone_pickaxe":131,"minecraft:baked_potato":8,"minecraft:oak_planks":1,"minecraft:stonecutter":1,"minecraft:cobblestone_slab":427,"minecraft:crafting_table":2,"minecraft:oak_slab":181,"minecraft:campfire":1,"minecraft:dripstone_block":57,"minecraft:smoker":1,"minecraft:oak_log":1,"minecraft:diamond_pickaxe":437,"minecraft:apple":1,"minecraft:wind_charge":3,"minecraft:iron_pickaxe":1679,"minecraft:gravel":56,"minecraft:stone_axe":131,"minecraft:diamond_sword":131,"minecraft:cobblestone":182,"minecraft:bucket":59,"minecraft:oak_boat":2,"minecraft:bone_meal":3,"minecraft:smooth_stone":1},"minecraft:dropped":{"minecraft:water_bucket":2,"minecraft:oak_slab":67,"minecraft:moss_block":7,"minecraft:wheat_seeds":3,"minecraft:oak_log":91,"minecraft:diamond":5,"minecraft:crafting_table":1,"minecraft:dripstone_block":20,"minecraft:cobblestone":155,"minecraft:granite":1,"minecraft:jungle_planks":84,"minecraft:stick":2,"minecraft:dirt":78,"minecraft:diorite":7,"minecraft:stonecutter":1,"minecraft:smooth_stone":2,"minecraft:furnace":1,"minecraft:tuff":8,"minecraft:oak_planks":45,"minecraft:cobblestone_slab":1,"minecraft:potato":6,"minecraft:iron_chestplate":1,"minecraft:andesite":36,"minecraft:stone_pickaxe":1},"minecraft:broken":{"minecraft:stone_pickaxe":1,"minecraft:iron_axe":1,"minecraft:stone_axe":1,"minecraft:iron_pickaxe":6,"minecraft:wooden_axe":1,"minecraft:stone_shovel":1},"minecraft:killed":{"minecraft:witch":1,"minecraft:spider":24,"minecraft:phantom":1,"minecraft:skeleton":40,"minecraft:skeleton_horse":1,"minecraft:creeper":48,"minecraft:zombie":90},"minecraft:killed_by":{"minecraft:player":1,"minecraft:creeper":1},"minecraft:custom":{"minecraft:mob_kills":206,"minecraft:inspect_hopper":5,"minecraft:interact_with_crafting_table":87,"minecraft:time_since_death":3333,"minecraft:climb_one_cm":16478,"minecraft:sprint_one_cm":110617,"minecraft:walk_one_cm":439395,"minecraft:drop":39,"minecraft:talked_to_villager":38,"minecraft:play_time":258802,"minecraft:deaths":6,"minecraft:sneak_time":24768,"minecraft:walk_under_water_one_cm":34704,"minecraft:jump":1111,"minecraft:interact_with_blast_furnace":24,"minecraft:walk_on_water_one_cm":59039,"minecraft:total_world_time":258802,"minecraft:interact_with_furnace":71,"minecraft:traded_with_villager":10,"minecraft:interact_with_stonecutter":1,"minecraft:time_since_rest":3579,"minecraft:damage_taken":1839,"minecraft:damage_dealt":5351,"minecraft:swim_one_cm":8482,"minecraft:fly_one_cm":133079,"minecraft:open_chest":84,"minecraft:crouch_one_cm":102638,"minecraft:interact_with_smoker":10,"minecraft:fall_one_cm":12023},"minecraft:crafted":{"minecraft:obsidian":11,"minecraft:smooth_stone":1,"minecraft:oak_planks":128,"minecraft:cobblestone_slab":408,"minecraft:stone_shovel":1,"minecraft:iron_nugget":45,"minecraft:pointed_dripstone":4,"minecraft:furnace":2,"minecraft:stone":3,"minecraft:bone_meal":3,"minecraft:potato":6,"minecraft:flint_and_steel":2,"minecraft:hopper":10,"minecraft:iron_axe":2,"minecraft:stone_pickaxe":1,"minecraft:chest":15,"minecraft:jungle_sapling":6,"minecraft:smoker":1,"minecraft:magma_block":32,"minecraft:coal_block":1,"minecraft:tuff":9,"minecraft:oak_slab":144,"minecraft:wooden_shovel":1,"minecraft:diamond_sword":1,"minecraft:calcite":9,"minecraft:gravel":128,"minecraft:baked_potato":8,"minecraft:mossy_cobblestone":5,"minecraft:wheat_seeds":3,"minecraft:bucket":4,"minecraft:lava_bucket":9,"minecraft:campfire":1,"minecraft:stone_axe":1,"minecraft:glowstone":6,"minecraft:jungle_slab":36,"minecraft:air":0,"minecraft:jungle_planks":192,"minecraft:oak_boat":1,"minecraft:diamond_pickaxe":1,"minecraft:charcoal":6,"minecraft:cobblestone":94,"minecraft:stick":20,"minecraft:gunpowder":8,"minecraft:iron_ingot":138,"minecraft:iron_pickaxe":7,"minecraft:wooden_axe":2,"minecraft:iron_shovel":1,"minecraft:stonecutter":1,"minecraft:torch":4},"minecraft:mined":{"minecraft:oak_sapling":1,"minecraft:deepslate_diamond_ore":27,"minecraft:jungle_slab":7,"minecraft:jungle_leaves":18,"minecraft:obsidian":1,"minecraft:granite":37,"minecraft:grass_block":378,"minecraft:jungle_planks":15,"minecraft:jungle_log":115,"minecraft:spruce_leaves":98,"minecraft:moss_block":187,"minecraft:hopper":1,"minecraft:smooth_stone":1,"minecraft:redstone_ore":15,"minecraft:spruce_sapling":5,"minecraft:furnace":2,"minecraft:jungle_sapling":4,"minecraft:iron_ore":71,"minecraft:andesite":51,"minecraft:deepslate_lapis_ore":11,"minecraft:potatoes":4,"minecraft:deepslate_iron_ore":36,"minecraft:cobblestone_slab":31,"minecraft:vine":1,"minecraft:stripped_oak_log":1,"minecraft:stone":298,"minecraft:deepslate_redstone_ore":7,"minecraft:oak_slab":38,"minecraft:crafting_table":3,"minecraft:clay":30,"minecraft:chest":3,"minecraft:campfire":1,"minecraft:cobblestone":674,"minecraft:copper_ore":13,"minecraft:deepslate_coal_ore":35,"minecraft:deepslate_gold_ore":13,"minecraft:lapis_ore":20,"minecraft:oak_planks":1,"minecraft:diorite":31,"minecraft:deepslate_copper_ore":8,"minecraft:mud":124,"minecraft:oak_log":197,"minecraft:coal_ore":70,"minecraft:gravel":34,"minecraft:dripstone_block":111,"minecraft:dirt":30,"minecraft:terracotta":1,"minecraft:stonecutter":1,"minecraft:gold_ore":27,"minecraft:deepslate_emerald_ore":13,"minecraft:deepslate":19,"minecraft:oak_leaves":132},"minecraft:picked_up":{"minecraft:mud":136,"minecraft:charcoal":5,"minecraft:iron_chestplate":3,"minecraft:crafting_table":3,"minecraft:ladder":27,"minecraft:clay_ball":156,"minecraft:diamond_sword":1,"minecraft:wooden_pickaxe":2,"minecraft:wind_charge":3,"minecraft:string":5,"minecraft:raw_copper":61,"minecraft:iron_axe":1,"minecraft:flint_and_steel":1,"minecraft:iron_leggings":2,"minecraft:iron_shovel":1,"minecraft:cobbled_deepslate":12,"minecraft:smooth_stone":3,"minecraft:bucket":3,"minecraft:trial_key":2,"minecraft:oak_boat":2,"minecraft:cobblestone_slab":32,"minecraft:jungle_sapling":17,"minecraft:chest":3,"minecraft:furnace":1,"minecraft:phantom_membrane":2,"minecraft:iron_boots":2,"minecraft:stick":21,"minecraft:raw_iron":92,"minecraft:stone":1,"minecraft:torch":1,"minecraft:diorite":25,"minecraft:redstone":72,"minecraft:jungle_sign":1,"minecraft:stone_sword":2,"minecraft:rotten_flesh":8,"minecraft:arrow":19,"minecraft:gold_ingot":42,"minecraft:obsidian":1,"minecraft:cobblestone":399,"minecraft:stripped_oak_log":1,"minecraft:magma_block":12,"minecraft:cooked_beef":9,"minecraft:golden_carrot":4,"minecraft:water_bucket":1,"minecraft:jungle_log":113,"minecraft:andesite":66,"minecraft:potato":14,"minecraft:flint":2,"minecraft:tuff":8,"minecraft:oak_log":216,"minecraft:danger_pottery_sherd":2,"minecraft:dirt":393,"minecraft:lapis_lazuli":171,"minecraft:brown_candle":2,"minecraft:bone":14,"minecraft:apple":1,"minecraft:stonecutter":1,"minecraft:wheat_seeds":1,"minecraft:raw_gold":36,"minecraft:iron_ingot":27,"minecraft:stone_pickaxe":1,"minecraft:moss_block":208,"minecraft:oak_planks":97,"minecraft:oak_slab":110,"minecraft:dripstone_block":165,"minecraft:gravel":54,"minecraft:jungle_planks":31,"minecraft:spruce_sapling":10,"minecraft:spider_eye":4,"minecraft:jungle_slab":8,"minecraft:slime_ball":2,"minecraft:diamond":10,"minecraft:iron_helmet":4,"minecraft:granite":20,"minecraft:emerald":53,"minecraft:oak_button":1,"minecraft:terracotta":2,"minecraft:oak_sapling":14,"minecraft:coal":101,"minecraft:hopper":1,"minecraft:diamond_pickaxe":1}},"DataVersion":3953}