{"stats":{"minecraft:used":{"minecraft:iron_shovel":112,"minecraft:stone_shovel":131,"minecraft:chest":8,"minecraft:wooden_shovel":44,"minecraft:torch":3,"minecraft:dirt":13,"minecraft:hopper":11,"minecraft:jungle_slab":27,"minecraft:jungle_sapling":4,"minecraft:wooden_axe":61,"minecraft:lava_bucket":1,"minecraft:iron_axe":233,"minecraft:oak_sapling":4,"minecraft:furnace":1,"minecraft:water_bucket":9,"minecraft:stone_pickaxe":131,"minecraft:baked_potato":1,"minecraft:oak_planks":1,"minecraft:cobblestone_slab":102,"minecraft:crafting_table":1,"minecraft:oak_slab":169,"minecraft:campfire":1,"minecraft:dripstone_block":30,"minecraft:smoker":1,"minecraft:oak_log":1,"minecraft:iron_pickaxe":986,"minecraft:gravel":48,"minecraft:stone_axe":131,"minecraft:cobblestone":7,"minecraft:bucket":12,"minecraft:oak_boat":2,"minecraft:smooth_stone":1},"minecraft:dropped":{"minecraft:water_bucket":2,"minecraft:oak_slab":67,"minecraft:moss_block":7,"minecraft:wheat_seeds":3,"minecraft:oak_log":69,"minecraft:dripstone_block":4,"minecraft:cobblestone":120,"minecraft:granite":1,"minecraft:jungle_planks":84,"minecraft:stick":2,"minecraft:dirt":78,"minecraft:smooth_stone":2,"minecraft:tuff":8,"minecraft:oak_planks":5,"minecraft:potato":6,"minecraft:andesite":11,"minecraft:stone_pickaxe":1},"minecraft:broken":{"minecraft:stone_pickaxe":1,"minecraft:stone_axe":1,"minecraft:iron_pickaxe":3,"minecraft:wooden_axe":1,"minecraft:stone_shovel":1},"minecraft:killed":{"minecraft:skeleton":1},"minecraft:custom":{"minecraft:mob_kills":1,"minecraft:inspect_hopper":4,"minecraft:interact_with_crafting_table":66,"minecraft:time_since_death":142372,"minecraft:climb_one_cm":5727,"minecraft:sprint_one_cm":53824,"minecraft:walk_one_cm":285672,"minecraft:drop":27,"minecraft:talked_to_villager":35,"minecraft:play_time":174802,"minecraft:deaths":4,"minecraft:sneak_time":13059,"minecraft:walk_under_water_one_cm":10282,"minecraft:jump":611,"minecraft:interact_with_blast_furnace":15,"minecraft:walk_on_water_one_cm":26613,"minecraft:total_world_time":174802,"minecraft:interact_with_furnace":57,"minecraft:traded_with_villager":10,"minecraft:time_since_rest":142402,"minecraft:damage_taken":1118,"minecraft:damage_dealt":425,"minecraft:swim_one_cm":4283,"minecraft:fly_one_cm":58235,"minecraft:open_chest":23,"minecraft:crouch_one_cm":49174,"minecraft:interact_with_smoker":6,"minecraft:fall_one_cm":6604},"minecraft:crafted":{"minecraft:smooth_stone":1,"minecraft:oak_planks":108,"minecraft:cobblestone_slab":96,"minecraft:stone_shovel":1,"minecraft:iron_nugget":45,"minecraft:pointed_dripstone":4,"minecraft:furnace":2,"minecraft:stone":2,"minecraft:potato":6,"minecraft:flint_and_steel":1,"minecraft:hopper":10,"minecraft:iron_axe":1,"minecraft:stone_pickaxe":1,"minecraft:chest":15,"minecraft:jungle_sapling":6,"minecraft:smoker":1,"minecraft:magma_block":4,"minecraft:coal_block":1,"minecraft:tuff":9,"minecraft:oak_slab":144,"minecraft:wooden_shovel":1,"minecraft:calcite":9,"minecraft:gravel":120,"minecraft:baked_potato":1,"minecraft:mossy_cobblestone":5,"minecraft:wheat_seeds":3,"minecraft:bucket":4,"minecraft:lava_bucket":1,"minecraft:campfire":1,"minecraft:stone_axe":1,"minecraft:glowstone":6,"minecraft:jungle_slab":36,"minecraft:air":0,"minecraft:jungle_planks":192,"minecraft:oak_boat":1,"minecraft:charcoal":6,"minecraft:cobblestone":74,"minecraft:stick":12,"minecraft:gunpowder":8,"minecraft:iron_ingot":78,"minecraft:iron_pickaxe":4,"minecraft:wooden_axe":2,"minecraft:iron_shovel":1,"minecraft:torch":4},"minecraft:mined":{"minecraft:oak_sapling":1,"minecraft:jungle_slab":7,"minecraft:jungle_leaves":18,"minecraft:granite":4,"minecraft:grass_block":285,"minecraft:jungle_planks":15,"minecraft:jungle_log":115,"minecraft:spruce_leaves":78,"minecraft:moss_block":138,"minecraft:hopper":1,"minecraft:smooth_stone":1,"minecraft:redstone_ore":8,"minecraft:furnace":1,"minecraft:iron_ore":60,"minecraft:andesite":9,"minecraft:cobblestone_slab":10,"minecraft:vine":1,"minecraft:stripped_oak_log":1,"minecraft:stone":206,"minecraft:oak_slab":26,"minecraft:crafting_table":1,"minecraft:clay":5,"minecraft:chest":3,"minecraft:campfire":1,"minecraft:cobblestone":327,"minecraft:copper_ore":5,"minecraft:lapis_ore":6,"minecraft:oak_planks":1,"minecraft:diorite":7,"minecraft:mud":86,"minecraft:oak_log":149,"minecraft:coal_ore":57,"minecraft:gravel":26,"minecraft:dripstone_block":74,"minecraft:dirt":21,"minecraft:terracotta":1,"minecraft:gold_ore":12,"minecraft:oak_leaves":92},"minecraft:picked_up":{"minecraft:mud":85,"minecraft:charcoal":5,"minecraft:crafting_table":1,"minecraft:ladder":1,"minecraft:clay_ball":24,"minecraft:string":3,"minecraft:raw_copper":19,"minecraft:smooth_stone":3,"minecraft:oak_boat":2,"minecraft:cobblestone_slab":9,"minecraft:jungle_sapling":10,"minecraft:chest":3,"minecraft:stick":21,"minecraft:raw_iron":60,"minecraft:stone":1,"minecraft:torch":1,"minecraft:diorite":8,"minecraft:redstone":45,"minecraft:jungle_sign":1,"minecraft:arrow":1,"minecraft:cobblestone":299,"minecraft:stripped_oak_log":1,"minecraft:water_bucket":1,"minecraft:jungle_log":113,"minecraft:andesite":11,"minecraft:flint":1,"minecraft:oak_log":170,"minecraft:dirt":307,"minecraft:lapis_lazuli":38,"minecraft:bone":1,"minecraft:apple":1,"minecraft:wheat_seeds":1,"minecraft:raw_gold":12,"minecraft:iron_ingot":21,"minecraft:stone_pickaxe":1,"minecraft:moss_block":143,"minecraft:oak_planks":51,"minecraft:oak_slab":95,"minecraft:dripstone_block":73,"minecraft:gravel":47,"minecraft:jungle_planks":26,"minecraft:spruce_sapling":4,"minecraft:spider_eye":1,"minecraft:jungle_slab":7,"minecraft:slime_ball":1,"minecraft:granite":7,"minecraft:oak_button":1,"minecraft:terracotta":2,"minecraft:oak_sapling":13,"minecraft:coal":56,"minecraft:hopper":1}},"DataVersion":3953}