{"stats":{"minecraft:killed":{"minecraft:witch":2,"minecraft:spider":2,"minecraft:vindicator":2,"bewitchment:ghost":1,"minecraft:horse":3,"minecraft:skeleton":5,"minecraft:drowned":1,"minecraft:zombie_villager":3,"minecraft:iron_golem":1,"minecraft:creeper":2,"minecraft:pillager":1,"minecraft:zombie":6,"wildlife:milk_snake":1,"minecraft:cow":13},"minecraft:picked_up":{"tridents_n_stuff:prismarine_harpoon":5,"minecraft:crafting_table":1,"minecraft:wheat":65,"illagerinvasion:platinum_chunk":1,"minecraft:leather_leggings":1,"digs_dnd_origins:black_scale":4,"minecraft:shield":2,"minecraft:string":5,"minecraft:raw_copper":4,"minecraft:moss_carpet":2,"mutantmonsters:mutant_skeleton_skull":1,"minecraft:iron_axe":1,"minecraft:cobbled_deepslate":17,"minecraft:beef":29,"minecraft:poppy":2,"minecraft:stick":6,"minecraft:acacia_log":8,"spellbladenext:frost_orb":1,"farmersdelight:tomato_seeds":2,"mcdar:flaming_quiver":1,"mutantmonsters:mutant_skeleton_pelvis":1,"minecraft:dark_oak_planks":1,"bewitchment:garlic":1,"minecraft:arrow":10,"minecraft:rotten_flesh":10,"mutantmonsters:mutant_skeleton_rib":5,"mutantmonsters:mutant_skeleton_shoulder_pad":2,"twigs:tangerine_seashell":1,"minecraft:skeleton_skull":1,"minecraft:cobblestone":26,"minecraft:stripped_oak_log":6,"epicknightsnmages:citrin_gem":4,"minecraft:water_bucket":1,"minecraft:leather":12,"minecraft:filled_map":1,"minecraft:oak_log":97,"minecraft:gunpowder":3,"mutantmonsters:mutant_skeleton_limb":8,"bewitchment:aconite_seeds":1,"minecraft:dirt":22,"regions_unexplored:small_oak_sapling":2,"minecraft:leather_boots":1,"minecraft:bone":5,"minecraft:wheat_seeds":7,"bewitchment:mandrake_seeds":2,"minecraft:iron_ingot":4,"minecraft:stone_pickaxe":1,"galosphere:raw_silver":2,"twigs:twig":45,"minecraft:glass_bottle":8,"minecraft:moss_block":10,"minecraft:acacia_sapling":5,"minecraft:sand":30,"minecraft:jungle_planks":4,"bewitchment:salt":15,"minecraft:jungle_slab":1,"minecraft:spider_eye":2,"minecraft:leather_helmet":1,"galosphere:silver_nugget":1,"clutter:copper_coin":8,"minecraft:sugar":2,"minecraft:stone_axe":1,"minecraft:crossbow":1,"minecraft:golden_apple":1,"minecraft:emerald":3,"minecraft:oak_sapling":63,"minecraft:coal":5,"minecraft:diamond_pickaxe":1,"regions_unexplored:small_oak_log":9},"minecraft:killed_by":{"minecraft:skeleton":1,"minecraft:zombie":4},"minecraft:custom":{"lootr:looted_stat":43,"minecraft:mob_kills":46,"minecraft:interact_with_crafting_table":34,"minecraft:open_barrel":57,"minecraft:damage_dealt_resisted":0,"minecraft:leave_game":1,"minecraft:time_since_death":15716,"minecraft:damage_resisted":0,"minecraft:sprint_one_cm":134654,"minecraft:walk_one_cm":242592,"minecraft:damage_blocked_by_shield":220,"minecraft:drop":22,"minecraft:talked_to_villager":2,"minecraft:play_time":117560,"minecraft:deaths":5,"minecraft:sneak_time":4820,"minecraft:walk_under_water_one_cm":13506,"minecraft:jump":1646,"minecraft:walk_on_water_one_cm":11611,"minecraft:total_world_time":117560,"minecraft:hex":0,"minecraft:time_since_rest":15753,"minecraft:damage_taken":3640,"minecraft:damage_absorbed":120,"minecraft:damage_dealt":9724,"minecraft:swim_one_cm":12806,"minecraft:fly_one_cm":306642,"minecraft:open_chest":24,"minecraft:crouch_one_cm":22828,"minecraft:interact_with_smoker":2,"minecraft:fall_one_cm":59793},"minecraft:used":{"minecraft:iron_shovel":11,"minecraft:poppy":2,"minecraft:shield":8,"minecraft:chest":2,"minecraft:iron_sword":46,"minecraft:dirt":4,"minecraft:dark_oak_planks":1,"spellbladenext:frost_orb":7,"minecraft:iron_axe":185,"minecraft:barrel":3,"twigs:tangerine_seashell":1,"minecraft:golden_sword":2,"minecraft:acacia_planks":2,"bewitchment:garlic":1,"minecraft:water_bucket":1,"minecraft:baked_potato":2,"minecraft:oak_planks":7,"minecraft:salmon":5,"minecraft:golden_apple":3,"minecraft:glow_berries":4,"minecraft:crafting_table":1,"mcdar:buzzy_nest":3,"minecraft:crossbow":1,"minecraft:campfire":1,"minecraft:diamond_pickaxe":59,"minecraft:bread":25,"minecraft:wooden_sword":45,"minecraft:cobblestone":5,"minecraft:bucket":1,"minecraft:pumpkin_pie":5,"minecraft:stripped_oak_log":3},"minecraft:dropped":{"farmersdelight:tomato_seeds":2,"minecraft:oak_log":77,"minecraft:glass_bottle":6,"clutter:copper_coin":8,"minecraft:stick":3,"minecraft:wooden_sword":1,"minecraft:iron_pickaxe":1,"minecraft:acacia_planks":1,"twigs:twig":1,"mcdar:flaming_quiver":1,"minecraft:stone_axe":1,"spellbladenext:frost_orb":1,"minecraft:oak_planks":5,"minecraft:shield":2,"bewitchment:mandrake_seeds":1,"minecraft:wooden_pickaxe":1},"minecraft:crafted":{"mutantmonsters:mutant_skeleton_leggings":1,"minecraft:oak_planks":80,"inmis:baby_backpack":2,"mutantmonsters:mutant_skeleton_arms":1,"minecraft:iron_axe":2,"mutantmonsters:mutant_skeleton_boots":1,"minecraft:chest":4,"minecraft:crafting_table":1,"minecraft:wooden_pickaxe":1,"minecraft:iron_sword":1,"minecraft:campfire":1,"minecraft:bread":38,"minecraft:iron_chestplate":1,"minecraft:stick":26,"minecraft:iron_ingot":5,"minecraft:iron_pickaxe":1,"minecraft:iron_shovel":1,"minecraft:iron_leggings":1,"minecraft:acacia_planks":12},"minecraft:broken":{"minecraft:leather_helmet":1,"mutantmonsters:mutant_skeleton_skull":1,"immersive_armors:wooden_chestplate":1,"minecraft:leather_leggings":1,"mutantmonsters:mutant_skeleton_leggings":1,"mutantmonsters:mutant_skeleton_boots":1,"minecraft:iron_axe":2,"immersive_armors:warrior_chestplate":1},"minecraft:mined":{"epicknightsnmages:deepslate_citrin_ore":4,"minecraft:jungle_slab":1,"minecraft:acacia_log":3,"minecraft:grass_block":1,"minecraft:jungle_planks":4,"treechop:chopped_log":6,"bewitchment:salt_ore":10,"minecraft:stripped_oak_log":6,"regions_unexplored:medium_grass":1,"minecraft:stone":23,"minecraft:acacia_leaves":3,"galosphere:deepslate_silver_ore":2,"minecraft:crafting_table":1,"minecraft:poppy":1,"minecraft:dead_bush":1,"minecraft:copper_ore":1,"minecraft:tall_grass":2,"minecraft:grass":6,"minecraft:oak_log":14,"minecraft:sand":7,"minecraft:dirt":4,"minecraft:oak_leaves":20,"minecraft:deepslate":19,"minecraft:fern":1,"minecraft:dark_oak_planks":1}},"DataVersion":3465}