{"stats":{"minecraft:killed":{"minecraft:witch":2,"minecraft:spider":7,"minecraft:skeleton":12,"minecraft:zombie_villager":3,"minecraft:iron_golem":1,"minecraft:creeper":2,"minecraft:sheep":2,"minecraft:pillager":8,"minecraft:zombie":27,"minecraft:mooshroom":1,"meadow:wooly_cow":3,"wildlife:milk_snake":1,"minecraft:cow":19,"minecraft:vindicator":2,"bewitchment:ghost":1,"minecraft:phantom":2,"minecraft:horse":6,"minecraft:drowned":1,"minecraft:wither_skeleton":1},"minecraft:picked_up":{"minecraft:wheat":70,"illagerinvasion:platinum_chunk":5,"bewitchment:dragons_blood_sapling":2,"minecraft:oak_stairs":1,"soulsweapons:moonstone":5,"minecraft:enchanted_book":1,"minecraft:brewing_stand":1,"minecraft:amethyst_block":1,"minecraft:string":13,"minecraft:raw_copper":7,"mutantmonsters:mutant_skeleton_skull":1,"graveyard:sarcophagus":2,"minecraft:sticky_piston":1,"minecraft:cobbled_deepslate":215,"minecraft:calcite":1,"minecraft:iron_pickaxe":1,"regions_unexplored:redwood_log":3,"minecraft:iron_boots":1,"minecraft:stick":6,"minecraft:acacia_log":8,"minecraft:torch":7,"spellbladenext:whirlwindoil":1,"spellbladenext:frost_orb":1,"artifality:balloon":1,"mythicmetals:morkite":33,"mutantmonsters:mutant_skeleton_pelvis":1,"minecraft:rotten_flesh":98,"mythicmetals:raw_manganese":6,"graveyard:gray_urn":1,"mutantmonsters:mutant_skeleton_shoulder_pad":2,"minecraft:deepslate_brick_stairs":1,"minecraft:obsidian":19,"twigs:tangerine_seashell":1,"minecraft:cobblestone":107,"minecraft:polished_diorite_slab":1,"minecraft:cooked_beef":19,"minecraft:water_bucket":1,"minecraft:tuff":3,"minecraft:wither_skeleton_skull":2,"minecraft:dirt":97,"minecraft:leather_boots":1,"minecraft:bone":25,"minecraft:chipped_anvil":3,"minecraft:wheat_seeds":21,"minecraft:raw_gold":17,"minecraft:cobbled_deepslate_slab":2,"graveyard:white_urn":1,"twigs:twig":52,"galosphere:raw_silver":8,"minecraft:moss_block":15,"meadow:umbra_wool":3,"archon:earth_gem":4,"minecraft:jungle_planks":4,"minecraft:sand":30,"mythicmetals:raw_quadrillum":1,"minecraft:jungle_slab":1,"minecraft:spectral_arrow":5,"galosphere:silver_nugget":6,"clutter:copper_coin":8,"minecraft:sugar":2,"minecraft:diamond":8,"minecraft:soul_lantern":1,"minecraft:crossbow":1,"minecraft:golden_apple":1,"minecraft:emerald":14,"minecraft:oak_sapling":69,"minecraft:bricks":2,"minecraft:diamond_pickaxe":2,"tridents_n_stuff:prismarine_harpoon":5,"minecraft:charcoal":5,"minecraft:crafting_table":1,"minecraft:leather_leggings":1,"digs_dnd_origins:black_scale":4,"minecraft:shield":2,"minecraft:moss_carpet":2,"minecraft:iron_axe":1,"minecraft:quartz_slab":4,"clutter:raw_silver":10,"minecraft:beef":29,"minecraft:poppy":2,"mythicmetals:raw_mythril":2,"minecraft:phantom_membrane":1,"minecraft:egg":1,"minecraft:raw_iron":50,"minecraft:polished_deepslate_slab":4,"minecraft:copper_ingot":2,"farmersdelight:tomato_seeds":2,"meadow:inky_wool":2,"mcdar:flaming_quiver":1,"minecraft:dark_oak_planks":1,"minecraft:arrow":29,"bewitchment:garlic":1,"galosphere:silver_upgrade_smithing_template":1,"mutantmonsters:mutant_skeleton_rib":5,"witcher_rpg:dark_iron_witcher_sword":1,"minecraft:skeleton_skull":3,"minecraft:stripped_oak_log":6,"epicknightsnmages:citrin_gem":12,"minecraft:leather":27,"minecraft:filled_map":1,"minecraft:oak_log":154,"minecraft:gunpowder":7,"bewitchment:aconite_seeds":1,"mutantmonsters:mutant_skeleton_limb":8,"regions_unexplored:small_oak_sapling":2,"minecraft:cooked_mutton":4,"minecraft:stone_bricks":7,"bewitchment:mandrake_seeds":2,"minecraft:iron_ingot":30,"minecraft:stone_pickaxe":1,"minecraft:cobweb":9,"artifacts:steadfast_spikes":1,"minecraft:glass_bottle":8,"minecraft:acacia_sapling":5,"minecraft:book":3,"minecraft:pink_bed":1,"bewitchment:belladonna_seeds":2,"minecraft:amethyst_shard":9,"bewitchment:salt":15,"minecraft:blast_furnace":1,"minecraft:spider_eye":2,"minecraft:leather_helmet":1,"regions_unexplored:fireweed":3,"minecraft:stone_axe":1,"minecraft:baked_potato":1,"minecraft:damaged_anvil":2,"minecraft:melon_seeds":4,"minecraft:coal":102,"regions_unexplored:small_oak_log":9},"minecraft:killed_by":{"minecraft:zombie":4,"minecraft:skeleton":1},"minecraft:custom":{"lootr:looted_stat":57,"minecraft:interact_with_crafting_table":44,"minecraft:open_barrel":112,"minecraft:leave_game":5,"minecraft:time_since_death":173507,"minecraft:damage_resisted":0,"minecraft:sprint_one_cm":197720,"minecraft:damage_blocked_by_shield":220,"minecraft:drop":55,"minecraft:talked_to_villager":2,"minecraft:play_time":275351,"minecraft:deaths":5,"minecraft:jump":2911,"minecraft:walk_on_water_one_cm":17720,"minecraft:interact_with_furnace":4,"minecraft:sleep_in_bed":1,"minecraft:damage_dealt":23235,"minecraft:crouch_one_cm":43550,"minecraft:interact_with_smoker":2,"minecraft:mob_kills":109,"minecraft:damage_dealt_resisted":1527,"minecraft:climb_one_cm":6217,"minecraft:walk_one_cm":504245,"minecraft:sneak_time":9238,"minecraft:walk_under_water_one_cm":14300,"minecraft:interact_with_blast_furnace":4,"minecraft:total_world_time":275351,"minecraft:hex":0,"minecraft:time_since_rest":62896,"minecraft:damage_taken":5491,"minecraft:damage_absorbed":120,"minecraft:swim_one_cm":18462,"minecraft:fly_one_cm":409943,"minecraft:open_chest":48,"minecraft:fall_one_cm":128177},"minecraft:used":{"minecraft:iron_shovel":15,"minecraft:poppy":2,"minecraft:chest":2,"minecraft:shield":8,"minecraft:iron_sword":199,"graveyard:white_urn":1,"graveyard:vase_block":13,"mythicmetals:mythril_sword":90,"graveyard:gray_urn":1,"spellbladenext:frost_orb":7,"minecraft:stone_bricks":7,"minecraft:golden_sword":35,"bewitchment:garlic":1,"minecraft:oak_planks":7,"minecraft:golden_apple":3,"minecraft:glow_berries":4,"minecraft:crossbow":1,"minecraft:blast_furnace":1,"regions_unexplored:fireweed":2,"minecraft:sticky_piston":1,"minecraft:bread":58,"minecraft:wooden_sword":45,"minecraft:experience_bottle":26,"graveyard:sarcophagus":2,"minecraft:torch":19,"minecraft:dirt":4,"minecraft:dark_oak_planks":1,"minecraft:iron_axe":286,"minecraft:oak_stairs":1,"twigs:tangerine_seashell":1,"minecraft:barrel":3,"minecraft:acacia_planks":2,"minecraft:cobbled_deepslate":25,"minecraft:water_bucket":11,"minecraft:baked_potato":2,"minecraft:salmon":5,"minecraft:crafting_table":1,"mcdar:buzzy_nest":3,"minecraft:campfire":1,"minecraft:diamond_pickaxe":572,"minecraft:iron_pickaxe":71,"minecraft:pink_bed":1,"minecraft:cobblestone":5,"minecraft:bucket":11,"minecraft:pumpkin_pie":5,"minecraft:stripped_oak_log":3},"minecraft:dropped":{"minecraft:moss_block":1,"minecraft:oak_log":141,"minecraft:glass_bottle":6,"minecraft:crossbow":1,"minecraft:wooden_sword":1,"minecraft:iron_pickaxe":2,"bewitchment:belladonna_seeds":2,"twigs:twig":4,"minecraft:stone_axe":1,"bewitchment:salt":15,"mythicmetals:raw_quadrillum":3,"minecraft:rotten_flesh":34,"minecraft:oak_planks":6,"minecraft:charcoal":5,"farmersdelight:tomato_seeds":2,"regions_unexplored:fireweed":1,"minecraft:wheat_seeds":2,"clutter:copper_coin":8,"minecraft:cobblestone":4,"minecraft:book":5,"minecraft:amethyst_block":1,"minecraft:stick":3,"minecraft:cobweb":5,"inmis:plated_backpack":1,"minecraft:string":1,"minecraft:acacia_planks":1,"mcdar:flaming_quiver":1,"minecraft:bricks":2,"minecraft:polished_diorite_slab":1,"minecraft:wither_skeleton_skull":1,"spellbladenext:frost_orb":1,"minecraft:shield":2,"bewitchment:mandrake_seeds":1,"minecraft:diamond_pickaxe":1,"minecraft:oak_sapling":6,"minecraft:wooden_pickaxe":1,"minecraft:calcite":1,"archon:earth_gem":4},"minecraft:crafted":{"mutantmonsters:mutant_skeleton_leggings":1,"minecraft:oak_planks":92,"inmis:baby_backpack":2,"mutantmonsters:mutant_skeleton_arms":1,"minecraft:iron_boots":1,"mutantmonsters:mutant_skeleton_boots":1,"minecraft:chest":6,"minecraft:crafting_table":1,"minecraft:wooden_pickaxe":1,"minecraft:copper_ingot":27,"minecraft:campfire":1,"minecraft:iron_chestplate":1,"inmis:plated_backpack":2,"minecraft:stick":30,"minecraft:iron_ingot":5,"minecraft:iron_pickaxe":1,"inmis:frayed_backpack":2,"inmis:gilded_backpack":1,"mythicmetals:mythril_ingot":4,"minecraft:iron_axe":2,"minecraft:iron_sword":1,"minecraft:bread":38,"minecraft:air":0,"regions_unexplored:redwood_planks":12,"mythicmetals:mythril_sword":2,"minecraft:iron_shovel":1,"minecraft:iron_leggings":1,"minecraft:acacia_planks":12,"minecraft:torch":8},"minecraft:broken":{"mutantmonsters:mutant_skeleton_skull":1,"minecraft:golden_boots":1,"minecraft:leather_leggings":1,"mutantmonsters:mutant_skeleton_leggings":1,"minecraft:golden_sword":1,"mutantmonsters:mutant_skeleton_boots":1,"immersive_armors:warrior_chestplate":1,"minecraft:leather_helmet":1,"immersive_armors:wooden_chestplate":1,"minecraft:iron_axe":2},"minecraft:mined":{"minecraft:dark_oak_planks":1,"minerally:deepslate_emerald_crystal_0":1,"minerally:deepslate_emerald_crystal_1":1,"graveyard:gray_urn":1,"minecraft:jungle_slab":1,"minecraft:brewing_stand":1,"mythicmetals:deepslate_morkite_ore":10,"minecraft:obsidian":19,"minecraft:acacia_log":3,"minecraft:grass_block":6,"clutter:deepslate_silver_ore":3,"twigs:twig":1,"minerally:deepslate_copper_pile_0":1,"minecraft:iron_ore":27,"minecraft:sticky_piston":1,"minecraft:polished_deepslate_slab":4,"minecraft:oak_stairs":1,"minecraft:quartz_slab":3,"minecraft:deepslate_brick_stairs":1,"graveyard:wither_skull_pile":1,"graveyard:white_urn":1,"minecraft:soul_lantern":1,"minecraft:torch":5,"minecraft:blast_furnace":1,"minecraft:poppy":1,"minecraft:calcite":1,"minecraft:dead_bush":1,"minerally:deepslate_emerald_crystal":1,"minerally:deepslate_copper_pile":1,"minecraft:polished_diorite_slab":1,"minecraft:cobblestone":2,"graveyard:skeleton_hand":1,"minecraft:damaged_anvil":2,"minecraft:bricks":2,"minecraft:wall_torch":2,"minecraft:skeleton_skull":2,"mythicmetals:manganese_ore":5,"minecraft:grass":10,"artifality:medium_lunar_crystal_cluster":1,"minecraft:oak_log":72,"archon:earth_node":4,"minecraft:sand":7,"minecraft:dirt":7,"mythicmetals:morkite_ore":3,"artifality:lunar_crystal_geode":2,"minerally:deepslate_copper_pile_1":1,"twigs:rhyolite":1,"minecraft:wither_skeleton_skull":1,"minecraft:oak_leaves":42,"minecraft:deepslate":211,"minecraft:tuff":3,"minecraft:mossy_cobblestone":1,"minecraft:deepslate_diamond_ore":8,"epicknightsnmages:deepslate_citrin_ore":12,"minecraft:cobbled_deepslate_slab":3,"minecraft:jungle_planks":4,"minerally:deepslate_iron_pile_1":1,"mythicmetals:quadrillum_ore":1,"mythicmetals:deepslate_mythril_ore":2,"treechop:chopped_log":7,"minerally:deepslate_iron_pile":1,"minerally:deepslate_iron_pile_0":1,"soulsweapons:moonstone_ore_deepslate":5,"minecraft:bookshelf":1,"graveyard:sarcophagus":2,"minecraft:deepslate_iron_ore":18,"bewitchment:salt_ore":12,"minecraft:vine":2,"minecraft:stripped_oak_log":6,"regions_unexplored:medium_grass":1,"minecraft:stone":101,"regions_unexplored:redwood_log":2,"minecraft:acacia_leaves":3,"galosphere:deepslate_silver_ore":8,"minecraft:crafting_table":1,"minecraft:cyan_stained_glass_pane":1,"minecraft:tall_grass":6,"minecraft:copper_ore":1,"minecraft:deepslate_coal_ore":6,"minecraft:deepslate_gold_ore":15,"minerally:gold_rock":2,"graveyard:vase_block":14,"minerally:iron_rock":1,"minecraft:coal_ore":94,"graveyard:leaning_skeleton":1,"minecraft:stone_bricks":7,"minecraft:chipped_anvil":3,"minecraft:fern":1}},"DataVersion":3465}