{"stats":{"minecraft:picked_up":{"mutantmonsters:mutant_skeleton_skull":1,"minecraft:wheat":64,"minecraft:water_bucket":1,"minecraft:leather_leggings":1,"bewitchment:mandrake_seeds":1,"mutantmonsters:mutant_skeleton_rib":5,"mutantmonsters:mutant_skeleton_shoulder_pad":2,"mutantmonsters:mutant_skeleton_limb":8,"minecraft:string":3,"minecraft:leather_helmet":1,"mutantmonsters:mutant_skeleton_pelvis":1},"minecraft:custom":{"minecraft:time_since_rest":14156,"lootr:looted_stat":7,"minecraft:crouch_one_cm":2796,"minecraft:play_time":14156,"minecraft:sprint_one_cm":9683,"minecraft:damage_taken":288,"minecraft:walk_one_cm":32100,"minecraft:sneak_time":293,"minecraft:damage_blocked_by_shield":220,"minecraft:mob_kills":1,"minecraft:jump":118,"minecraft:damage_dealt":263,"minecraft:walk_on_water_one_cm":185,"minecraft:time_since_death":14156,"minecraft:interact_with_smoker":2,"minecraft:total_world_time":14156,"minecraft:hex":0,"minecraft:interact_with_crafting_table":4,"minecraft:fall_one_cm":7283,"minecraft:fly_one_cm":13046},"minecraft:used":{"minecraft:water_bucket":1,"minecraft:glow_berries":1,"minecraft:wooden_sword":5,"minecraft:bread":4,"minecraft:bucket":1,"minecraft:shield":8},"minecraft:crafted":{"mutantmonsters:mutant_skeleton_arms":1,"mutantmonsters:mutant_skeleton_boots":1},"minecraft:mined":{"minecraft:grass":2,"minecraft:tall_grass":1,"minecraft:fern":1}},"DataVersion":3465}