{"stats":{"minecraft:killed":{"minecraft:witch":2,"minecraft:spider":7,"minecraft:vindicator":2,"bewitchment:ghost":1,"minecraft:phantom":2,"minecraft:skeleton":12,"minecraft:horse":6,"minecraft:drowned":1,"minecraft:zombie_villager":3,"minecraft:iron_golem":1,"minecraft:creeper":2,"minecraft:sheep":2,"minecraft:pillager":8,"minecraft:zombie":27,"minecraft:mooshroom":1,"meadow:wooly_cow":3,"wildlife:milk_snake":1,"minecraft:cow":19},"minecraft:picked_up":{"tridents_n_stuff:prismarine_harpoon":5,"minecraft:charcoal":5,"minecraft:crafting_table":1,"minecraft:wheat":68,"illagerinvasion:platinum_chunk":5,"minecraft:leather_leggings":1,"minecraft:oak_stairs":1,"soulsweapons:moonstone":5,"minecraft:enchanted_book":1,"digs_dnd_origins:black_scale":4,"minecraft:shield":2,"minecraft:amethyst_block":1,"minecraft:string":13,"minecraft:moss_carpet":2,"mutantmonsters:mutant_skeleton_skull":1,"minecraft:raw_copper":7,"minecraft:iron_axe":1,"graveyard:sarcophagus":2,"minecraft:quartz_slab":4,"minecraft:sticky_piston":1,"clutter:raw_silver":10,"minecraft:cobbled_deepslate":215,"minecraft:beef":29,"minecraft:calcite":1,"minecraft:poppy":2,"minecraft:iron_pickaxe":1,"mythicmetals:raw_mythril":2,"minecraft:iron_boots":1,"minecraft:phantom_membrane":1,"regions_unexplored:redwood_log":3,"minecraft:egg":1,"minecraft:polished_deepslate_slab":4,"minecraft:stick":6,"minecraft:raw_iron":50,"minecraft:copper_ingot":2,"minecraft:torch":7,"minecraft:acacia_log":8,"artifality:balloon":1,"spellbladenext:frost_orb":1,"farmersdelight:tomato_seeds":2,"mythicmetals:morkite":33,"meadow:inky_wool":2,"mcdar:flaming_quiver":1,"mutantmonsters:mutant_skeleton_pelvis":1,"minecraft:dark_oak_planks":1,"galosphere:silver_upgrade_smithing_template":1,"bewitchment:garlic":1,"minecraft:arrow":29,"minecraft:rotten_flesh":97,"mythicmetals:raw_manganese":6,"graveyard:gray_urn":1,"mutantmonsters:mutant_skeleton_rib":5,"mutantmonsters:mutant_skeleton_shoulder_pad":2,"minecraft:obsidian":19,"twigs:tangerine_seashell":1,"minecraft:skeleton_skull":3,"minecraft:cobblestone":107,"minecraft:stripped_oak_log":6,"epicknightsnmages:citrin_gem":12,"minecraft:polished_diorite_slab":1,"minecraft:cooked_beef":19,"minecraft:water_bucket":1,"minecraft:leather":27,"minecraft:filled_map":1,"minecraft:tuff":3,"minecraft:oak_log":154,"minecraft:gunpowder":7,"minecraft:wither_skeleton_skull":2,"mutantmonsters:mutant_skeleton_limb":8,"bewitchment:aconite_seeds":1,"minecraft:dirt":97,"minecraft:chipped_anvil":3,"regions_unexplored:small_oak_sapling":2,"minecraft:leather_boots":1,"minecraft:cooked_mutton":4,"minecraft:bone":20,"minecraft:cobbled_deepslate_slab":2,"graveyard:white_urn":1,"minecraft:stone_bricks":7,"minecraft:cobweb":9,"minecraft:wheat_seeds":17,"minecraft:raw_gold":17,"bewitchment:mandrake_seeds":2,"minecraft:iron_ingot":28,"minecraft:stone_pickaxe":1,"artifacts:steadfast_spikes":1,"minecraft:moss_block":15,"minecraft:glass_bottle":8,"galosphere:raw_silver":8,"twigs:twig":52,"minecraft:acacia_sapling":5,"meadow:umbra_wool":3,"minecraft:book":3,"minecraft:pink_bed":1,"archon:earth_gem":4,"bewitchment:belladonna_seeds":2,"minecraft:sand":30,"minecraft:jungle_planks":4,"minecraft:amethyst_shard":9,"bewitchment:salt":15,"mythicmetals:raw_quadrillum":1,"minecraft:blast_furnace":1,"minecraft:spectral_arrow":5,"minecraft:jungle_slab":1,"minecraft:spider_eye":2,"minecraft:leather_helmet":1,"galosphere:silver_nugget":6,"clutter:copper_coin":8,"minecraft:sugar":2,"regions_unexplored:fireweed":3,"minecraft:diamond":8,"minecraft:stone_axe":1,"minecraft:crossbow":1,"minecraft:golden_apple":1,"minecraft:emerald":14,"minecraft:baked_potato":1,"minecraft:oak_sapling":69,"minecraft:damaged_anvil":2,"minecraft:bricks":2,"minecraft:coal":101,"regions_unexplored:small_oak_log":9,"minecraft:diamond_pickaxe":2},"minecraft:killed_by":{"minecraft:skeleton":1,"minecraft:zombie":4},"minecraft:custom":{"lootr:looted_stat":53,"minecraft:mob_kills":108,"minecraft:interact_with_crafting_table":44,"minecraft:open_barrel":112,"minecraft:damage_dealt_resisted":689,"minecraft:leave_game":5,"minecraft:time_since_death":161507,"minecraft:climb_one_cm":2618,"minecraft:damage_resisted":0,"minecraft:sprint_one_cm":191448,"minecraft:walk_one_cm":477812,"minecraft:damage_blocked_by_shield":220,"minecraft:drop":55,"minecraft:talked_to_villager":2,"minecraft:play_time":263351,"minecraft:sneak_time":9141,"minecraft:deaths":5,"minecraft:walk_under_water_one_cm":14098,"minecraft:jump":2757,"minecraft:interact_with_blast_furnace":4,"minecraft:walk_on_water_one_cm":17515,"minecraft:total_world_time":263351,"minecraft:interact_with_furnace":4,"minecraft:sleep_in_bed":1,"minecraft:hex":0,"minecraft:time_since_rest":50896,"minecraft:damage_taken":5001,"minecraft:damage_absorbed":120,"minecraft:damage_dealt":22171,"minecraft:swim_one_cm":18462,"minecraft:fly_one_cm":401794,"minecraft:open_chest":46,"minecraft:crouch_one_cm":42678,"minecraft:interact_with_smoker":2,"minecraft:fall_one_cm":109044},"minecraft:used":{"graveyard:sarcophagus":2,"minecraft:iron_shovel":15,"minecraft:poppy":2,"minecraft:chest":2,"minecraft:shield":8,"minecraft:iron_sword":199,"minecraft:torch":18,"graveyard:white_urn":1,"minecraft:dirt":4,"graveyard:vase_block":13,"mythicmetals:mythril_sword":64,"minecraft:dark_oak_planks":1,"graveyard:gray_urn":1,"spellbladenext:frost_orb":7,"minecraft:iron_axe":286,"minecraft:oak_stairs":1,"minecraft:stone_bricks":7,"minecraft:barrel":3,"twigs:tangerine_seashell":1,"minecraft:golden_sword":35,"minecraft:cobbled_deepslate":25,"minecraft:acacia_planks":2,"bewitchment:garlic":1,"minecraft:water_bucket":5,"minecraft:baked_potato":2,"minecraft:oak_planks":7,"minecraft:golden_apple":3,"minecraft:glow_berries":4,"minecraft:salmon":5,"minecraft:blast_furnace":1,"minecraft:crafting_table":1,"mcdar:buzzy_nest":3,"minecraft:crossbow":1,"minecraft:campfire":1,"minecraft:sticky_piston":1,"regions_unexplored:fireweed":2,"minecraft:diamond_pickaxe":566,"minecraft:bread":53,"minecraft:iron_pickaxe":71,"minecraft:pink_bed":1,"minecraft:wooden_sword":45,"minecraft:cobblestone":5,"minecraft:bucket":5,"minecraft:pumpkin_pie":5,"minecraft:experience_bottle":26,"minecraft:stripped_oak_log":3},"minecraft:dropped":{"farmersdelight:tomato_seeds":2,"minecraft:moss_block":1,"regions_unexplored:fireweed":1,"minecraft:wheat_seeds":2,"minecraft:oak_log":141,"minecraft:glass_bottle":6,"minecraft:cobblestone":4,"clutter:copper_coin":8,"minecraft:crossbow":1,"minecraft:book":5,"minecraft:amethyst_block":1,"minecraft:stick":3,"minecraft:cobweb":5,"inmis:plated_backpack":1,"minecraft:wooden_sword":1,"minecraft:iron_pickaxe":2,"minecraft:string":1,"bewitchment:belladonna_seeds":2,"minecraft:acacia_planks":1,"twigs:twig":4,"minecraft:bricks":2,"mcdar:flaming_quiver":1,"minecraft:stone_axe":1,"bewitchment:salt":15,"mythicmetals:raw_quadrillum":3,"minecraft:polished_diorite_slab":1,"minecraft:wither_skeleton_skull":1,"minecraft:rotten_flesh":34,"minecraft:oak_planks":6,"spellbladenext:frost_orb":1,"minecraft:shield":2,"bewitchment:mandrake_seeds":1,"minecraft:charcoal":5,"minecraft:diamond_pickaxe":1,"minecraft:oak_sapling":6,"minecraft:wooden_pickaxe":1,"minecraft:calcite":1,"archon:earth_gem":4},"minecraft:crafted":{"mutantmonsters:mutant_skeleton_leggings":1,"minecraft:oak_planks":92,"inmis:baby_backpack":2,"inmis:gilded_backpack":1,"mutantmonsters:mutant_skeleton_arms":1,"mythicmetals:mythril_ingot":4,"minecraft:iron_boots":1,"minecraft:iron_axe":2,"mutantmonsters:mutant_skeleton_boots":1,"minecraft:chest":6,"minecraft:crafting_table":1,"minecraft:copper_ingot":27,"minecraft:wooden_pickaxe":1,"minecraft:iron_sword":1,"minecraft:campfire":1,"minecraft:bread":38,"minecraft:air":0,"regions_unexplored:redwood_planks":12,"inmis:plated_backpack":2,"minecraft:iron_chestplate":1,"mythicmetals:mythril_sword":2,"minecraft:stick":30,"minecraft:iron_ingot":5,"minecraft:iron_pickaxe":1,"minecraft:iron_shovel":1,"minecraft:iron_leggings":1,"inmis:frayed_backpack":2,"minecraft:acacia_planks":12,"minecraft:torch":8},"minecraft:broken":{"minecraft:leather_helmet":1,"mutantmonsters:mutant_skeleton_skull":1,"immersive_armors:wooden_chestplate":1,"minecraft:golden_boots":1,"minecraft:leather_leggings":1,"minecraft:golden_sword":1,"mutantmonsters:mutant_skeleton_leggings":1,"mutantmonsters:mutant_skeleton_boots":1,"minecraft:iron_axe":2,"immersive_armors:warrior_chestplate":1},"minecraft:mined":{"minerally:deepslate_emerald_crystal_0":1,"minecraft:tuff":3,"minerally:deepslate_emerald_crystal_1":1,"minecraft:mossy_cobblestone":1,"graveyard:gray_urn":1,"minecraft:deepslate_diamond_ore":8,"epicknightsnmages:deepslate_citrin_ore":12,"minecraft:jungle_slab":1,"minecraft:cobbled_deepslate_slab":3,"mythicmetals:deepslate_morkite_ore":10,"minecraft:obsidian":19,"minecraft:acacia_log":3,"minecraft:grass_block":6,"minecraft:jungle_planks":4,"clutter:deepslate_silver_ore":3,"twigs:twig":1,"minerally:deepslate_iron_pile_1":1,"minerally:deepslate_copper_pile_0":1,"mythicmetals:quadrillum_ore":1,"minecraft:iron_ore":27,"minecraft:sticky_piston":1,"mythicmetals:deepslate_mythril_ore":2,"treechop:chopped_log":7,"minecraft:polished_deepslate_slab":4,"graveyard:sarcophagus":2,"minerally:deepslate_iron_pile":1,"minerally:deepslate_iron_pile_0":1,"minecraft:vine":2,"soulsweapons:moonstone_ore_deepslate":5,"minecraft:bookshelf":1,"bewitchment:salt_ore":12,"minecraft:deepslate_iron_ore":18,"minecraft:oak_stairs":1,"minecraft:quartz_slab":3,"minecraft:stripped_oak_log":6,"regions_unexplored:medium_grass":1,"minecraft:stone":101,"regions_unexplored:redwood_log":2,"minecraft:acacia_leaves":3,"graveyard:white_urn":1,"galosphere:deepslate_silver_ore":8,"minecraft:crafting_table":1,"minecraft:torch":5,"minecraft:blast_furnace":1,"minecraft:calcite":1,"minecraft:poppy":1,"graveyard:skeleton_hand":1,"minerally:deepslate_emerald_crystal":1,"minecraft:dead_bush":1,"minecraft:polished_diorite_slab":1,"minerally:deepslate_copper_pile":1,"minecraft:copper_ore":1,"minecraft:tall_grass":6,"minecraft:deepslate_coal_ore":6,"minecraft:cobblestone":2,"minecraft:damaged_anvil":2,"minecraft:deepslate_gold_ore":15,"minecraft:bricks":2,"minecraft:wall_torch":2,"minecraft:skeleton_skull":2,"minerally:gold_rock":2,"graveyard:vase_block":12,"mythicmetals:manganese_ore":5,"minerally:iron_rock":1,"minecraft:grass":10,"minecraft:oak_log":72,"artifality:medium_lunar_crystal_cluster":1,"minecraft:coal_ore":94,"graveyard:leaning_skeleton":1,"minecraft:dirt":7,"archon:earth_node":4,"minecraft:sand":7,"minecraft:wither_skeleton_skull":1,"mythicmetals:morkite_ore":3,"artifality:lunar_crystal_geode":2,"twigs:rhyolite":1,"minerally:deepslate_copper_pile_1":1,"minecraft:stone_bricks":7,"minecraft:chipped_anvil":3,"minecraft:oak_leaves":42,"minecraft:deepslate":211,"minecraft:fern":1,"minecraft:dark_oak_planks":1}},"DataVersion":3465}