{"stats":{"minecraft:used":{"minecraft:oak_log":1,"minecraft:wooden_axe":61,"minecraft:stone_shovel":45,"minecraft:stone_pickaxe":1,"minecraft:wooden_shovel":44,"minecraft:stone_axe":19,"minecraft:dirt":3,"minecraft:crafting_table":1,"minecraft:oak_slab":150,"minecraft:oak_sapling":2,"minecraft:furnace":1},"minecraft:broken":{"minecraft:wooden_axe":1},"minecraft:crafted":{"minecraft:oak_slab":138,"minecraft:oak_planks":96,"minecraft:wooden_shovel":1,"minecraft:stone_shovel":1,"minecraft:cobblestone":16,"minecraft:stick":12,"minecraft:stone_pickaxe":1,"minecraft:wooden_axe":2,"minecraft:furnace":1,"minecraft:mossy_cobblestone":1,"minecraft:wheat_seeds":3,"minecraft:stone_axe":1,"minecraft:potato":6,"minecraft:air":0},"minecraft:custom":{"minecraft:time_since_rest":17806,"minecraft:interact_with_furnace":2,"minecraft:sprint_one_cm":740,"minecraft:damage_taken":780,"minecraft:walk_one_cm":35314,"minecraft:damage_dealt":80,"minecraft:traded_with_villager":1,"minecraft:interact_with_crafting_table":16,"minecraft:talked_to_villager":2,"minecraft:fly_one_cm":1997,"minecraft:open_chest":3,"minecraft:crouch_one_cm":18875,"minecraft:play_time":18802,"minecraft:deaths":3,"minecraft:sneak_time":6096,"minecraft:jump":44,"minecraft:time_since_death":17771,"minecraft:total_world_time":18802,"minecraft:fall_one_cm":627},"minecraft:mined":{"minecraft:oak_slab":13,"minecraft:furnace":1,"minecraft:mud":10,"minecraft:crafting_table":1,"minecraft:grass_block":73,"minecraft:oak_log":35,"minecraft:dirt":13,"minecraft:stripped_oak_log":1,"minecraft:spruce_leaves":6,"minecraft:moss_block":34,"minecraft:oak_leaves":10},"minecraft:picked_up":{"minecraft:stick":2,"minecraft:stripped_oak_log":1,"minecraft:oak_slab":12,"minecraft:mud":9,"minecraft:crafting_table":1,"minecraft:oak_log":29,"minecraft:dirt":74,"minecraft:oak_sapling":3,"minecraft:moss_block":27}},"DataVersion":3953}