{"stats":{"minecraft:used":{"minecraft:oak_log":1,"minecraft:wooden_axe":61,"minecraft:stone_shovel":62,"minecraft:stone_pickaxe":56,"minecraft:wooden_shovel":44,"minecraft:stone_axe":42,"minecraft:dirt":3,"minecraft:crafting_table":1,"minecraft:oak_slab":150,"minecraft:oak_sapling":2,"minecraft:furnace":1,"minecraft:oak_boat":1},"minecraft:dropped":{"minecraft:oak_log":2},"minecraft:broken":{"minecraft:wooden_axe":1},"minecraft:crafted":{"minecraft:oak_boat":1,"minecraft:oak_slab":138,"minecraft:oak_planks":96,"minecraft:wooden_shovel":1,"minecraft:stone_shovel":1,"minecraft:cobblestone":16,"minecraft:stick":12,"minecraft:stone_pickaxe":1,"minecraft:wooden_axe":2,"minecraft:furnace":1,"minecraft:mossy_cobblestone":1,"minecraft:wheat_seeds":3,"minecraft:stone_axe":1,"minecraft:potato":6,"minecraft:air":0},"minecraft:custom":{"minecraft:time_since_rest":29806,"minecraft:interact_with_furnace":7,"minecraft:sprint_one_cm":2041,"minecraft:damage_taken":780,"minecraft:walk_one_cm":51284,"minecraft:drop":1,"minecraft:damage_dealt":80,"minecraft:traded_with_villager":1,"minecraft:interact_with_crafting_table":20,"minecraft:talked_to_villager":6,"minecraft:fly_one_cm":2435,"minecraft:open_chest":3,"minecraft:crouch_one_cm":18875,"minecraft:play_time":30802,"minecraft:deaths":3,"minecraft:sneak_time":6096,"minecraft:jump":63,"minecraft:time_since_death":29771,"minecraft:total_world_time":30802,"minecraft:fall_one_cm":836},"minecraft:mined":{"minecraft:oak_slab":13,"minecraft:furnace":1,"minecraft:mud":15,"minecraft:crafting_table":1,"minecraft:grass_block":91,"minecraft:oak_log":47,"minecraft:dirt":13,"minecraft:stripped_oak_log":1,"minecraft:spruce_leaves":13,"minecraft:stone":33,"minecraft:moss_block":47,"minecraft:oak_leaves":17},"minecraft:picked_up":{"minecraft:stick":5,"minecraft:stripped_oak_log":1,"minecraft:oak_slab":12,"minecraft:mud":16,"minecraft:crafting_table":1,"minecraft:oak_log":40,"minecraft:dirt":91,"minecraft:oak_sapling":4,"minecraft:moss_block":41,"minecraft:cobblestone":30}},"DataVersion":3953}