{"stats":{"minecraft:used":{"minecraft:flint_and_steel":1,"minecraft:iron_shovel":135,"minecraft:stone_shovel":131,"minecraft:chest":8,"minecraft:wooden_shovel":44,"minecraft:torch":4,"minecraft:dirt":21,"minecraft:hopper":11,"minecraft:carrot":2,"minecraft:jungle_slab":27,"minecraft:obsidian":12,"minecraft:jungle_sapling":16,"minecraft:wooden_axe":61,"minecraft:lava_bucket":2,"minecraft:iron_axe":255,"minecraft:oak_sapling":4,"minecraft:furnace":1,"minecraft:potato":5,"minecraft:calcite":4,"minecraft:water_bucket":14,"minecraft:stone_pickaxe":131,"minecraft:baked_potato":7,"minecraft:oak_planks":1,"minecraft:stonecutter":1,"minecraft:cobblestone_slab":427,"minecraft:crafting_table":1,"minecraft:oak_slab":172,"minecraft:campfire":1,"minecraft:dripstone_block":30,"minecraft:smoker":1,"minecraft:oak_log":1,"minecraft:diamond_pickaxe":135,"minecraft:apple":1,"minecraft:iron_pickaxe":1675,"minecraft:gravel":56,"minecraft:stone_axe":131,"minecraft:diamond_sword":44,"minecraft:cobblestone":133,"minecraft:bucket":28,"minecraft:oak_boat":2,"minecraft:bone_meal":3,"minecraft:smooth_stone":1},"minecraft:dropped":{"minecraft:water_bucket":2,"minecraft:oak_slab":67,"minecraft:moss_block":7,"minecraft:wheat_seeds":3,"minecraft:oak_log":91,"minecraft:diamond":5,"minecraft:dripstone_block":20,"minecraft:cobblestone":155,"minecraft:granite":1,"minecraft:jungle_planks":84,"minecraft:stick":2,"minecraft:dirt":78,"minecraft:diorite":7,"minecraft:smooth_stone":2,"minecraft:tuff":8,"minecraft:oak_planks":45,"minecraft:cobblestone_slab":1,"minecraft:potato":6,"minecraft:andesite":36,"minecraft:stone_pickaxe":1},"minecraft:broken":{"minecraft:stone_pickaxe":1,"minecraft:iron_axe":1,"minecraft:stone_axe":1,"minecraft:iron_pickaxe":6,"minecraft:wooden_axe":1,"minecraft:stone_shovel":1},"minecraft:killed":{"minecraft:witch":1,"minecraft:skeleton":23,"minecraft:skeleton_horse":1,"minecraft:creeper":34,"minecraft:zombie":65},"minecraft:custom":{"minecraft:mob_kills":124,"minecraft:inspect_hopper":5,"minecraft:interact_with_crafting_table":86,"minecraft:time_since_death":202372,"minecraft:climb_one_cm":9307,"minecraft:sprint_one_cm":93244,"minecraft:walk_one_cm":391778,"minecraft:drop":35,"minecraft:talked_to_villager":37,"minecraft:play_time":234802,"minecraft:deaths":4,"minecraft:sneak_time":22324,"minecraft:walk_under_water_one_cm":11997,"minecraft:jump":891,"minecraft:interact_with_blast_furnace":23,"minecraft:walk_on_water_one_cm":46655,"minecraft:total_world_time":234802,"minecraft:interact_with_furnace":71,"minecraft:traded_with_villager":10,"minecraft:interact_with_stonecutter":1,"minecraft:time_since_rest":202402,"minecraft:damage_taken":1221,"minecraft:damage_dealt":1420,"minecraft:swim_one_cm":4283,"minecraft:fly_one_cm":104011,"minecraft:open_chest":58,"minecraft:crouch_one_cm":95711,"minecraft:interact_with_smoker":10,"minecraft:fall_one_cm":9052},"minecraft:crafted":{"minecraft:obsidian":11,"minecraft:smooth_stone":1,"minecraft:oak_planks":128,"minecraft:cobblestone_slab":408,"minecraft:stone_shovel":1,"minecraft:iron_nugget":45,"minecraft:pointed_dripstone":4,"minecraft:furnace":2,"minecraft:stone":3,"minecraft:bone_meal":3,"minecraft:potato":6,"minecraft:flint_and_steel":2,"minecraft:hopper":10,"minecraft:iron_axe":2,"minecraft:stone_pickaxe":1,"minecraft:chest":15,"minecraft:jungle_sapling":6,"minecraft:smoker":1,"minecraft:magma_block":32,"minecraft:coal_block":1,"minecraft:tuff":9,"minecraft:oak_slab":144,"minecraft:wooden_shovel":1,"minecraft:diamond_sword":1,"minecraft:calcite":9,"minecraft:gravel":128,"minecraft:baked_potato":8,"minecraft:mossy_cobblestone":5,"minecraft:wheat_seeds":3,"minecraft:bucket":4,"minecraft:lava_bucket":9,"minecraft:campfire":1,"minecraft:stone_axe":1,"minecraft:glowstone":6,"minecraft:jungle_slab":36,"minecraft:air":0,"minecraft:jungle_planks":192,"minecraft:oak_boat":1,"minecraft:diamond_pickaxe":1,"minecraft:charcoal":6,"minecraft:cobblestone":94,"minecraft:stick":20,"minecraft:gunpowder":8,"minecraft:iron_ingot":138,"minecraft:iron_pickaxe":7,"minecraft:wooden_axe":2,"minecraft:iron_shovel":1,"minecraft:stonecutter":1,"minecraft:torch":4},"minecraft:mined":{"minecraft:oak_sapling":1,"minecraft:deepslate_diamond_ore":13,"minecraft:jungle_slab":7,"minecraft:jungle_leaves":18,"minecraft:obsidian":1,"minecraft:granite":21,"minecraft:grass_block":343,"minecraft:jungle_planks":15,"minecraft:jungle_log":115,"minecraft:spruce_leaves":95,"minecraft:moss_block":173,"minecraft:hopper":1,"minecraft:smooth_stone":1,"minecraft:redstone_ore":15,"minecraft:spruce_sapling":5,"minecraft:furnace":1,"minecraft:jungle_sapling":4,"minecraft:iron_ore":71,"minecraft:andesite":34,"minecraft:deepslate_lapis_ore":5,"minecraft:potatoes":4,"minecraft:deepslate_iron_ore":15,"minecraft:cobblestone_slab":31,"minecraft:vine":1,"minecraft:stripped_oak_log":1,"minecraft:stone":267,"minecraft:deepslate_redstone_ore":3,"minecraft:oak_slab":29,"minecraft:crafting_table":1,"minecraft:clay":17,"minecraft:chest":3,"minecraft:campfire":1,"minecraft:cobblestone":652,"minecraft:copper_ore":13,"minecraft:deepslate_coal_ore":13,"minecraft:deepslate_gold_ore":6,"minecraft:lapis_ore":20,"minecraft:oak_planks":1,"minecraft:diorite":23,"minecraft:deepslate_copper_ore":3,"minecraft:mud":108,"minecraft:oak_log":188,"minecraft:coal_ore":70,"minecraft:gravel":34,"minecraft:dripstone_block":100,"minecraft:dirt":30,"minecraft:terracotta":1,"minecraft:gold_ore":27,"minecraft:deepslate_emerald_ore":5,"minecraft:deepslate":9,"minecraft:oak_leaves":121},"minecraft:picked_up":{"minecraft:mud":106,"minecraft:charcoal":5,"minecraft:crafting_table":1,"minecraft:ladder":1,"minecraft:clay_ball":64,"minecraft:wooden_pickaxe":1,"minecraft:string":3,"minecraft:raw_copper":53,"minecraft:cobbled_deepslate":7,"minecraft:smooth_stone":3,"minecraft:oak_boat":2,"minecraft:cobblestone_slab":32,"minecraft:jungle_sapling":17,"minecraft:chest":3,"minecraft:stick":21,"minecraft:raw_iron":79,"minecraft:stone":1,"minecraft:torch":1,"minecraft:diorite":25,"minecraft:redstone":72,"minecraft:jungle_sign":1,"minecraft:rotten_flesh":2,"minecraft:arrow":4,"minecraft:obsidian":1,"minecraft:cobblestone":359,"minecraft:stripped_oak_log":1,"minecraft:water_bucket":1,"minecraft:jungle_log":113,"minecraft:andesite":66,"minecraft:potato":14,"minecraft:flint":2,"minecraft:tuff":8,"minecraft:oak_log":208,"minecraft:danger_pottery_sherd":1,"minecraft:dirt":366,"minecraft:lapis_lazuli":145,"minecraft:brown_candle":1,"minecraft:bone":7,"minecraft:apple":1,"minecraft:wheat_seeds":1,"minecraft:raw_gold":31,"minecraft:iron_ingot":21,"minecraft:stone_pickaxe":1,"minecraft:moss_block":176,"minecraft:oak_planks":97,"minecraft:oak_slab":98,"minecraft:dripstone_block":97,"minecraft:gravel":54,"minecraft:jungle_planks":31,"minecraft:spruce_sapling":10,"minecraft:spider_eye":1,"minecraft:jungle_slab":8,"minecraft:slime_ball":1,"minecraft:diamond":10,"minecraft:iron_helmet":1,"minecraft:granite":20,"minecraft:emerald":5,"minecraft:oak_button":1,"minecraft:terracotta":2,"minecraft:oak_sapling":14,"minecraft:coal":79,"minecraft:hopper":1}},"DataVersion":3953}