{"stats":{"minecraft:used":{"minecraft:water_bucket":4,"minecraft:iron_shovel":73,"minecraft:stone_shovel":131,"minecraft:stone_pickaxe":131,"minecraft:chest":2,"minecraft:wooden_shovel":44,"minecraft:dirt":9,"minecraft:oak_slab":150,"minecraft:crafting_table":1,"minecraft:jungle_slab":11,"minecraft:campfire":1,"minecraft:smoker":1,"minecraft:oak_log":1,"minecraft:jungle_sapling":4,"minecraft:wooden_axe":61,"minecraft:iron_axe":190,"minecraft:iron_pickaxe":488,"minecraft:stone_axe":131,"minecraft:cobblestone":2,"minecraft:furnace":1,"minecraft:oak_sapling":4,"minecraft:bucket":8,"minecraft:oak_boat":2,"minecraft:smooth_stone":1},"minecraft:dropped":{"minecraft:oak_slab":67,"minecraft:moss_block":7,"minecraft:wheat_seeds":3,"minecraft:oak_log":66,"minecraft:oak_planks":1,"minecraft:stick":2,"minecraft:dirt":1,"minecraft:potato":6,"minecraft:stone_pickaxe":1,"minecraft:smooth_stone":2},"minecraft:broken":{"minecraft:stone_pickaxe":1,"minecraft:stone_axe":1,"minecraft:iron_pickaxe":1,"minecraft:wooden_axe":1,"minecraft:stone_shovel":1},"minecraft:custom":{"minecraft:interact_with_furnace":50,"minecraft:traded_with_villager":8,"minecraft:interact_with_crafting_table":50,"minecraft:time_since_death":94372,"minecraft:climb_one_cm":4507,"minecraft:time_since_rest":94402,"minecraft:sprint_one_cm":21924,"minecraft:damage_taken":1040,"minecraft:walk_one_cm":199582,"minecraft:drop":12,"minecraft:damage_dealt":185,"minecraft:talked_to_villager":29,"minecraft:fly_one_cm":30795,"minecraft:open_chest":7,"minecraft:crouch_one_cm":23797,"minecraft:play_time":126802,"minecraft:deaths":4,"minecraft:sneak_time":7037,"minecraft:walk_under_water_one_cm":745,"minecraft:jump":271,"minecraft:interact_with_blast_furnace":13,"minecraft:walk_on_water_one_cm":501,"minecraft:interact_with_smoker":5,"minecraft:total_world_time":126802,"minecraft:fall_one_cm":4321},"minecraft:crafted":{"minecraft:coal_block":1,"minecraft:smooth_stone":1,"minecraft:oak_planks":96,"minecraft:oak_slab":138,"minecraft:wooden_shovel":1,"minecraft:cobblestone_slab":12,"minecraft:stone_shovel":1,"minecraft:iron_nugget":45,"minecraft:calcite":9,"minecraft:pointed_dripstone":4,"minecraft:gravel":96,"minecraft:baked_potato":1,"minecraft:furnace":2,"minecraft:mossy_cobblestone":5,"minecraft:wheat_seeds":3,"minecraft:stone":2,"minecraft:bucket":4,"minecraft:campfire":1,"minecraft:stone_axe":1,"minecraft:jungle_slab":12,"minecraft:potato":6,"minecraft:jungle_planks":192,"minecraft:air":0,"minecraft:oak_boat":1,"minecraft:cobblestone":18,"minecraft:charcoal":6,"minecraft:iron_axe":1,"minecraft:stick":12,"minecraft:gunpowder":8,"minecraft:iron_ingot":78,"minecraft:iron_pickaxe":2,"minecraft:stone_pickaxe":1,"minecraft:wooden_axe":2,"minecraft:chest":4,"minecraft:iron_shovel":1,"minecraft:jungle_sapling":6,"minecraft:smoker":1},"minecraft:mined":{"minecraft:oak_slab":13,"minecraft:oak_sapling":1,"minecraft:jungle_leaves":18,"minecraft:crafting_table":1,"minecraft:granite":1,"minecraft:grass_block":252,"minecraft:jungle_log":115,"minecraft:campfire":1,"minecraft:cobblestone":14,"minecraft:spruce_leaves":71,"minecraft:moss_block":126,"minecraft:diorite":2,"minecraft:smooth_stone":1,"minecraft:furnace":1,"minecraft:mud":77,"minecraft:iron_ore":53,"minecraft:coal_ore":52,"minecraft:oak_log":142,"minecraft:vine":1,"minecraft:dripstone_block":57,"minecraft:dirt":17,"minecraft:stripped_oak_log":1,"minecraft:stone":187,"minecraft:oak_leaves":77},"minecraft:picked_up":{"minecraft:stripped_oak_log":1,"minecraft:charcoal":5,"minecraft:mud":76,"minecraft:crafting_table":1,"minecraft:andesite":2,"minecraft:clay_ball":4,"minecraft:jungle_log":113,"minecraft:oak_log":131,"minecraft:dirt":270,"minecraft:apple":1,"minecraft:wheat_seeds":1,"minecraft:smooth_stone":3,"minecraft:iron_ingot":21,"minecraft:stone_pickaxe":1,"minecraft:oak_boat":1,"minecraft:jungle_sapling":10,"minecraft:moss_block":131,"minecraft:oak_planks":1,"minecraft:oak_slab":79,"minecraft:stick":21,"minecraft:raw_iron":53,"minecraft:dripstone_block":57,"minecraft:spruce_sapling":4,"minecraft:diorite":3,"minecraft:granite":4,"minecraft:terracotta":1,"minecraft:oak_sapling":13,"minecraft:coal":51,"minecraft:cobblestone":205}},"DataVersion":3953}