{"stats":{"minecraft:killed":{"minecraft:witch":2,"minecraft:zombie_villager":2,"minecraft:vindicator":2,"minecraft:spider":2,"minecraft:iron_golem":1,"bewitchment:ghost":1,"minecraft:creeper":2,"minecraft:horse":2,"minecraft:skeleton":2,"minecraft:pillager":1,"minecraft:zombie":6,"minecraft:cow":13},"minecraft:picked_up":{"minecraft:wheat":65,"illagerinvasion:platinum_chunk":1,"minecraft:water_bucket":1,"minecraft:leather_leggings":1,"minecraft:leather":12,"minecraft:filled_map":1,"minecraft:oak_log":13,"digs_dnd_origins:black_scale":1,"minecraft:shield":2,"minecraft:gunpowder":3,"bewitchment:aconite_seeds":1,"mutantmonsters:mutant_skeleton_limb":8,"minecraft:dirt":18,"minecraft:string":5,"minecraft:bone":1,"minecraft:moss_carpet":2,"mutantmonsters:mutant_skeleton_skull":1,"minecraft:iron_axe":1,"minecraft:leather_boots":1,"minecraft:wheat_seeds":6,"bewitchment:mandrake_seeds":2,"minecraft:beef":29,"minecraft:iron_ingot":4,"minecraft:poppy":2,"minecraft:moss_block":10,"minecraft:glass_bottle":8,"twigs:twig":18,"minecraft:acacia_sapling":5,"minecraft:stick":2,"minecraft:acacia_log":5,"minecraft:jungle_planks":4,"minecraft:sand":22,"spellbladenext:frost_orb":1,"farmersdelight:tomato_seeds":2,"galosphere:silver_nugget":1,"minecraft:dark_oak_planks":1,"minecraft:jungle_slab":1,"mcdar:flaming_quiver":1,"minecraft:spider_eye":2,"minecraft:leather_helmet":1,"mutantmonsters:mutant_skeleton_pelvis":1,"minecraft:arrow":6,"bewitchment:garlic":1,"clutter:copper_coin":8,"minecraft:rotten_flesh":8,"minecraft:sugar":2,"minecraft:crossbow":1,"mutantmonsters:mutant_skeleton_rib":5,"minecraft:golden_apple":1,"minecraft:emerald":3,"minecraft:oak_sapling":15,"mutantmonsters:mutant_skeleton_shoulder_pad":2,"minecraft:skeleton_skull":1,"twigs:tangerine_seashell":1,"minecraft:coal":5,"minecraft:cobblestone":5,"minecraft:diamond_pickaxe":1},"minecraft:killed_by":{"minecraft:zombie":2},"minecraft:custom":{"lootr:looted_stat":42,"minecraft:mob_kills":39,"minecraft:interact_with_crafting_table":29,"minecraft:open_barrel":42,"minecraft:damage_dealt_resisted":0,"minecraft:leave_game":1,"minecraft:time_since_death":2507,"minecraft:damage_resisted":0,"minecraft:hex":0,"minecraft:time_since_rest":2541,"minecraft:sprint_one_cm":119549,"minecraft:damage_absorbed":120,"minecraft:damage_taken":2239,"minecraft:walk_one_cm":192148,"minecraft:damage_blocked_by_shield":220,"minecraft:drop":18,"minecraft:damage_dealt":7815,"minecraft:talked_to_villager":2,"minecraft:swim_one_cm":12806,"minecraft:fly_one_cm":271658,"minecraft:open_chest":16,"minecraft:deaths":2,"minecraft:crouch_one_cm":17597,"minecraft:play_time":93560,"minecraft:sneak_time":2295,"minecraft:walk_under_water_one_cm":1663,"minecraft:jump":1373,"minecraft:walk_on_water_one_cm":5945,"minecraft:interact_with_smoker":2,"minecraft:total_world_time":93560,"minecraft:fall_one_cm":50977},"minecraft:used":{"bewitchment:garlic":1,"minecraft:water_bucket":1,"minecraft:oak_planks":7,"minecraft:baked_potato":2,"minecraft:poppy":2,"minecraft:chest":2,"minecraft:shield":8,"minecraft:iron_sword":27,"minecraft:golden_apple":3,"minecraft:salmon":5,"minecraft:glow_berries":4,"minecraft:dirt":4,"mcdar:buzzy_nest":3,"minecraft:crossbow":1,"minecraft:campfire":1,"minecraft:dark_oak_planks":1,"spellbladenext:frost_orb":7,"minecraft:iron_axe":96,"minecraft:bread":20,"twigs:tangerine_seashell":1,"minecraft:barrel":3,"minecraft:wooden_sword":45,"minecraft:cobblestone":5,"minecraft:bucket":1,"minecraft:pumpkin_pie":5},"minecraft:crafted":{"mutantmonsters:mutant_skeleton_leggings":1,"minecraft:oak_planks":44,"inmis:baby_backpack":2,"minecraft:wooden_pickaxe":1,"minecraft:iron_sword":1,"minecraft:campfire":1,"minecraft:bread":38,"mutantmonsters:mutant_skeleton_arms":1,"minecraft:iron_axe":1,"minecraft:iron_pickaxe":1,"minecraft:stick":26,"mutantmonsters:mutant_skeleton_boots":1,"minecraft:iron_ingot":5,"minecraft:chest":4,"minecraft:iron_shovel":1,"minecraft:acacia_planks":8},"minecraft:dropped":{"farmersdelight:tomato_seeds":2,"mcdar:flaming_quiver":1,"minecraft:glass_bottle":6,"clutter:copper_coin":8,"minecraft:oak_planks":5,"spellbladenext:frost_orb":1,"minecraft:stick":3,"minecraft:shield":2,"bewitchment:mandrake_seeds":1,"minecraft:wooden_sword":1,"minecraft:wooden_pickaxe":1,"minecraft:acacia_planks":1,"twigs:twig":1},"minecraft:broken":{"minecraft:leather_helmet":1,"mutantmonsters:mutant_skeleton_skull":1,"immersive_armors:wooden_chestplate":1,"mutantmonsters:mutant_skeleton_leggings":1,"mutantmonsters:mutant_skeleton_boots":1,"minecraft:leather_leggings":1,"immersive_armors:warrior_chestplate":1},"minecraft:mined":{"minecraft:acacia_leaves":3,"minecraft:jungle_slab":1,"minecraft:grass_block":1,"minecraft:acacia_log":3,"minecraft:poppy":1,"minecraft:jungle_planks":4,"minecraft:dead_bush":1,"minecraft:tall_grass":2,"minecraft:grass":5,"minecraft:oak_log":14,"minecraft:oak_leaves":20,"minecraft:fern":1,"minecraft:dark_oak_planks":1}},"DataVersion":3465}