{"stats":{"minecraft:picked_up":{"minecraft:wheat":64,"minecraft:water_bucket":1,"minecraft:leather_leggings":1,"minecraft:acacia_log":1,"minecraft:sand":3,"spellbladenext:frost_orb":1,"farmersdelight:tomato_seeds":2,"minecraft:shield":1,"mcdar:flaming_quiver":1,"minecraft:dirt":2,"mutantmonsters:mutant_skeleton_limb":8,"minecraft:string":3,"minecraft:leather_helmet":1,"mutantmonsters:mutant_skeleton_pelvis":1,"mutantmonsters:mutant_skeleton_skull":1,"minecraft:leather_boots":1,"bewitchment:mandrake_seeds":2,"minecraft:crossbow":1,"mutantmonsters:mutant_skeleton_rib":5,"minecraft:glass_bottle":8,"twigs:twig":1,"mutantmonsters:mutant_skeleton_shoulder_pad":2},"minecraft:custom":{"minecraft:time_since_rest":26156,"minecraft:sprint_one_cm":16757,"lootr:looted_stat":10,"minecraft:damage_taken":350,"minecraft:walk_one_cm":50790,"minecraft:damage_blocked_by_shield":220,"minecraft:mob_kills":1,"minecraft:drop":9,"minecraft:damage_dealt":324,"minecraft:interact_with_crafting_table":5,"minecraft:fly_one_cm":25798,"minecraft:crouch_one_cm":8773,"minecraft:play_time":26156,"minecraft:sneak_time":960,"minecraft:jump":179,"minecraft:time_since_death":26156,"minecraft:walk_on_water_one_cm":185,"minecraft:total_world_time":26156,"minecraft:interact_with_smoker":2,"minecraft:hex":0,"minecraft:fall_one_cm":8902},"minecraft:used":{"minecraft:water_bucket":1,"minecraft:bread":4,"minecraft:shield":8,"minecraft:glow_berries":2,"minecraft:wooden_sword":10,"mcdar:buzzy_nest":2,"minecraft:bucket":1,"minecraft:pumpkin_pie":3},"minecraft:dropped":{"farmersdelight:tomato_seeds":2,"mcdar:flaming_quiver":1,"minecraft:shield":1,"bewitchment:mandrake_seeds":1,"minecraft:glass_bottle":6,"spellbladenext:frost_orb":1},"minecraft:crafted":{"mutantmonsters:mutant_skeleton_leggings":1,"mutantmonsters:mutant_skeleton_arms":1,"mutantmonsters:mutant_skeleton_boots":1},"minecraft:mined":{"minecraft:grass":2,"minecraft:tall_grass":1,"minecraft:oak_leaves":4,"minecraft:fern":1}},"DataVersion":3465}