{"stats":{"minecraft:used":{"minecraft:oak_log":1,"minecraft:wooden_axe":61,"minecraft:stone_shovel":89,"minecraft:stone_pickaxe":109,"minecraft:wooden_shovel":44,"minecraft:stone_axe":76,"minecraft:dirt":9,"minecraft:cobblestone":1,"minecraft:crafting_table":1,"minecraft:oak_slab":150,"minecraft:oak_sapling":4,"minecraft:furnace":1,"minecraft:oak_boat":1,"minecraft:jungle_sapling":4},"minecraft:dropped":{"minecraft:oak_slab":67,"minecraft:moss_block":7,"minecraft:oak_log":2,"minecraft:oak_planks":1,"minecraft:stone_pickaxe":1,"minecraft:smooth_stone":2,"minecraft:stick":2,"minecraft:dirt":1},"minecraft:broken":{"minecraft:wooden_axe":1},"minecraft:crafted":{"minecraft:oak_boat":1,"minecraft:oak_slab":138,"minecraft:oak_planks":96,"minecraft:wooden_shovel":1,"minecraft:stone_shovel":1,"minecraft:charcoal":6,"minecraft:cobblestone":16,"minecraft:iron_nugget":18,"minecraft:stick":12,"minecraft:iron_ingot":2,"minecraft:gravel":96,"minecraft:stone_pickaxe":1,"minecraft:wooden_axe":2,"minecraft:furnace":1,"minecraft:mossy_cobblestone":1,"minecraft:jungle_sapling":6,"minecraft:wheat_seeds":3,"minecraft:stone":1,"minecraft:stone_axe":1,"minecraft:potato":6,"minecraft:air":0},"minecraft:custom":{"minecraft:time_since_rest":10402,"minecraft:interact_with_furnace":20,"minecraft:sprint_one_cm":10052,"minecraft:damage_taken":1020,"minecraft:walk_one_cm":94531,"minecraft:drop":9,"minecraft:damage_dealt":95,"minecraft:traded_with_villager":6,"minecraft:interact_with_crafting_table":26,"minecraft:talked_to_villager":14,"minecraft:fly_one_cm":14038,"minecraft:open_chest":5,"minecraft:crouch_one_cm":20439,"minecraft:play_time":42802,"minecraft:deaths":4,"minecraft:sneak_time":6401,"minecraft:jump":144,"minecraft:time_since_death":10372,"minecraft:total_world_time":42802,"minecraft:fall_one_cm":2322},"minecraft:mined":{"minecraft:oak_slab":13,"minecraft:oak_sapling":1,"minecraft:furnace":1,"minecraft:mud":23,"minecraft:crafting_table":1,"minecraft:grass_block":114,"minecraft:oak_log":68,"minecraft:dirt":17,"minecraft:stripped_oak_log":1,"minecraft:cobblestone":4,"minecraft:spruce_leaves":24,"minecraft:stone":55,"minecraft:moss_block":61,"minecraft:oak_leaves":27},"minecraft:picked_up":{"minecraft:stick":7,"minecraft:stripped_oak_log":1,"minecraft:oak_slab":79,"minecraft:mud":25,"minecraft:crafting_table":1,"minecraft:oak_log":57,"minecraft:spruce_sapling":1,"minecraft:dirt":126,"minecraft:apple":1,"minecraft:smooth_stone":2,"minecraft:stone_pickaxe":1,"minecraft:oak_sapling":11,"minecraft:moss_block":64,"minecraft:oak_planks":1,"minecraft:charcoal":3,"minecraft:cobblestone":61}},"DataVersion":3953}