{"stats":{"minecraft:used":{"minecraft:oak_log":1,"minecraft:wooden_axe":46,"minecraft:dirt":1,"minecraft:oak_slab":25,"minecraft:wooden_shovel":34},"minecraft:crafted":{"minecraft:oak_slab":18,"minecraft:oak_planks":24,"minecraft:wooden_shovel":1,"minecraft:stick":4,"minecraft:wooden_axe":1},"minecraft:custom":{"minecraft:time_since_rest":5806,"minecraft:crouch_one_cm":8329,"minecraft:deaths":3,"minecraft:play_time":6802,"minecraft:damage_taken":780,"minecraft:walk_one_cm":5606,"minecraft:sneak_time":3747,"minecraft:jump":22,"minecraft:damage_dealt":80,"minecraft:time_since_death":5771,"minecraft:total_world_time":6802,"minecraft:interact_with_crafting_table":4,"minecraft:fly_one_cm":889},"minecraft:mined":{"minecraft:oak_slab":11,"minecraft:grass_block":46,"minecraft:oak_log":17,"minecraft:dirt":11,"minecraft:moss_block":21},"minecraft:picked_up":{"minecraft:oak_slab":8,"minecraft:oak_log":12,"minecraft:moss_block":14,"minecraft:dirt":45}},"DataVersion":3953}