{"stats":{"minecraft:used":{"minecraft:flint_and_steel":1,"minecraft:iron_shovel":135,"minecraft:stone_shovel":131,"minecraft:ladder":27,"minecraft:chest":8,"minecraft:wooden_shovel":44,"minecraft:trial_key":2,"minecraft:torch":4,"minecraft:dirt":93,"minecraft:hopper":11,"minecraft:carrot":5,"minecraft:jungle_slab":27,"minecraft:obsidian":12,"minecraft:jungle_sapling":16,"minecraft:wooden_axe":61,"minecraft:lava_bucket":2,"minecraft:iron_axe":284,"minecraft:oak_sapling":4,"minecraft:furnace":1,"minecraft:cooked_beef":4,"minecraft:potato":5,"minecraft:calcite":4,"minecraft:water_bucket":47,"minecraft:stone_pickaxe":131,"minecraft:baked_potato":8,"minecraft:oak_planks":1,"minecraft:stonecutter":1,"minecraft:cobblestone_slab":569,"minecraft:crafting_table":2,"minecraft:oak_slab":232,"minecraft:campfire":1,"minecraft:dripstone_block":57,"minecraft:smoker":1,"minecraft:oak_log":1,"minecraft:diamond_pickaxe":973,"minecraft:apple":1,"minecraft:wind_charge":3,"minecraft:iron_pickaxe":1679,"minecraft:gravel":56,"minecraft:stone_axe":131,"minecraft:diamond_sword":175,"minecraft:cobblestone":182,"minecraft:bucket":59,"minecraft:oak_boat":2,"minecraft:bone_meal":3,"minecraft:smooth_stone":1},"minecraft:dropped":{"minecraft:water_bucket":2,"minecraft:oak_slab":67,"minecraft:moss_block":7,"minecraft:wheat_seeds":3,"minecraft:oak_log":91,"minecraft:diamond":5,"minecraft:crafting_table":1,"minecraft:dripstone_block":20,"minecraft:cobblestone":155,"minecraft:granite":1,"minecraft:jungle_planks":84,"minecraft:stick":2,"minecraft:dirt":78,"minecraft:diorite":7,"minecraft:stonecutter":1,"minecraft:smooth_stone":2,"minecraft:furnace":1,"minecraft:tuff":8,"minecraft:oak_planks":45,"minecraft:cobblestone_slab":1,"minecraft:potato":6,"minecraft:iron_chestplate":1,"minecraft:andesite":36,"minecraft:stone_pickaxe":1},"minecraft:broken":{"minecraft:stone_pickaxe":1,"minecraft:iron_axe":1,"minecraft:stone_axe":1,"minecraft:iron_pickaxe":6,"minecraft:wooden_axe":1,"minecraft:stone_shovel":1},"minecraft:killed":{"minecraft:witch":2,"minecraft:spider":24,"minecraft:phantom":1,"minecraft:skeleton":67,"minecraft:skeleton_horse":1,"minecraft:creeper":80,"minecraft:zombie":131},"minecraft:killed_by":{"minecraft:player":1,"minecraft:creeper":1},"minecraft:custom":{"minecraft:mob_kills":308,"minecraft:inspect_hopper":5,"minecraft:interact_with_crafting_table":89,"minecraft:time_since_death":39333,"minecraft:climb_one_cm":18458,"minecraft:sprint_one_cm":133015,"minecraft:walk_one_cm":479536,"minecraft:drop":39,"minecraft:talked_to_villager":43,"minecraft:play_time":294802,"minecraft:deaths":6,"minecraft:sneak_time":29539,"minecraft:walk_under_water_one_cm":34908,"minecraft:jump":1279,"minecraft:interact_with_blast_furnace":24,"minecraft:walk_on_water_one_cm":60258,"minecraft:total_world_time":294802,"minecraft:interact_with_furnace":71,"minecraft:traded_with_villager":10,"minecraft:interact_with_stonecutter":1,"minecraft:time_since_rest":39579,"minecraft:damage_taken":2121,"minecraft:damage_dealt":6302,"minecraft:swim_one_cm":8482,"minecraft:fly_one_cm":180973,"minecraft:open_chest":141,"minecraft:crouch_one_cm":130053,"minecraft:interact_with_smoker":10,"minecraft:fall_one_cm":14969},"minecraft:crafted":{"minecraft:obsidian":11,"minecraft:smooth_stone":1,"minecraft:oak_planks":136,"minecraft:cobblestone_slab":1770,"minecraft:stone_shovel":1,"minecraft:iron_nugget":45,"minecraft:pointed_dripstone":4,"minecraft:furnace":2,"minecraft:stone":3,"minecraft:bone_meal":3,"minecraft:potato":6,"minecraft:flint_and_steel":2,"minecraft:hopper":10,"minecraft:iron_axe":2,"minecraft:stone_pickaxe":1,"minecraft:chest":15,"minecraft:jungle_sapling":6,"minecraft:smoker":1,"minecraft:magma_block":32,"minecraft:coal_block":1,"minecraft:tuff":9,"minecraft:oak_slab":156,"minecraft:wooden_shovel":1,"minecraft:diamond_sword":1,"minecraft:calcite":9,"minecraft:gravel":128,"minecraft:baked_potato":8,"minecraft:mossy_cobblestone":5,"minecraft:wheat_seeds":3,"minecraft:bucket":4,"minecraft:lava_bucket":9,"minecraft:campfire":1,"minecraft:stone_axe":1,"minecraft:glowstone":6,"minecraft:jungle_slab":36,"minecraft:air":0,"minecraft:jungle_planks":192,"minecraft:oak_boat":1,"minecraft:diamond_pickaxe":1,"minecraft:charcoal":6,"minecraft:cobblestone":94,"minecraft:stick":20,"minecraft:gunpowder":8,"minecraft:iron_ingot":138,"minecraft:iron_pickaxe":7,"minecraft:wooden_axe":2,"minecraft:iron_shovel":1,"minecraft:stonecutter":1,"minecraft:torch":4},"minecraft:mined":{"minecraft:nether_gold_ore":1,"minecraft:oak_sapling":1,"minecraft:deepslate_diamond_ore":49,"minecraft:jungle_slab":7,"minecraft:jungle_leaves":24,"minecraft:obsidian":1,"minecraft:granite":59,"minecraft:grass_block":441,"minecraft:jungle_planks":15,"minecraft:jungle_log":115,"minecraft:spruce_leaves":117,"minecraft:moss_block":234,"minecraft:hopper":1,"minecraft:smooth_stone":1,"minecraft:redstone_ore":15,"minecraft:spruce_sapling":5,"minecraft:furnace":2,"minecraft:carrots":1,"minecraft:jungle_sapling":4,"minecraft:iron_ore":71,"minecraft:andesite":68,"minecraft:deepslate_lapis_ore":26,"minecraft:potatoes":6,"minecraft:deepslate_iron_ore":63,"minecraft:cobblestone_slab":32,"minecraft:vine":1,"minecraft:stripped_oak_log":1,"minecraft:stone":367,"minecraft:deepslate_redstone_ore":21,"minecraft:oak_slab":53,"minecraft:crafting_table":3,"minecraft:clay":43,"minecraft:chest":3,"minecraft:campfire":1,"minecraft:nether_quartz_ore":1,"minecraft:cobblestone":674,"minecraft:copper_ore":13,"minecraft:deepslate_coal_ore":56,"minecraft:deepslate_gold_ore":33,"minecraft:lapis_ore":20,"minecraft:oak_planks":1,"minecraft:diorite":47,"minecraft:deepslate_copper_ore":23,"minecraft:mud":145,"minecraft:oak_log":238,"minecraft:coal_ore":70,"minecraft:gravel":34,"minecraft:dripstone_block":127,"minecraft:dirt":35,"minecraft:terracotta":1,"minecraft:stonecutter":1,"minecraft:ancient_debris":1,"minecraft:gold_ore":27,"minecraft:deepslate_emerald_ore":34,"minecraft:deepslate":37,"minecraft:oak_leaves":146},"minecraft:picked_up":{"minecraft:mud":158,"minecraft:charcoal":5,"minecraft:iron_chestplate":3,"minecraft:crafting_table":3,"minecraft:ladder":27,"minecraft:clay_ball":208,"minecraft:diamond_sword":1,"minecraft:wooden_pickaxe":2,"minecraft:wind_charge":3,"minecraft:string":5,"minecraft:raw_copper":110,"minecraft:iron_axe":1,"minecraft:flint_and_steel":1,"minecraft:iron_leggings":2,"minecraft:iron_shovel":1,"minecraft:gold_nugget":9,"minecraft:cobbled_deepslate":30,"minecraft:smooth_stone":3,"minecraft:bucket":3,"minecraft:trial_key":2,"minecraft:oak_boat":2,"minecraft:cobblestone_slab":33,"minecraft:jungle_sapling":17,"minecraft:chest":3,"minecraft:furnace":1,"minecraft:phantom_membrane":2,"minecraft:iron_boots":2,"minecraft:stick":23,"minecraft:raw_iron":121,"minecraft:stone":1,"minecraft:torch":2,"minecraft:diorite":43,"minecraft:carrot":5,"minecraft:redstone":145,"minecraft:jungle_sign":1,"minecraft:stone_sword":2,"minecraft:rotten_flesh":10,"minecraft:arrow":21,"minecraft:gold_ingot":42,"minecraft:obsidian":1,"minecraft:cobblestone":473,"minecraft:stripped_oak_log":1,"minecraft:magma_block":12,"minecraft:cooked_beef":9,"minecraft:golden_carrot":4,"minecraft:water_bucket":1,"minecraft:jungle_log":113,"minecraft:andesite":85,"minecraft:potato":16,"minecraft:flint":2,"minecraft:tuff":8,"minecraft:oak_log":258,"minecraft:ancient_debris":3,"minecraft:danger_pottery_sherd":2,"minecraft:dirt":465,"minecraft:lapis_lazuli":296,"minecraft:brown_candle":2,"minecraft:bone":18,"minecraft:apple":1,"minecraft:stonecutter":1,"minecraft:wheat_seeds":2,"minecraft:raw_gold":57,"minecraft:iron_ingot":27,"minecraft:stone_pickaxe":1,"minecraft:moss_block":256,"minecraft:oak_planks":97,"minecraft:soul_sand":2,"minecraft:oak_slab":124,"minecraft:quartz":3,"minecraft:dripstone_block":181,"minecraft:gravel":54,"minecraft:jungle_planks":31,"minecraft:spruce_sapling":10,"minecraft:spider_eye":4,"minecraft:jungle_slab":8,"minecraft:slime_ball":2,"minecraft:diamond":34,"minecraft:iron_helmet":4,"minecraft:granite":42,"minecraft:netherrack":2,"minecraft:emerald":75,"minecraft:oak_button":1,"minecraft:terracotta":2,"minecraft:oak_sapling":14,"minecraft:coal":123,"minecraft:hopper":1,"minecraft:diamond_pickaxe":1}},"DataVersion":3953}