{"stats":{"minecraft:killed":{"minecraft:witch":2,"minecraft:zombie_villager":2,"minecraft:spider":1,"minecraft:iron_golem":1,"minecraft:skeleton":1,"minecraft:zombie":1},"minecraft:picked_up":{"minecraft:wheat":64,"minecraft:water_bucket":1,"minecraft:leather_leggings":1,"minecraft:filled_map":1,"minecraft:oak_log":5,"minecraft:shield":2,"minecraft:gunpowder":1,"bewitchment:aconite_seeds":1,"mutantmonsters:mutant_skeleton_limb":8,"minecraft:dirt":3,"minecraft:string":3,"mutantmonsters:mutant_skeleton_skull":1,"minecraft:leather_boots":1,"bewitchment:mandrake_seeds":2,"minecraft:iron_ingot":4,"minecraft:glass_bottle":8,"twigs:twig":16,"minecraft:acacia_sapling":3,"minecraft:stick":2,"minecraft:acacia_log":2,"minecraft:sand":22,"spellbladenext:frost_orb":1,"farmersdelight:tomato_seeds":2,"mcdar:flaming_quiver":1,"minecraft:spider_eye":2,"minecraft:leather_helmet":1,"mutantmonsters:mutant_skeleton_pelvis":1,"bewitchment:garlic":1,"clutter:copper_coin":8,"minecraft:rotten_flesh":5,"minecraft:sugar":2,"minecraft:crossbow":1,"mutantmonsters:mutant_skeleton_rib":5,"minecraft:emerald":2,"minecraft:oak_sapling":7,"mutantmonsters:mutant_skeleton_shoulder_pad":2,"twigs:tangerine_seashell":1},"minecraft:custom":{"lootr:looted_stat":34,"minecraft:mob_kills":10,"minecraft:interact_with_crafting_table":20,"minecraft:open_barrel":16,"minecraft:damage_dealt_resisted":0,"minecraft:leave_game":1,"minecraft:time_since_death":57560,"minecraft:damage_resisted":0,"minecraft:hex":0,"minecraft:time_since_rest":57560,"minecraft:sprint_one_cm":39366,"minecraft:damage_taken":723,"minecraft:walk_one_cm":124410,"minecraft:damage_blocked_by_shield":220,"minecraft:drop":15,"minecraft:damage_dealt":2151,"minecraft:fly_one_cm":63404,"minecraft:open_chest":4,"minecraft:crouch_one_cm":9533,"minecraft:play_time":57560,"minecraft:sneak_time":1155,"minecraft:jump":458,"minecraft:walk_on_water_one_cm":906,"minecraft:interact_with_smoker":2,"minecraft:total_world_time":57560,"minecraft:fall_one_cm":15118},"minecraft:used":{"bewitchment:garlic":1,"minecraft:water_bucket":1,"minecraft:baked_potato":2,"minecraft:chest":2,"minecraft:shield":8,"minecraft:salmon":5,"minecraft:glow_berries":4,"minecraft:dirt":1,"mcdar:buzzy_nest":3,"minecraft:crossbow":1,"spellbladenext:frost_orb":7,"minecraft:iron_axe":14,"minecraft:bread":4,"twigs:tangerine_seashell":1,"minecraft:barrel":3,"minecraft:wooden_sword":45,"minecraft:bucket":1,"minecraft:pumpkin_pie":5},"minecraft:crafted":{"mutantmonsters:mutant_skeleton_leggings":1,"minecraft:oak_planks":16,"minecraft:iron_sword":1,"mutantmonsters:mutant_skeleton_arms":1,"minecraft:iron_axe":1,"minecraft:stick":26,"mutantmonsters:mutant_skeleton_boots":1,"minecraft:iron_ingot":2,"minecraft:chest":2,"minecraft:iron_shovel":1,"minecraft:acacia_planks":4},"minecraft:dropped":{"farmersdelight:tomato_seeds":2,"mcdar:flaming_quiver":1,"minecraft:glass_bottle":6,"clutter:copper_coin":8,"spellbladenext:frost_orb":1,"minecraft:stick":3,"minecraft:shield":2,"bewitchment:mandrake_seeds":1,"minecraft:wooden_sword":1,"twigs:twig":1},"minecraft:broken":{"mutantmonsters:mutant_skeleton_skull":1,"mutantmonsters:mutant_skeleton_leggings":1,"mutantmonsters:mutant_skeleton_boots":1,"immersive_armors:warrior_chestplate":1},"minecraft:mined":{"minecraft:dead_bush":1,"minecraft:tall_grass":2,"minecraft:grass":3,"minecraft:oak_log":6,"minecraft:oak_leaves":9,"minecraft:fern":1}},"DataVersion":3465}