{"stats":{"minecraft:killed":{"minecraft:witch":2,"minecraft:zombie_villager":2,"minecraft:vindicator":2,"minecraft:spider":1,"minecraft:iron_golem":1,"minecraft:skeleton":1,"minecraft:pillager":1,"minecraft:zombie":1},"minecraft:picked_up":{"minecraft:wheat":65,"illagerinvasion:platinum_chunk":1,"minecraft:water_bucket":1,"minecraft:leather_leggings":1,"minecraft:filled_map":1,"minecraft:oak_log":9,"minecraft:shield":2,"minecraft:gunpowder":1,"bewitchment:aconite_seeds":1,"mutantmonsters:mutant_skeleton_limb":8,"minecraft:dirt":3,"minecraft:string":3,"minecraft:moss_carpet":2,"mutantmonsters:mutant_skeleton_skull":1,"minecraft:iron_axe":1,"minecraft:leather_boots":1,"minecraft:wheat_seeds":4,"bewitchment:mandrake_seeds":2,"minecraft:iron_ingot":4,"minecraft:poppy":2,"minecraft:moss_block":10,"minecraft:glass_bottle":8,"twigs:twig":16,"minecraft:acacia_sapling":4,"minecraft:stick":2,"minecraft:acacia_log":4,"minecraft:jungle_planks":4,"minecraft:sand":22,"spellbladenext:frost_orb":1,"farmersdelight:tomato_seeds":2,"galosphere:silver_nugget":1,"minecraft:dark_oak_planks":1,"minecraft:jungle_slab":1,"mcdar:flaming_quiver":1,"minecraft:spider_eye":2,"minecraft:leather_helmet":1,"mutantmonsters:mutant_skeleton_pelvis":1,"minecraft:arrow":2,"bewitchment:garlic":1,"clutter:copper_coin":8,"minecraft:rotten_flesh":6,"minecraft:sugar":2,"minecraft:crossbow":1,"mutantmonsters:mutant_skeleton_rib":5,"minecraft:golden_apple":1,"minecraft:emerald":3,"minecraft:oak_sapling":9,"mutantmonsters:mutant_skeleton_shoulder_pad":2,"twigs:tangerine_seashell":1,"minecraft:coal":5},"minecraft:custom":{"lootr:looted_stat":38,"minecraft:mob_kills":13,"minecraft:interact_with_crafting_table":25,"minecraft:open_barrel":25,"minecraft:damage_dealt_resisted":0,"minecraft:leave_game":1,"minecraft:time_since_death":69560,"minecraft:damage_resisted":0,"minecraft:hex":0,"minecraft:time_since_rest":69560,"minecraft:sprint_one_cm":57660,"minecraft:damage_absorbed":40,"minecraft:damage_taken":989,"minecraft:walk_one_cm":150487,"minecraft:damage_blocked_by_shield":220,"minecraft:drop":18,"minecraft:damage_dealt":3067,"minecraft:fly_one_cm":105209,"minecraft:open_chest":7,"minecraft:crouch_one_cm":11061,"minecraft:play_time":69560,"minecraft:sneak_time":1354,"minecraft:jump":647,"minecraft:walk_on_water_one_cm":906,"minecraft:interact_with_smoker":2,"minecraft:total_world_time":69560,"minecraft:fall_one_cm":20772},"minecraft:used":{"bewitchment:garlic":1,"minecraft:water_bucket":1,"minecraft:oak_planks":7,"minecraft:baked_potato":2,"minecraft:poppy":2,"minecraft:chest":2,"minecraft:shield":8,"minecraft:iron_sword":2,"minecraft:golden_apple":1,"minecraft:salmon":5,"minecraft:glow_berries":4,"minecraft:dirt":1,"mcdar:buzzy_nest":3,"minecraft:crossbow":1,"minecraft:campfire":1,"minecraft:dark_oak_planks":1,"spellbladenext:frost_orb":7,"minecraft:iron_axe":40,"minecraft:bread":9,"twigs:tangerine_seashell":1,"minecraft:barrel":3,"minecraft:wooden_sword":45,"minecraft:bucket":1,"minecraft:pumpkin_pie":5},"minecraft:crafted":{"mutantmonsters:mutant_skeleton_leggings":1,"minecraft:oak_planks":28,"minecraft:wooden_pickaxe":1,"minecraft:iron_sword":1,"minecraft:campfire":1,"minecraft:bread":38,"mutantmonsters:mutant_skeleton_arms":1,"minecraft:iron_axe":1,"minecraft:stick":26,"mutantmonsters:mutant_skeleton_boots":1,"minecraft:iron_ingot":2,"minecraft:chest":2,"minecraft:iron_shovel":1,"minecraft:acacia_planks":8},"minecraft:dropped":{"farmersdelight:tomato_seeds":2,"mcdar:flaming_quiver":1,"minecraft:glass_bottle":6,"clutter:copper_coin":8,"minecraft:oak_planks":5,"spellbladenext:frost_orb":1,"minecraft:stick":3,"minecraft:shield":2,"bewitchment:mandrake_seeds":1,"minecraft:wooden_sword":1,"minecraft:wooden_pickaxe":1,"minecraft:acacia_planks":1,"twigs:twig":1},"minecraft:broken":{"mutantmonsters:mutant_skeleton_skull":1,"mutantmonsters:mutant_skeleton_leggings":1,"mutantmonsters:mutant_skeleton_boots":1,"immersive_armors:warrior_chestplate":1},"minecraft:mined":{"minecraft:acacia_leaves":2,"minecraft:jungle_slab":1,"minecraft:acacia_log":2,"minecraft:poppy":1,"minecraft:jungle_planks":4,"minecraft:dead_bush":1,"minecraft:tall_grass":2,"minecraft:grass":3,"minecraft:oak_log":10,"minecraft:oak_leaves":12,"minecraft:fern":1,"minecraft:dark_oak_planks":1}},"DataVersion":3465}