{"stats":{"minecraft:used":{"minecraft:iron_shovel":127,"minecraft:stone_shovel":131,"minecraft:chest":8,"minecraft:wooden_shovel":44,"minecraft:torch":3,"minecraft:dirt":13,"minecraft:hopper":11,"minecraft:jungle_slab":27,"minecraft:jungle_sapling":16,"minecraft:wooden_axe":61,"minecraft:lava_bucket":1,"minecraft:iron_axe":244,"minecraft:oak_sapling":4,"minecraft:furnace":1,"minecraft:potato":4,"minecraft:water_bucket":9,"minecraft:stone_pickaxe":131,"minecraft:baked_potato":4,"minecraft:oak_planks":1,"minecraft:cobblestone_slab":145,"minecraft:crafting_table":1,"minecraft:oak_slab":169,"minecraft:campfire":1,"minecraft:dripstone_block":30,"minecraft:smoker":1,"minecraft:oak_log":1,"minecraft:apple":1,"minecraft:iron_pickaxe":1548,"minecraft:gravel":48,"minecraft:stone_axe":131,"minecraft:cobblestone":7,"minecraft:bucket":12,"minecraft:oak_boat":2,"minecraft:bone_meal":3,"minecraft:smooth_stone":1},"minecraft:dropped":{"minecraft:water_bucket":2,"minecraft:oak_slab":67,"minecraft:moss_block":7,"minecraft:wheat_seeds":3,"minecraft:oak_log":91,"minecraft:dripstone_block":20,"minecraft:cobblestone":155,"minecraft:granite":1,"minecraft:jungle_planks":84,"minecraft:stick":2,"minecraft:dirt":78,"minecraft:diorite":7,"minecraft:smooth_stone":2,"minecraft:tuff":8,"minecraft:oak_planks":45,"minecraft:potato":6,"minecraft:andesite":36,"minecraft:stone_pickaxe":1},"minecraft:broken":{"minecraft:stone_pickaxe":1,"minecraft:iron_axe":1,"minecraft:stone_axe":1,"minecraft:iron_pickaxe":6,"minecraft:wooden_axe":1,"minecraft:stone_shovel":1},"minecraft:killed":{"minecraft:skeleton":2,"minecraft:skeleton_horse":1},"minecraft:custom":{"minecraft:mob_kills":3,"minecraft:inspect_hopper":4,"minecraft:interact_with_crafting_table":72,"minecraft:time_since_death":166372,"minecraft:climb_one_cm":6117,"minecraft:sprint_one_cm":61284,"minecraft:walk_one_cm":315773,"minecraft:drop":33,"minecraft:talked_to_villager":35,"minecraft:play_time":198802,"minecraft:deaths":4,"minecraft:sneak_time":14004,"minecraft:walk_under_water_one_cm":10338,"minecraft:jump":696,"minecraft:interact_with_blast_furnace":18,"minecraft:walk_on_water_one_cm":39726,"minecraft:total_world_time":198802,"minecraft:interact_with_furnace":63,"minecraft:traded_with_villager":10,"minecraft:time_since_rest":166402,"minecraft:damage_taken":1211,"minecraft:damage_dealt":590,"minecraft:swim_one_cm":4283,"minecraft:fly_one_cm":64178,"minecraft:open_chest":34,"minecraft:crouch_one_cm":53319,"minecraft:interact_with_smoker":9,"minecraft:fall_one_cm":7138},"minecraft:crafted":{"minecraft:smooth_stone":1,"minecraft:oak_planks":108,"minecraft:cobblestone_slab":216,"minecraft:stone_shovel":1,"minecraft:iron_nugget":45,"minecraft:pointed_dripstone":4,"minecraft:furnace":2,"minecraft:stone":2,"minecraft:bone_meal":3,"minecraft:potato":6,"minecraft:flint_and_steel":1,"minecraft:hopper":10,"minecraft:iron_axe":1,"minecraft:stone_pickaxe":1,"minecraft:chest":15,"minecraft:jungle_sapling":6,"minecraft:smoker":1,"minecraft:magma_block":4,"minecraft:coal_block":1,"minecraft:tuff":9,"minecraft:oak_slab":144,"minecraft:wooden_shovel":1,"minecraft:calcite":9,"minecraft:gravel":120,"minecraft:baked_potato":4,"minecraft:mossy_cobblestone":5,"minecraft:wheat_seeds":3,"minecraft:bucket":4,"minecraft:lava_bucket":1,"minecraft:campfire":1,"minecraft:stone_axe":1,"minecraft:glowstone":6,"minecraft:jungle_slab":36,"minecraft:air":0,"minecraft:jungle_planks":192,"minecraft:oak_boat":1,"minecraft:charcoal":6,"minecraft:cobblestone":74,"minecraft:stick":16,"minecraft:gunpowder":8,"minecraft:iron_ingot":87,"minecraft:iron_pickaxe":7,"minecraft:wooden_axe":2,"minecraft:iron_shovel":1,"minecraft:torch":4},"minecraft:mined":{"minecraft:oak_sapling":1,"minecraft:deepslate_diamond_ore":2,"minecraft:jungle_slab":7,"minecraft:jungle_leaves":18,"minecraft:granite":16,"minecraft:grass_block":323,"minecraft:jungle_planks":15,"minecraft:jungle_log":115,"minecraft:spruce_leaves":90,"minecraft:moss_block":161,"minecraft:hopper":1,"minecraft:smooth_stone":1,"minecraft:redstone_ore":15,"minecraft:spruce_sapling":5,"minecraft:furnace":1,"minecraft:iron_ore":71,"minecraft:andesite":27,"minecraft:deepslate_lapis_ore":1,"minecraft:potatoes":3,"minecraft:deepslate_iron_ore":2,"minecraft:cobblestone_slab":18,"minecraft:vine":1,"minecraft:stripped_oak_log":1,"minecraft:stone":251,"minecraft:oak_slab":26,"minecraft:crafting_table":1,"minecraft:clay":11,"minecraft:chest":3,"minecraft:campfire":1,"minecraft:cobblestone":582,"minecraft:copper_ore":13,"minecraft:deepslate_coal_ore":3,"minecraft:deepslate_gold_ore":1,"minecraft:lapis_ore":20,"minecraft:oak_planks":1,"minecraft:diorite":15,"minecraft:deepslate_copper_ore":2,"minecraft:mud":100,"minecraft:oak_log":176,"minecraft:coal_ore":70,"minecraft:gravel":26,"minecraft:dripstone_block":92,"minecraft:dirt":21,"minecraft:terracotta":1,"minecraft:gold_ore":27,"minecraft:deepslate_emerald_ore":2,"minecraft:deepslate":1,"minecraft:oak_leaves":111},"minecraft:picked_up":{"minecraft:mud":99,"minecraft:charcoal":5,"minecraft:crafting_table":1,"minecraft:ladder":1,"minecraft:clay_ball":40,"minecraft:string":3,"minecraft:raw_copper":48,"minecraft:cobbled_deepslate":1,"minecraft:smooth_stone":3,"minecraft:oak_boat":2,"minecraft:cobblestone_slab":19,"minecraft:jungle_sapling":10,"minecraft:chest":3,"minecraft:stick":21,"minecraft:raw_iron":71,"minecraft:stone":1,"minecraft:torch":1,"minecraft:diorite":23,"minecraft:redstone":67,"minecraft:jungle_sign":1,"minecraft:arrow":2,"minecraft:cobblestone":339,"minecraft:stripped_oak_log":1,"minecraft:water_bucket":1,"minecraft:jungle_log":113,"minecraft:andesite":65,"minecraft:potato":10,"minecraft:flint":1,"minecraft:tuff":8,"minecraft:oak_log":197,"minecraft:dirt":340,"minecraft:lapis_lazuli":124,"minecraft:bone":2,"minecraft:apple":1,"minecraft:wheat_seeds":1,"minecraft:raw_gold":26,"minecraft:iron_ingot":21,"minecraft:stone_pickaxe":1,"minecraft:moss_block":166,"minecraft:oak_planks":91,"minecraft:oak_slab":95,"minecraft:dripstone_block":91,"minecraft:gravel":47,"minecraft:jungle_planks":27,"minecraft:spruce_sapling":10,"minecraft:spider_eye":1,"minecraft:jungle_slab":7,"minecraft:slime_ball":1,"minecraft:diamond":2,"minecraft:iron_helmet":1,"minecraft:granite":16,"minecraft:emerald":2,"minecraft:oak_button":1,"minecraft:terracotta":2,"minecraft:oak_sapling":14,"minecraft:coal":71,"minecraft:hopper":1}},"DataVersion":3953}