{"stats":{"minecraft:killed":{"minecraft:witch":2,"minecraft:spider":2,"minecraft:vindicator":2,"bewitchment:ghost":1,"minecraft:phantom":1,"minecraft:skeleton":5,"minecraft:horse":3,"minecraft:drowned":1,"minecraft:zombie_villager":3,"minecraft:iron_golem":1,"minecraft:creeper":2,"minecraft:pillager":1,"minecraft:zombie":7,"wildlife:milk_snake":1,"minecraft:cow":13},"minecraft:picked_up":{"tridents_n_stuff:prismarine_harpoon":5,"minecraft:crafting_table":1,"minecraft:wheat":65,"illagerinvasion:platinum_chunk":1,"minecraft:leather_leggings":1,"soulsweapons:moonstone":5,"digs_dnd_origins:black_scale":4,"minecraft:shield":2,"minecraft:string":5,"minecraft:moss_carpet":2,"mutantmonsters:mutant_skeleton_skull":1,"minecraft:raw_copper":7,"minecraft:iron_axe":1,"clutter:raw_silver":10,"minecraft:cobbled_deepslate":215,"minecraft:beef":29,"minecraft:iron_pickaxe":1,"minecraft:poppy":2,"mythicmetals:raw_mythril":2,"minecraft:stick":6,"minecraft:raw_iron":50,"minecraft:torch":3,"minecraft:acacia_log":8,"spellbladenext:frost_orb":1,"farmersdelight:tomato_seeds":2,"mythicmetals:morkite":33,"mcdar:flaming_quiver":1,"mutantmonsters:mutant_skeleton_pelvis":1,"minecraft:dark_oak_planks":1,"mythicmetals:raw_manganese":6,"bewitchment:garlic":1,"minecraft:arrow":10,"minecraft:rotten_flesh":10,"mutantmonsters:mutant_skeleton_rib":5,"mutantmonsters:mutant_skeleton_shoulder_pad":2,"twigs:tangerine_seashell":1,"minecraft:skeleton_skull":1,"minecraft:cobblestone":80,"minecraft:stripped_oak_log":6,"epicknightsnmages:citrin_gem":12,"minecraft:water_bucket":1,"minecraft:leather":12,"minecraft:filled_map":1,"minecraft:tuff":3,"minecraft:oak_log":97,"minecraft:gunpowder":3,"mutantmonsters:mutant_skeleton_limb":8,"bewitchment:aconite_seeds":1,"minecraft:dirt":22,"regions_unexplored:small_oak_sapling":2,"minecraft:leather_boots":1,"minecraft:bone":5,"minecraft:wheat_seeds":7,"minecraft:raw_gold":17,"bewitchment:mandrake_seeds":2,"minecraft:iron_ingot":4,"minecraft:stone_pickaxe":1,"minecraft:moss_block":10,"minecraft:glass_bottle":8,"galosphere:raw_silver":8,"twigs:twig":45,"minecraft:acacia_sapling":5,"archon:earth_gem":4,"minecraft:sand":30,"minecraft:jungle_planks":4,"bewitchment:salt":15,"mythicmetals:raw_quadrillum":1,"minecraft:jungle_slab":1,"minecraft:spider_eye":2,"minecraft:leather_helmet":1,"galosphere:silver_nugget":1,"clutter:copper_coin":8,"minecraft:sugar":2,"minecraft:diamond":8,"minecraft:stone_axe":1,"minecraft:crossbow":1,"minecraft:golden_apple":1,"minecraft:emerald":7,"minecraft:oak_sapling":63,"minecraft:coal":55,"minecraft:diamond_pickaxe":1,"regions_unexplored:small_oak_log":9},"minecraft:killed_by":{"minecraft:skeleton":1,"minecraft:zombie":4},"minecraft:custom":{"lootr:looted_stat":45,"minecraft:mob_kills":48,"minecraft:interact_with_crafting_table":34,"minecraft:open_barrel":64,"minecraft:damage_dealt_resisted":0,"minecraft:leave_game":4,"minecraft:time_since_death":52098,"minecraft:damage_resisted":0,"minecraft:sprint_one_cm":143390,"minecraft:walk_one_cm":318806,"minecraft:damage_blocked_by_shield":220,"minecraft:drop":24,"minecraft:talked_to_villager":2,"minecraft:play_time":153942,"minecraft:sneak_time":6867,"minecraft:deaths":5,"minecraft:walk_under_water_one_cm":14051,"minecraft:jump":2091,"minecraft:walk_on_water_one_cm":16180,"minecraft:total_world_time":153942,"minecraft:hex":0,"minecraft:time_since_rest":52135,"minecraft:damage_taken":3921,"minecraft:damage_absorbed":120,"minecraft:damage_dealt":10371,"minecraft:swim_one_cm":12806,"minecraft:fly_one_cm":323547,"minecraft:open_chest":26,"minecraft:crouch_one_cm":32795,"minecraft:interact_with_smoker":2,"minecraft:fall_one_cm":70066},"minecraft:used":{"minecraft:iron_shovel":11,"minecraft:poppy":2,"minecraft:chest":2,"minecraft:shield":8,"minecraft:iron_sword":52,"minecraft:torch":10,"minecraft:dirt":4,"minecraft:dark_oak_planks":1,"spellbladenext:frost_orb":7,"minecraft:iron_axe":185,"minecraft:barrel":3,"twigs:tangerine_seashell":1,"minecraft:golden_sword":6,"minecraft:cobbled_deepslate":25,"minecraft:acacia_planks":2,"bewitchment:garlic":1,"minecraft:water_bucket":3,"minecraft:baked_potato":2,"minecraft:oak_planks":7,"minecraft:golden_apple":3,"minecraft:glow_berries":4,"minecraft:salmon":5,"minecraft:crafting_table":1,"mcdar:buzzy_nest":3,"minecraft:crossbow":1,"minecraft:campfire":1,"minecraft:diamond_pickaxe":493,"minecraft:bread":32,"minecraft:wooden_sword":45,"minecraft:cobblestone":5,"minecraft:bucket":3,"minecraft:pumpkin_pie":5,"minecraft:stripped_oak_log":3},"minecraft:dropped":{"farmersdelight:tomato_seeds":2,"minecraft:oak_log":77,"minecraft:glass_bottle":6,"clutter:copper_coin":8,"minecraft:stick":3,"minecraft:wooden_sword":1,"minecraft:iron_pickaxe":2,"minecraft:acacia_planks":1,"twigs:twig":1,"mcdar:flaming_quiver":1,"minecraft:stone_axe":1,"bewitchment:salt":15,"minecraft:oak_planks":5,"spellbladenext:frost_orb":1,"minecraft:shield":2,"bewitchment:mandrake_seeds":1,"minecraft:wooden_pickaxe":1},"minecraft:crafted":{"mutantmonsters:mutant_skeleton_leggings":1,"minecraft:oak_planks":80,"inmis:baby_backpack":2,"mutantmonsters:mutant_skeleton_arms":1,"minecraft:iron_axe":2,"mutantmonsters:mutant_skeleton_boots":1,"minecraft:chest":4,"minecraft:crafting_table":1,"minecraft:wooden_pickaxe":1,"minecraft:iron_sword":1,"minecraft:campfire":1,"minecraft:bread":38,"minecraft:iron_chestplate":1,"minecraft:stick":28,"minecraft:iron_ingot":5,"minecraft:iron_pickaxe":1,"minecraft:iron_shovel":1,"minecraft:iron_leggings":1,"minecraft:acacia_planks":12,"minecraft:torch":8},"minecraft:broken":{"minecraft:leather_helmet":1,"mutantmonsters:mutant_skeleton_skull":1,"immersive_armors:wooden_chestplate":1,"minecraft:leather_leggings":1,"mutantmonsters:mutant_skeleton_leggings":1,"mutantmonsters:mutant_skeleton_boots":1,"minecraft:iron_axe":2,"immersive_armors:warrior_chestplate":1},"minecraft:mined":{"minerally:deepslate_emerald_crystal_0":1,"minecraft:tuff":3,"minerally:deepslate_emerald_crystal_1":1,"minecraft:deepslate_diamond_ore":8,"epicknightsnmages:deepslate_citrin_ore":12,"minecraft:jungle_slab":1,"mythicmetals:deepslate_morkite_ore":10,"minecraft:acacia_log":3,"minecraft:grass_block":1,"minecraft:jungle_planks":4,"clutter:deepslate_silver_ore":3,"minerally:deepslate_iron_pile_1":1,"minerally:deepslate_copper_pile_0":1,"mythicmetals:quadrillum_ore":1,"minecraft:iron_ore":27,"mythicmetals:deepslate_mythril_ore":2,"treechop:chopped_log":6,"minerally:deepslate_iron_pile":1,"minerally:deepslate_iron_pile_0":1,"soulsweapons:moonstone_ore_deepslate":5,"minecraft:deepslate_iron_ore":18,"bewitchment:salt_ore":10,"minecraft:stripped_oak_log":6,"regions_unexplored:medium_grass":1,"minecraft:stone":76,"minecraft:acacia_leaves":3,"galosphere:deepslate_silver_ore":8,"minecraft:crafting_table":1,"minecraft:torch":3,"minecraft:poppy":1,"minerally:deepslate_emerald_crystal":1,"minecraft:dead_bush":1,"minerally:deepslate_copper_pile":1,"minecraft:copper_ore":1,"minecraft:tall_grass":3,"minecraft:deepslate_coal_ore":6,"minecraft:deepslate_gold_ore":15,"minerally:gold_rock":2,"mythicmetals:manganese_ore":5,"minerally:iron_rock":1,"minecraft:grass":8,"minecraft:oak_log":14,"artifality:medium_lunar_crystal_cluster":1,"minecraft:coal_ore":48,"archon:earth_node":4,"minecraft:sand":7,"minecraft:dirt":4,"mythicmetals:morkite_ore":3,"artifality:lunar_crystal_geode":2,"twigs:rhyolite":1,"minerally:deepslate_copper_pile_1":1,"minecraft:oak_leaves":20,"minecraft:deepslate":211,"minecraft:fern":1,"minecraft:dark_oak_planks":1}},"DataVersion":3465}