{"stats":{"minecraft:used":{"minecraft:iron_shovel":127,"minecraft:stone_shovel":131,"minecraft:chest":8,"minecraft:wooden_shovel":44,"minecraft:torch":3,"minecraft:dirt":16,"minecraft:hopper":11,"minecraft:jungle_slab":27,"minecraft:jungle_sapling":16,"minecraft:wooden_axe":61,"minecraft:lava_bucket":2,"minecraft:iron_axe":244,"minecraft:oak_sapling":4,"minecraft:furnace":1,"minecraft:potato":4,"minecraft:water_bucket":10,"minecraft:stone_pickaxe":131,"minecraft:baked_potato":4,"minecraft:oak_planks":1,"minecraft:stonecutter":1,"minecraft:cobblestone_slab":145,"minecraft:crafting_table":1,"minecraft:oak_slab":169,"minecraft:campfire":1,"minecraft:dripstone_block":30,"minecraft:smoker":1,"minecraft:oak_log":1,"minecraft:diamond_pickaxe":10,"minecraft:apple":1,"minecraft:iron_pickaxe":1630,"minecraft:gravel":50,"minecraft:stone_axe":131,"minecraft:cobblestone":7,"minecraft:bucket":24,"minecraft:oak_boat":2,"minecraft:bone_meal":3,"minecraft:smooth_stone":1},"minecraft:dropped":{"minecraft:water_bucket":2,"minecraft:oak_slab":67,"minecraft:moss_block":7,"minecraft:wheat_seeds":3,"minecraft:oak_log":91,"minecraft:dripstone_block":20,"minecraft:cobblestone":155,"minecraft:granite":1,"minecraft:jungle_planks":84,"minecraft:stick":2,"minecraft:dirt":78,"minecraft:diorite":7,"minecraft:smooth_stone":2,"minecraft:tuff":8,"minecraft:oak_planks":45,"minecraft:potato":6,"minecraft:andesite":36,"minecraft:stone_pickaxe":1},"minecraft:broken":{"minecraft:stone_pickaxe":1,"minecraft:iron_axe":1,"minecraft:stone_axe":1,"minecraft:iron_pickaxe":6,"minecraft:wooden_axe":1,"minecraft:stone_shovel":1},"minecraft:killed":{"minecraft:skeleton":2,"minecraft:skeleton_horse":1},"minecraft:custom":{"minecraft:mob_kills":3,"minecraft:inspect_hopper":4,"minecraft:interact_with_crafting_table":82,"minecraft:time_since_death":178372,"minecraft:climb_one_cm":6925,"minecraft:sprint_one_cm":76265,"minecraft:walk_one_cm":333297,"minecraft:drop":33,"minecraft:talked_to_villager":36,"minecraft:play_time":210802,"minecraft:deaths":4,"minecraft:sneak_time":14191,"minecraft:walk_under_water_one_cm":11330,"minecraft:jump":759,"minecraft:interact_with_blast_furnace":22,"minecraft:walk_on_water_one_cm":46361,"minecraft:total_world_time":210802,"minecraft:interact_with_furnace":69,"minecraft:traded_with_villager":10,"minecraft:interact_with_stonecutter":1,"minecraft:time_since_rest":178402,"minecraft:damage_taken":1211,"minecraft:damage_dealt":590,"minecraft:swim_one_cm":4283,"minecraft:fly_one_cm":74307,"minecraft:open_chest":46,"minecraft:crouch_one_cm":53870,"minecraft:interact_with_smoker":9,"minecraft:fall_one_cm":7823},"minecraft:crafted":{"minecraft:obsidian":10,"minecraft:smooth_stone":1,"minecraft:oak_planks":128,"minecraft:cobblestone_slab":216,"minecraft:stone_shovel":1,"minecraft:iron_nugget":45,"minecraft:pointed_dripstone":4,"minecraft:furnace":2,"minecraft:stone":3,"minecraft:bone_meal":3,"minecraft:potato":6,"minecraft:flint_and_steel":1,"minecraft:hopper":10,"minecraft:iron_axe":1,"minecraft:stone_pickaxe":1,"minecraft:chest":15,"minecraft:jungle_sapling":6,"minecraft:smoker":1,"minecraft:magma_block":32,"minecraft:coal_block":1,"minecraft:tuff":9,"minecraft:oak_slab":144,"minecraft:wooden_shovel":1,"minecraft:calcite":9,"minecraft:gravel":128,"minecraft:baked_potato":4,"minecraft:mossy_cobblestone":5,"minecraft:wheat_seeds":3,"minecraft:bucket":4,"minecraft:lava_bucket":9,"minecraft:campfire":1,"minecraft:stone_axe":1,"minecraft:glowstone":6,"minecraft:jungle_slab":36,"minecraft:air":0,"minecraft:jungle_planks":192,"minecraft:oak_boat":1,"minecraft:diamond_pickaxe":1,"minecraft:charcoal":6,"minecraft:cobblestone":94,"minecraft:stick":20,"minecraft:gunpowder":8,"minecraft:iron_ingot":138,"minecraft:iron_pickaxe":7,"minecraft:wooden_axe":2,"minecraft:iron_shovel":1,"minecraft:stonecutter":1,"minecraft:torch":4},"minecraft:mined":{"minecraft:oak_sapling":1,"minecraft:deepslate_diamond_ore":3,"minecraft:jungle_slab":7,"minecraft:jungle_leaves":18,"minecraft:obsidian":1,"minecraft:granite":17,"minecraft:grass_block":327,"minecraft:jungle_planks":15,"minecraft:jungle_log":115,"minecraft:spruce_leaves":91,"minecraft:moss_block":162,"minecraft:hopper":1,"minecraft:smooth_stone":1,"minecraft:redstone_ore":15,"minecraft:spruce_sapling":5,"minecraft:furnace":1,"minecraft:iron_ore":71,"minecraft:andesite":27,"minecraft:deepslate_lapis_ore":1,"minecraft:potatoes":4,"minecraft:deepslate_iron_ore":4,"minecraft:cobblestone_slab":19,"minecraft:vine":1,"minecraft:stripped_oak_log":1,"minecraft:stone":253,"minecraft:deepslate_redstone_ore":1,"minecraft:oak_slab":26,"minecraft:crafting_table":1,"minecraft:clay":13,"minecraft:chest":3,"minecraft:campfire":1,"minecraft:cobblestone":649,"minecraft:copper_ore":13,"minecraft:deepslate_coal_ore":3,"minecraft:deepslate_gold_ore":2,"minecraft:lapis_ore":20,"minecraft:oak_planks":1,"minecraft:diorite":16,"minecraft:deepslate_copper_ore":2,"minecraft:mud":101,"minecraft:oak_log":177,"minecraft:coal_ore":70,"minecraft:gravel":26,"minecraft:dripstone_block":94,"minecraft:dirt":21,"minecraft:terracotta":1,"minecraft:gold_ore":27,"minecraft:deepslate_emerald_ore":2,"minecraft:deepslate":2,"minecraft:oak_leaves":112},"minecraft:picked_up":{"minecraft:mud":100,"minecraft:charcoal":5,"minecraft:crafting_table":1,"minecraft:ladder":1,"minecraft:clay_ball":48,"minecraft:string":3,"minecraft:raw_copper":48,"minecraft:cobbled_deepslate":2,"minecraft:smooth_stone":3,"minecraft:oak_boat":2,"minecraft:cobblestone_slab":19,"minecraft:jungle_sapling":11,"minecraft:chest":3,"minecraft:stick":21,"minecraft:raw_iron":73,"minecraft:stone":1,"minecraft:torch":1,"minecraft:diorite":24,"minecraft:redstone":72,"minecraft:jungle_sign":1,"minecraft:arrow":3,"minecraft:obsidian":1,"minecraft:cobblestone":343,"minecraft:stripped_oak_log":1,"minecraft:water_bucket":1,"minecraft:jungle_log":113,"minecraft:andesite":65,"minecraft:potato":14,"minecraft:flint":1,"minecraft:tuff":8,"minecraft:oak_log":198,"minecraft:dirt":350,"minecraft:lapis_lazuli":124,"minecraft:bone":4,"minecraft:apple":1,"minecraft:wheat_seeds":1,"minecraft:raw_gold":27,"minecraft:iron_ingot":21,"minecraft:stone_pickaxe":1,"minecraft:moss_block":167,"minecraft:oak_planks":97,"minecraft:oak_slab":95,"minecraft:dripstone_block":92,"minecraft:gravel":47,"minecraft:jungle_planks":31,"minecraft:spruce_sapling":10,"minecraft:spider_eye":1,"minecraft:jungle_slab":8,"minecraft:slime_ball":1,"minecraft:diamond":3,"minecraft:iron_helmet":1,"minecraft:granite":17,"minecraft:emerald":2,"minecraft:oak_button":1,"minecraft:terracotta":2,"minecraft:oak_sapling":14,"minecraft:coal":71,"minecraft:hopper":1}},"DataVersion":3953}