{"stats":{"minecraft:used":{"minecraft:water_bucket":5,"minecraft:iron_shovel":79,"minecraft:stone_shovel":131,"minecraft:stone_pickaxe":131,"minecraft:chest":2,"minecraft:cobblestone_slab":13,"minecraft:wooden_shovel":44,"minecraft:dirt":9,"minecraft:hopper":10,"minecraft:oak_slab":160,"minecraft:crafting_table":1,"minecraft:jungle_slab":27,"minecraft:campfire":1,"minecraft:smoker":1,"minecraft:oak_log":1,"minecraft:jungle_sapling":4,"minecraft:wooden_axe":61,"minecraft:iron_axe":205,"minecraft:iron_pickaxe":573,"minecraft:stone_axe":131,"minecraft:cobblestone":4,"minecraft:furnace":1,"minecraft:oak_sapling":4,"minecraft:bucket":9,"minecraft:oak_boat":2,"minecraft:smooth_stone":1},"minecraft:dropped":{"minecraft:oak_slab":67,"minecraft:moss_block":7,"minecraft:wheat_seeds":3,"minecraft:oak_log":66,"minecraft:cobblestone":117,"minecraft:oak_planks":1,"minecraft:jungle_planks":84,"minecraft:stick":2,"minecraft:dirt":1,"minecraft:potato":6,"minecraft:stone_pickaxe":1,"minecraft:smooth_stone":2},"minecraft:broken":{"minecraft:stone_pickaxe":1,"minecraft:stone_axe":1,"minecraft:iron_pickaxe":2,"minecraft:wooden_axe":1,"minecraft:stone_shovel":1},"minecraft:custom":{"minecraft:interact_with_furnace":51,"minecraft:inspect_hopper":2,"minecraft:traded_with_villager":8,"minecraft:interact_with_crafting_table":56,"minecraft:time_since_death":106372,"minecraft:climb_one_cm":4507,"minecraft:time_since_rest":106402,"minecraft:sprint_one_cm":29091,"minecraft:damage_taken":1063,"minecraft:walk_one_cm":225231,"minecraft:drop":16,"minecraft:damage_dealt":185,"minecraft:talked_to_villager":30,"minecraft:fly_one_cm":41343,"minecraft:open_chest":15,"minecraft:crouch_one_cm":32002,"minecraft:play_time":138802,"minecraft:deaths":4,"minecraft:sneak_time":9001,"minecraft:walk_under_water_one_cm":5743,"minecraft:jump":368,"minecraft:interact_with_blast_furnace":13,"minecraft:walk_on_water_one_cm":5759,"minecraft:interact_with_smoker":5,"minecraft:total_world_time":138802,"minecraft:fall_one_cm":4763},"minecraft:crafted":{"minecraft:coal_block":1,"minecraft:smooth_stone":1,"minecraft:oak_planks":108,"minecraft:oak_slab":144,"minecraft:wooden_shovel":1,"minecraft:cobblestone_slab":12,"minecraft:stone_shovel":1,"minecraft:iron_nugget":45,"minecraft:calcite":9,"minecraft:pointed_dripstone":4,"minecraft:gravel":96,"minecraft:baked_potato":1,"minecraft:furnace":2,"minecraft:mossy_cobblestone":5,"minecraft:wheat_seeds":3,"minecraft:stone":2,"minecraft:bucket":4,"minecraft:campfire":1,"minecraft:stone_axe":1,"minecraft:jungle_slab":36,"minecraft:potato":6,"minecraft:jungle_planks":192,"minecraft:air":0,"minecraft:oak_boat":1,"minecraft:hopper":9,"minecraft:cobblestone":18,"minecraft:charcoal":6,"minecraft:iron_axe":1,"minecraft:stick":12,"minecraft:gunpowder":8,"minecraft:iron_ingot":78,"minecraft:iron_pickaxe":3,"minecraft:stone_pickaxe":1,"minecraft:wooden_axe":2,"minecraft:chest":11,"minecraft:iron_shovel":1,"minecraft:jungle_sapling":6,"minecraft:smoker":1},"minecraft:mined":{"minecraft:oak_slab":20,"minecraft:oak_sapling":1,"minecraft:jungle_slab":7,"minecraft:jungle_leaves":18,"minecraft:clay":1,"minecraft:crafting_table":1,"minecraft:granite":3,"minecraft:grass_block":270,"minecraft:jungle_log":115,"minecraft:campfire":1,"minecraft:copper_ore":2,"minecraft:lapis_ore":2,"minecraft:cobblestone":15,"minecraft:spruce_leaves":75,"minecraft:hopper":1,"minecraft:moss_block":133,"minecraft:diorite":7,"minecraft:smooth_stone":1,"minecraft:redstone_ore":4,"minecraft:furnace":1,"minecraft:mud":81,"minecraft:iron_ore":57,"minecraft:andesite":3,"minecraft:coal_ore":56,"minecraft:oak_log":145,"minecraft:cobblestone_slab":4,"minecraft:vine":1,"minecraft:dripstone_block":60,"minecraft:dirt":17,"minecraft:stripped_oak_log":1,"minecraft:terracotta":1,"minecraft:stone":197,"minecraft:gold_ore":4,"minecraft:oak_leaves":83},"minecraft:picked_up":{"minecraft:stripped_oak_log":1,"minecraft:charcoal":5,"minecraft:mud":80,"minecraft:crafting_table":1,"minecraft:andesite":5,"minecraft:clay_ball":8,"minecraft:jungle_log":113,"minecraft:oak_log":166,"minecraft:lapis_lazuli":13,"minecraft:dirt":288,"minecraft:raw_copper":8,"minecraft:apple":1,"minecraft:wheat_seeds":1,"minecraft:smooth_stone":3,"minecraft:raw_gold":4,"minecraft:cobblestone_slab":2,"minecraft:iron_ingot":21,"minecraft:stone_pickaxe":1,"minecraft:oak_boat":2,"minecraft:jungle_sapling":10,"minecraft:moss_block":138,"minecraft:oak_planks":1,"minecraft:stone":1,"minecraft:oak_slab":89,"minecraft:stick":21,"minecraft:raw_iron":57,"minecraft:dripstone_block":60,"minecraft:spruce_sapling":4,"minecraft:diorite":8,"minecraft:redstone":14,"minecraft:jungle_slab":7,"minecraft:granite":6,"minecraft:oak_button":1,"minecraft:terracotta":2,"minecraft:oak_sapling":13,"minecraft:coal":55,"minecraft:hopper":1,"minecraft:cobblestone":275}},"DataVersion":3953}