{"stats":{"minecraft:killed":{"minecraft:skeleton":1,"minecraft:zombie":1,"minecraft:witch":2,"minecraft:zombie_villager":2,"minecraft:spider":1,"minecraft:iron_golem":1},"minecraft:picked_up":{"minecraft:wheat":64,"minecraft:water_bucket":1,"minecraft:leather_leggings":1,"minecraft:acacia_log":1,"minecraft:sand":22,"spellbladenext:frost_orb":1,"farmersdelight:tomato_seeds":2,"minecraft:shield":1,"minecraft:gunpowder":1,"minecraft:spider_eye":2,"mcdar:flaming_quiver":1,"minecraft:dirt":2,"mutantmonsters:mutant_skeleton_limb":8,"minecraft:string":3,"minecraft:leather_helmet":1,"mutantmonsters:mutant_skeleton_pelvis":1,"mutantmonsters:mutant_skeleton_skull":1,"minecraft:leather_boots":1,"minecraft:sugar":2,"minecraft:rotten_flesh":5,"bewitchment:mandrake_seeds":2,"minecraft:iron_ingot":4,"minecraft:crossbow":1,"mutantmonsters:mutant_skeleton_rib":5,"minecraft:emerald":2,"minecraft:glass_bottle":8,"twigs:twig":4,"mutantmonsters:mutant_skeleton_shoulder_pad":2,"twigs:tangerine_seashell":1},"minecraft:custom":{"minecraft:time_since_rest":38156,"minecraft:sprint_one_cm":26714,"lootr:looted_stat":27,"minecraft:damage_taken":693,"minecraft:walk_one_cm":105146,"minecraft:damage_blocked_by_shield":220,"minecraft:mob_kills":10,"minecraft:drop":10,"minecraft:damage_dealt":2151,"minecraft:interact_with_crafting_table":5,"minecraft:fly_one_cm":44127,"minecraft:crouch_one_cm":8915,"minecraft:play_time":38156,"minecraft:sneak_time":981,"minecraft:damage_dealt_resisted":0,"minecraft:jump":337,"minecraft:time_since_death":38156,"minecraft:walk_on_water_one_cm":185,"minecraft:damage_resisted":0,"minecraft:total_world_time":38156,"minecraft:interact_with_smoker":2,"minecraft:hex":0,"minecraft:fall_one_cm":11755},"minecraft:used":{"minecraft:water_bucket":1,"spellbladenext:frost_orb":7,"minecraft:bread":4,"minecraft:baked_potato":1,"minecraft:shield":8,"twigs:tangerine_seashell":1,"minecraft:salmon":5,"minecraft:glow_berries":4,"minecraft:wooden_sword":45,"mcdar:buzzy_nest":3,"minecraft:bucket":1,"minecraft:crossbow":1,"minecraft:pumpkin_pie":5},"minecraft:dropped":{"farmersdelight:tomato_seeds":2,"mcdar:flaming_quiver":1,"minecraft:shield":1,"bewitchment:mandrake_seeds":1,"minecraft:glass_bottle":6,"minecraft:wooden_sword":1,"spellbladenext:frost_orb":1},"minecraft:crafted":{"mutantmonsters:mutant_skeleton_leggings":1,"mutantmonsters:mutant_skeleton_arms":1,"mutantmonsters:mutant_skeleton_boots":1},"minecraft:broken":{"mutantmonsters:mutant_skeleton_skull":1,"mutantmonsters:mutant_skeleton_leggings":1,"immersive_armors:warrior_chestplate":1,"mutantmonsters:mutant_skeleton_boots":1},"minecraft:mined":{"minecraft:oak_log":1,"minecraft:grass":2,"minecraft:tall_grass":1,"minecraft:oak_leaves":5,"minecraft:fern":1}},"DataVersion":3465}