{"stats":{"minecraft:used":{"minecraft:iron_shovel":64,"minecraft:stone_shovel":131,"minecraft:stone_pickaxe":131,"minecraft:wooden_shovel":44,"minecraft:dirt":9,"minecraft:oak_slab":150,"minecraft:crafting_table":1,"minecraft:oak_log":1,"minecraft:jungle_sapling":4,"minecraft:wooden_axe":61,"minecraft:iron_axe":67,"minecraft:iron_pickaxe":463,"minecraft:stone_axe":131,"minecraft:cobblestone":1,"minecraft:furnace":1,"minecraft:oak_sapling":4,"minecraft:oak_boat":1},"minecraft:dropped":{"minecraft:oak_slab":67,"minecraft:moss_block":7,"minecraft:wheat_seeds":3,"minecraft:oak_log":66,"minecraft:oak_planks":1,"minecraft:stick":2,"minecraft:dirt":1,"minecraft:potato":6,"minecraft:stone_pickaxe":1,"minecraft:smooth_stone":2},"minecraft:broken":{"minecraft:stone_pickaxe":1,"minecraft:stone_axe":1,"minecraft:iron_pickaxe":1,"minecraft:wooden_axe":1,"minecraft:stone_shovel":1},"minecraft:crafted":{"minecraft:oak_planks":96,"minecraft:oak_slab":138,"minecraft:wooden_shovel":1,"minecraft:stone_shovel":1,"minecraft:iron_nugget":45,"minecraft:gravel":96,"minecraft:furnace":1,"minecraft:mossy_cobblestone":1,"minecraft:wheat_seeds":3,"minecraft:stone":1,"minecraft:stone_axe":1,"minecraft:potato":6,"minecraft:air":0,"minecraft:oak_boat":1,"minecraft:cobblestone":16,"minecraft:charcoal":6,"minecraft:iron_axe":1,"minecraft:stick":12,"minecraft:iron_ingot":27,"minecraft:iron_pickaxe":2,"minecraft:stone_pickaxe":1,"minecraft:wooden_axe":2,"minecraft:iron_shovel":1,"minecraft:jungle_sapling":6},"minecraft:custom":{"minecraft:interact_with_furnace":41,"minecraft:traded_with_villager":6,"minecraft:interact_with_crafting_table":35,"minecraft:time_since_death":58372,"minecraft:climb_one_cm":3862,"minecraft:time_since_rest":58402,"minecraft:sprint_one_cm":13937,"minecraft:damage_taken":1020,"minecraft:walk_one_cm":164621,"minecraft:drop":12,"minecraft:damage_dealt":95,"minecraft:talked_to_villager":25,"minecraft:fly_one_cm":17995,"minecraft:open_chest":5,"minecraft:crouch_one_cm":20779,"minecraft:play_time":90802,"minecraft:deaths":4,"minecraft:sneak_time":6461,"minecraft:jump":192,"minecraft:total_world_time":90802,"minecraft:fall_one_cm":3158},"minecraft:mined":{"minecraft:oak_slab":13,"minecraft:oak_sapling":1,"minecraft:jungle_leaves":8,"minecraft:crafting_table":1,"minecraft:grass_block":246,"minecraft:jungle_log":10,"minecraft:cobblestone":4,"minecraft:spruce_leaves":70,"minecraft:moss_block":125,"minecraft:furnace":1,"minecraft:mud":73,"minecraft:iron_ore":53,"minecraft:coal_ore":50,"minecraft:oak_log":138,"minecraft:dripstone_block":54,"minecraft:dirt":17,"minecraft:stripped_oak_log":1,"minecraft:stone":183,"minecraft:oak_leaves":77},"minecraft:picked_up":{"minecraft:stripped_oak_log":1,"minecraft:charcoal":3,"minecraft:mud":73,"minecraft:crafting_table":1,"minecraft:jungle_log":10,"minecraft:oak_log":128,"minecraft:dirt":255,"minecraft:apple":1,"minecraft:smooth_stone":2,"minecraft:iron_ingot":21,"minecraft:stone_pickaxe":1,"minecraft:moss_block":127,"minecraft:oak_planks":1,"minecraft:oak_slab":79,"minecraft:stick":10,"minecraft:raw_iron":51,"minecraft:dripstone_block":53,"minecraft:spruce_sapling":3,"minecraft:oak_sapling":13,"minecraft:coal":48,"minecraft:cobblestone":187}},"DataVersion":3953}