{"stats":{"minecraft:used":{"minecraft:moss_block":12,"minecraft:wooden_axe":59,"minecraft:stone_pickaxe":35,"minecraft:chest":1,"minecraft:wooden_shovel":45,"minecraft:stone_axe":43,"minecraft:dirt":54,"minecraft:cobblestone":24,"minecraft:crafting_table":1,"minecraft:oak_slab":258,"minecraft:furnace":1,"minecraft:oak_sapling":5},"minecraft:dropped":{"minecraft:stick":4},"minecraft:broken":{"minecraft:wooden_axe":1},"minecraft:crafted":{"minecraft:smooth_stone":2,"minecraft:oak_slab":288,"minecraft:oak_planks":172,"minecraft:wooden_shovel":1,"minecraft:charcoal":4,"minecraft:cobblestone":22,"minecraft:crafting_table":1,"minecraft:oak_sapling":5,"minecraft:stick":12,"minecraft:wooden_pickaxe":1,"minecraft:stone_pickaxe":1,"minecraft:wooden_axe":1,"minecraft:chest":1,"minecraft:oak_button":1,"minecraft:wheat_seeds":1,"minecraft:stone":2,"minecraft:stone_axe":1,"minecraft:air":0},"minecraft:custom":{"minecraft:time_since_rest":25382,"minecraft:interact_with_furnace":8,"minecraft:sprint_one_cm":22898,"minecraft:damage_taken":280,"minecraft:walk_one_cm":58508,"minecraft:drop":1,"minecraft:damage_dealt":60,"minecraft:interact_with_crafting_table":25,"minecraft:talked_to_villager":1,"minecraft:fly_one_cm":30455,"minecraft:open_chest":9,"minecraft:crouch_one_cm":45087,"minecraft:play_time":34536,"minecraft:deaths":1,"minecraft:sneak_time":10362,"minecraft:jump":142,"minecraft:leave_game":1,"minecraft:time_since_death":25341,"minecraft:total_world_time":34536,"minecraft:fall_one_cm":2181},"minecraft:mined":{"minecraft:oak_slab":37,"minecraft:oak_sapling":1,"minecraft:mud":20,"minecraft:grass_block":72,"minecraft:oak_log":36,"minecraft:dirt":36,"minecraft:cobblestone":4,"minecraft:spruce_leaves":14,"minecraft:stone":13,"minecraft:moss_block":26,"minecraft:oak_leaves":5},"minecraft:picked_up":{"minecraft:mud":19,"minecraft:oak_slab":37,"minecraft:stick":4,"minecraft:oak_log":43,"minecraft:dirt":111,"minecraft:oak_sapling":1,"minecraft:moss_block":30,"minecraft:cobblestone":18,"minecraft:furnace":1}},"DataVersion":3953}