{"stats":{"minecraft:used":{"minecraft:oak_trapdoor":56,"minecraft:moss_block":12,"minecraft:stone_shovel":83,"minecraft:ladder":22,"minecraft:chest":1,"minecraft:wooden_shovel":45,"minecraft:stone_hoe":62,"minecraft:torch":32,"minecraft:dirt":142,"minecraft:jungle_planks":307,"minecraft:jungle_slab":16,"minecraft:jungle_trapdoor":20,"minecraft:granite":23,"minecraft:wooden_axe":59,"minecraft:iron_axe":376,"minecraft:furnace":2,"minecraft:oak_sapling":5,"minecraft:potato":10,"minecraft:wheat_seeds":13,"minecraft:water_bucket":46,"minecraft:diorite":21,"minecraft:stone_pickaxe":262,"minecraft:baked_potato":7,"minecraft:oak_planks":267,"minecraft:wooden_pickaxe":4,"minecraft:cobblestone_slab":214,"minecraft:terracotta":2,"minecraft:oak_slab":571,"minecraft:crafting_table":2,"minecraft:blast_furnace":1,"minecraft:dripstone_block":34,"minecraft:iron_pickaxe":453,"minecraft:spruce_sapling":5,"minecraft:stone_axe":131,"minecraft:jungle_sign":8,"minecraft:cobblestone":717,"minecraft:bucket":45,"minecraft:andesite":24,"minecraft:oak_boat":2},"minecraft:dropped":{"minecraft:iron_ingot":21,"minecraft:clay":1,"minecraft:moss_block":12,"minecraft:oak_slab":3,"minecraft:lapis_lazuli":8,"minecraft:oak_log":2,"minecraft:jungle_planks":1,"minecraft:granite":1,"minecraft:stick":4,"minecraft:jungle_sapling":1,"minecraft:jungle_sign":1,"minecraft:stone_axe":1,"minecraft:tuff":8,"minecraft:oak_planks":40,"minecraft:stone":2,"minecraft:andesite":12,"minecraft:arrow":1,"minecraft:wooden_pickaxe":1,"minecraft:stone_pickaxe":1},"minecraft:broken":{"minecraft:stone_pickaxe":2,"minecraft:iron_axe":1,"minecraft:stone_axe":1,"minecraft:iron_pickaxe":1,"minecraft:wooden_axe":1},"minecraft:killed":{"minecraft:skeleton":2,"minecraft:creeper":1,"minecraft:zombie":1},"minecraft:custom":{"minecraft:mob_kills":5,"minecraft:inspect_hopper":1,"minecraft:interact_with_crafting_table":58,"minecraft:leave_game":7,"minecraft:time_since_death":63632,"minecraft:climb_one_cm":6609,"minecraft:sprint_one_cm":164031,"minecraft:walk_one_cm":383224,"minecraft:drop":22,"minecraft:talked_to_villager":18,"minecraft:play_time":200805,"minecraft:deaths":3,"minecraft:sneak_time":33823,"minecraft:walk_under_water_one_cm":48762,"minecraft:boat_one_cm":765,"minecraft:jump":1108,"minecraft:interact_with_blast_furnace":13,"minecraft:walk_on_water_one_cm":34732,"minecraft:total_world_time":200805,"minecraft:interact_with_furnace":59,"minecraft:traded_with_villager":2,"minecraft:time_since_rest":63667,"minecraft:damage_taken":2789,"minecraft:damage_dealt":701,"minecraft:swim_one_cm":35920,"minecraft:fly_one_cm":209624,"minecraft:open_chest":22,"minecraft:crouch_one_cm":161869,"minecraft:interact_with_smoker":7,"minecraft:fall_one_cm":35256},"minecraft:crafted":{"minecraft:smooth_stone":5,"minecraft:oak_planks":800,"minecraft:cobblestone_slab":234,"minecraft:stone_shovel":1,"minecraft:iron_nugget":58,"minecraft:furnace":2,"minecraft:blast_furnace":1,"minecraft:jungle_trapdoor":20,"minecraft:stone":6,"minecraft:oak_trapdoor":72,"minecraft:terracotta":2,"minecraft:iron_axe":3,"minecraft:ladder":81,"minecraft:oak_sapling":5,"minecraft:stone_pickaxe":2,"minecraft:chest":1,"minecraft:oak_button":1,"minecraft:water_bucket":2,"minecraft:stone_hoe":1,"minecraft:oak_slab":504,"minecraft:wooden_shovel":1,"minecraft:crafting_table":2,"minecraft:wooden_pickaxe":1,"minecraft:gravel":58,"minecraft:baked_potato":7,"minecraft:wheat_seeds":1,"minecraft:bucket":1,"minecraft:stone_axe":1,"minecraft:air":0,"minecraft:jungle_planks":248,"minecraft:cobblestone":52,"minecraft:charcoal":12,"minecraft:stick":280,"minecraft:iron_ingot":49,"minecraft:iron_pickaxe":2,"minecraft:wooden_axe":1,"minecraft:torch":20,"minecraft:clay":5,"minecraft:jungle_sign":9},"minecraft:mined":{"minecraft:oak_sapling":2,"minecraft:jungle_slab":1,"minecraft:ladder":2,"minecraft:granite":26,"minecraft:grass_block":232,"minecraft:jungle_planks":82,"minecraft:spruce_leaves":65,"minecraft:moss_block":102,"minecraft:redstone_ore":2,"minecraft:iron_ore":31,"minecraft:andesite":26,"minecraft:potatoes":4,"minecraft:cobblestone_slab":3,"minecraft:stone":165,"minecraft:oak_slab":64,"minecraft:clay":13,"minecraft:torch":14,"minecraft:copper_ore":4,"minecraft:cobblestone":61,"minecraft:lapis_ore":2,"minecraft:oak_planks":251,"minecraft:diorite":22,"minecraft:wall_torch":6,"minecraft:mud":78,"minecraft:wheat":3,"minecraft:oak_log":105,"minecraft:coal_ore":33,"minecraft:dripstone_block":34,"minecraft:dirt":51,"minecraft:terracotta":1,"minecraft:gold_ore":1,"minecraft:oak_leaves":47,"minecraft:jungle_wall_sign":8},"minecraft:picked_up":{"minecraft:mud":139,"minecraft:wheat":3,"minecraft:ladder":1,"minecraft:clay_ball":56,"minecraft:wooden_pickaxe":3,"minecraft:raw_copper":34,"minecraft:smooth_stone":4,"minecraft:oak_boat":2,"minecraft:cobblestone_slab":6,"minecraft:jungle_sapling":2,"minecraft:iron_nugget":4,"minecraft:iron_pickaxe":1,"minecraft:furnace":1,"minecraft:raw_iron":50,"minecraft:stick":148,"minecraft:stone":1,"minecraft:torch":24,"minecraft:diorite":21,"minecraft:redstone":19,"minecraft:arrow":2,"minecraft:rotten_flesh":2,"minecraft:stone_shovel":1,"minecraft:cobblestone":321,"minecraft:water_bucket":2,"minecraft:andesite":36,"minecraft:potato":15,"minecraft:tuff":8,"minecraft:oak_log":268,"minecraft:gunpowder":1,"minecraft:lapis_lazuli":46,"minecraft:dirt":410,"minecraft:wheat_seeds":13,"minecraft:raw_gold":3,"minecraft:stone_pickaxe":2,"minecraft:iron_ingot":11,"minecraft:moss_block":179,"minecraft:oak_planks":147,"minecraft:stone_hoe":1,"minecraft:oak_slab":138,"minecraft:dripstone_block":54,"minecraft:jungle_planks":146,"minecraft:spruce_sapling":10,"minecraft:jungle_slab":1,"minecraft:clay":1,"minecraft:stone_axe":2,"minecraft:granite":27,"minecraft:oak_button":1,"minecraft:oak_sapling":5,"minecraft:coal":35}},"DataVersion":3953}