{"stats":{"minecraft:used":{"minecraft:wheat_seeds":4,"minecraft:moss_block":12,"minecraft:water_bucket":6,"minecraft:stone_shovel":83,"minecraft:stone_pickaxe":262,"minecraft:baked_potato":1,"minecraft:chest":1,"minecraft:wooden_pickaxe":4,"minecraft:wooden_shovel":45,"minecraft:stone_hoe":9,"minecraft:torch":6,"minecraft:dirt":85,"minecraft:terracotta":2,"minecraft:oak_slab":327,"minecraft:crafting_table":1,"minecraft:blast_furnace":1,"minecraft:wooden_axe":59,"minecraft:iron_axe":18,"minecraft:iron_pickaxe":403,"minecraft:stone_axe":131,"minecraft:cobblestone":107,"minecraft:oak_sapling":5,"minecraft:furnace":2,"minecraft:bucket":5,"minecraft:oak_boat":2,"minecraft:potato":6},"minecraft:dropped":{"minecraft:iron_ingot":21,"minecraft:oak_slab":3,"minecraft:stone_axe":1,"minecraft:lapis_lazuli":8,"minecraft:stick":4,"minecraft:stone":2,"minecraft:wooden_pickaxe":1,"minecraft:stone_pickaxe":1},"minecraft:broken":{"minecraft:stone_pickaxe":2,"minecraft:stone_axe":1,"minecraft:iron_pickaxe":1,"minecraft:wooden_axe":1},"minecraft:crafted":{"minecraft:smooth_stone":5,"minecraft:oak_slab":288,"minecraft:oak_planks":184,"minecraft:wooden_shovel":1,"minecraft:stone_shovel":1,"minecraft:iron_nugget":58,"minecraft:crafting_table":1,"minecraft:wooden_pickaxe":1,"minecraft:gravel":58,"minecraft:baked_potato":1,"minecraft:furnace":2,"minecraft:blast_furnace":1,"minecraft:wheat_seeds":1,"minecraft:stone":6,"minecraft:bucket":1,"minecraft:stone_axe":1,"minecraft:air":0,"minecraft:terracotta":2,"minecraft:cobblestone":22,"minecraft:charcoal":12,"minecraft:iron_axe":1,"minecraft:oak_sapling":5,"minecraft:stick":24,"minecraft:iron_ingot":49,"minecraft:iron_pickaxe":2,"minecraft:stone_pickaxe":2,"minecraft:wooden_axe":1,"minecraft:chest":1,"minecraft:oak_button":1,"minecraft:water_bucket":2,"minecraft:torch":4,"minecraft:stone_hoe":1,"minecraft:clay":5},"minecraft:custom":{"minecraft:interact_with_furnace":56,"minecraft:traded_with_villager":2,"minecraft:interact_with_crafting_table":40,"minecraft:leave_game":3,"minecraft:time_since_death":93983,"minecraft:climb_one_cm":219,"minecraft:time_since_rest":94014,"minecraft:sprint_one_cm":65323,"minecraft:damage_taken":1965,"minecraft:walk_one_cm":196604,"minecraft:drop":9,"minecraft:damage_dealt":60,"minecraft:talked_to_villager":18,"minecraft:fly_one_cm":123577,"minecraft:open_chest":9,"minecraft:crouch_one_cm":63489,"minecraft:play_time":129012,"minecraft:deaths":2,"minecraft:sneak_time":14637,"minecraft:walk_under_water_one_cm":678,"minecraft:boat_one_cm":765,"minecraft:jump":568,"minecraft:interact_with_blast_furnace":12,"minecraft:walk_on_water_one_cm":160,"minecraft:interact_with_smoker":2,"minecraft:total_world_time":129012,"minecraft:fall_one_cm":22585},"minecraft:mined":{"minecraft:oak_slab":44,"minecraft:oak_sapling":2,"minecraft:clay":13,"minecraft:granite":26,"minecraft:grass_block":232,"minecraft:copper_ore":4,"minecraft:cobblestone":15,"minecraft:lapis_ore":2,"minecraft:spruce_leaves":65,"minecraft:moss_block":102,"minecraft:diorite":22,"minecraft:wall_torch":1,"minecraft:redstone_ore":2,"minecraft:mud":78,"minecraft:iron_ore":31,"minecraft:andesite":26,"minecraft:potatoes":2,"minecraft:coal_ore":33,"minecraft:oak_log":105,"minecraft:dirt":46,"minecraft:dripstone_block":34,"minecraft:terracotta":1,"minecraft:stone":165,"minecraft:gold_ore":1,"minecraft:oak_leaves":47},"minecraft:picked_up":{"minecraft:mud":79,"minecraft:andesite":24,"minecraft:clay_ball":48,"minecraft:wooden_pickaxe":2,"minecraft:potato":8,"minecraft:oak_log":180,"minecraft:lapis_lazuli":20,"minecraft:dirt":265,"minecraft:raw_copper":16,"minecraft:wheat_seeds":4,"minecraft:smooth_stone":2,"minecraft:raw_gold":1,"minecraft:stone_pickaxe":2,"minecraft:oak_boat":2,"minecraft:jungle_sapling":1,"minecraft:moss_block":103,"minecraft:oak_planks":1,"minecraft:furnace":1,"minecraft:oak_slab":112,"minecraft:stick":8,"minecraft:raw_iron":31,"minecraft:stone":1,"minecraft:torch":3,"minecraft:dripstone_block":34,"minecraft:spruce_sapling":5,"minecraft:diorite":21,"minecraft:redstone":10,"minecraft:stone_axe":2,"minecraft:granite":23,"minecraft:oak_button":1,"minecraft:oak_sapling":3,"minecraft:coal":34,"minecraft:cobblestone":170}},"DataVersion":3953}