{"stats":{"minecraft:used":{"minecraft:wheat_seeds":4,"minecraft:moss_block":12,"minecraft:water_bucket":6,"minecraft:stone_shovel":79,"minecraft:stone_pickaxe":262,"minecraft:baked_potato":1,"minecraft:chest":1,"minecraft:wooden_pickaxe":4,"minecraft:wooden_shovel":45,"minecraft:stone_hoe":8,"minecraft:torch":6,"minecraft:dirt":81,"minecraft:oak_slab":327,"minecraft:crafting_table":1,"minecraft:blast_furnace":1,"minecraft:wooden_axe":59,"minecraft:iron_pickaxe":124,"minecraft:stone_axe":129,"minecraft:cobblestone":45,"minecraft:oak_sapling":5,"minecraft:furnace":2,"minecraft:bucket":5,"minecraft:oak_boat":2,"minecraft:potato":4},"minecraft:dropped":{"minecraft:iron_ingot":21,"minecraft:stone_axe":1,"minecraft:stick":4,"minecraft:wooden_pickaxe":1,"minecraft:stone_pickaxe":1},"minecraft:broken":{"minecraft:stone_pickaxe":2,"minecraft:wooden_axe":1},"minecraft:crafted":{"minecraft:smooth_stone":5,"minecraft:oak_slab":288,"minecraft:oak_planks":184,"minecraft:wooden_shovel":1,"minecraft:stone_shovel":1,"minecraft:iron_nugget":58,"minecraft:crafting_table":1,"minecraft:wooden_pickaxe":1,"minecraft:gravel":58,"minecraft:baked_potato":1,"minecraft:furnace":2,"minecraft:blast_furnace":1,"minecraft:wheat_seeds":1,"minecraft:stone":6,"minecraft:bucket":1,"minecraft:stone_axe":1,"minecraft:air":0,"minecraft:terracotta":2,"minecraft:cobblestone":22,"minecraft:charcoal":12,"minecraft:oak_sapling":5,"minecraft:stick":20,"minecraft:iron_ingot":49,"minecraft:iron_pickaxe":1,"minecraft:stone_pickaxe":2,"minecraft:wooden_axe":1,"minecraft:chest":1,"minecraft:oak_button":1,"minecraft:water_bucket":2,"minecraft:torch":4,"minecraft:stone_hoe":1,"minecraft:clay":5},"minecraft:custom":{"minecraft:interact_with_furnace":54,"minecraft:traded_with_villager":2,"minecraft:interact_with_crafting_table":38,"minecraft:leave_game":3,"minecraft:time_since_death":69983,"minecraft:climb_one_cm":56,"minecraft:time_since_rest":70014,"minecraft:sprint_one_cm":63336,"minecraft:damage_taken":1965,"minecraft:walk_one_cm":147302,"minecraft:drop":5,"minecraft:damage_dealt":60,"minecraft:talked_to_villager":17,"minecraft:fly_one_cm":118180,"minecraft:open_chest":9,"minecraft:crouch_one_cm":61458,"minecraft:play_time":105012,"minecraft:deaths":2,"minecraft:sneak_time":14124,"minecraft:walk_under_water_one_cm":678,"minecraft:boat_one_cm":765,"minecraft:jump":494,"minecraft:interact_with_blast_furnace":10,"minecraft:walk_on_water_one_cm":136,"minecraft:total_world_time":105012,"minecraft:fall_one_cm":21749},"minecraft:mined":{"minecraft:oak_slab":44,"minecraft:oak_sapling":1,"minecraft:clay":6,"minecraft:granite":12,"minecraft:grass_block":181,"minecraft:cobblestone":15,"minecraft:spruce_leaves":45,"minecraft:moss_block":80,"minecraft:diorite":7,"minecraft:wall_torch":1,"minecraft:mud":60,"minecraft:iron_ore":14,"minecraft:andesite":12,"minecraft:coal_ore":19,"minecraft:oak_log":89,"minecraft:dirt":45,"minecraft:dripstone_block":15,"minecraft:stone":116,"minecraft:oak_leaves":33},"minecraft:picked_up":{"minecraft:mud":59,"minecraft:andesite":12,"minecraft:clay_ball":24,"minecraft:wooden_pickaxe":2,"minecraft:potato":6,"minecraft:oak_log":163,"minecraft:dirt":220,"minecraft:wheat_seeds":4,"minecraft:smooth_stone":2,"minecraft:stone_pickaxe":2,"minecraft:oak_boat":2,"minecraft:jungle_sapling":1,"minecraft:moss_block":83,"minecraft:oak_planks":1,"minecraft:furnace":1,"minecraft:oak_slab":112,"minecraft:stick":6,"minecraft:raw_iron":16,"minecraft:torch":3,"minecraft:dripstone_block":16,"minecraft:spruce_sapling":2,"minecraft:diorite":8,"minecraft:stone_axe":2,"minecraft:granite":11,"minecraft:oak_button":1,"minecraft:oak_sapling":2,"minecraft:coal":21,"minecraft:cobblestone":127}},"DataVersion":3953}