{"stats":{"minecraft:used":{"minecraft:moss_block":12,"minecraft:stone_shovel":70,"minecraft:stone_pickaxe":159,"minecraft:chest":1,"minecraft:wooden_pickaxe":4,"minecraft:wooden_shovel":45,"minecraft:torch":1,"minecraft:dirt":54,"minecraft:oak_slab":306,"minecraft:crafting_table":1,"minecraft:wooden_axe":59,"minecraft:stone_axe":93,"minecraft:cobblestone":45,"minecraft:oak_sapling":5,"minecraft:furnace":2,"minecraft:oak_boat":2},"minecraft:dropped":{"minecraft:stone_axe":1,"minecraft:stick":4,"minecraft:wooden_pickaxe":1,"minecraft:stone_pickaxe":1},"minecraft:broken":{"minecraft:stone_pickaxe":1,"minecraft:wooden_axe":1},"minecraft:crafted":{"minecraft:smooth_stone":2,"minecraft:oak_slab":288,"minecraft:oak_planks":180,"minecraft:wooden_shovel":1,"minecraft:stone_shovel":1,"minecraft:crafting_table":1,"minecraft:wooden_pickaxe":1,"minecraft:gravel":58,"minecraft:furnace":1,"minecraft:wheat_seeds":1,"minecraft:stone":2,"minecraft:stone_axe":1,"minecraft:air":0,"minecraft:cobblestone":22,"minecraft:charcoal":12,"minecraft:oak_sapling":5,"minecraft:stick":16,"minecraft:stone_pickaxe":2,"minecraft:wooden_axe":1,"minecraft:chest":1,"minecraft:oak_button":1,"minecraft:torch":4},"minecraft:custom":{"minecraft:interact_with_furnace":19,"minecraft:traded_with_villager":2,"minecraft:interact_with_crafting_table":30,"minecraft:leave_game":3,"minecraft:time_since_death":21983,"minecraft:time_since_rest":22014,"minecraft:sprint_one_cm":40753,"minecraft:damage_taken":1965,"minecraft:walk_one_cm":87758,"minecraft:drop":4,"minecraft:damage_dealt":60,"minecraft:talked_to_villager":9,"minecraft:fly_one_cm":75898,"minecraft:open_chest":9,"minecraft:crouch_one_cm":56520,"minecraft:play_time":57012,"minecraft:deaths":2,"minecraft:sneak_time":13090,"minecraft:boat_one_cm":765,"minecraft:jump":320,"minecraft:total_world_time":57012,"minecraft:fall_one_cm":19961},"minecraft:mined":{"minecraft:oak_slab":43,"minecraft:oak_sapling":1,"minecraft:grass_block":131,"minecraft:cobblestone":11,"minecraft:spruce_leaves":33,"minecraft:moss_block":64,"minecraft:mud":41,"minecraft:iron_ore":1,"minecraft:coal_ore":1,"minecraft:oak_log":58,"minecraft:dirt":36,"minecraft:dripstone_block":1,"minecraft:stone":68,"minecraft:oak_leaves":23},"minecraft:picked_up":{"minecraft:mud":41,"minecraft:wooden_pickaxe":2,"minecraft:oak_log":68,"minecraft:dirt":165,"minecraft:wheat_seeds":1,"minecraft:smooth_stone":2,"minecraft:stone_pickaxe":2,"minecraft:oak_boat":2,"minecraft:moss_block":66,"minecraft:oak_planks":1,"minecraft:furnace":1,"minecraft:oak_slab":111,"minecraft:stick":6,"minecraft:raw_iron":3,"minecraft:dripstone_block":2,"minecraft:spruce_sapling":2,"minecraft:stone_axe":2,"minecraft:oak_button":1,"minecraft:oak_sapling":2,"minecraft:coal":2,"minecraft:cobblestone":76}},"DataVersion":3953}