{"stats":{"minecraft:used":{"minecraft:moss_block":12,"minecraft:wooden_axe":59,"minecraft:stone_shovel":21,"minecraft:stone_pickaxe":112,"minecraft:wooden_pickaxe":4,"minecraft:chest":1,"minecraft:wooden_shovel":45,"minecraft:stone_axe":73,"minecraft:dirt":54,"minecraft:cobblestone":31,"minecraft:oak_slab":262,"minecraft:crafting_table":1,"minecraft:furnace":1,"minecraft:oak_sapling":5},"minecraft:dropped":{"minecraft:stone_axe":1,"minecraft:stone_pickaxe":1,"minecraft:wooden_pickaxe":1,"minecraft:stick":4},"minecraft:broken":{"minecraft:wooden_axe":1},"minecraft:crafted":{"minecraft:oak_slab":288,"minecraft:smooth_stone":2,"minecraft:oak_planks":180,"minecraft:wooden_shovel":1,"minecraft:stone_shovel":1,"minecraft:charcoal":4,"minecraft:cobblestone":22,"minecraft:crafting_table":1,"minecraft:oak_sapling":5,"minecraft:stick":12,"minecraft:gravel":58,"minecraft:wooden_pickaxe":1,"minecraft:stone_pickaxe":1,"minecraft:wooden_axe":1,"minecraft:chest":1,"minecraft:oak_button":1,"minecraft:wheat_seeds":1,"minecraft:stone":2,"minecraft:stone_axe":1,"minecraft:air":0},"minecraft:custom":{"minecraft:time_since_rest":10014,"minecraft:interact_with_furnace":11,"minecraft:sprint_one_cm":29877,"minecraft:damage_taken":1965,"minecraft:walk_one_cm":69901,"minecraft:drop":4,"minecraft:damage_dealt":60,"minecraft:traded_with_villager":2,"minecraft:interact_with_crafting_table":27,"minecraft:talked_to_villager":4,"minecraft:fly_one_cm":37583,"minecraft:open_chest":9,"minecraft:crouch_one_cm":50346,"minecraft:play_time":45012,"minecraft:deaths":2,"minecraft:sneak_time":11798,"minecraft:jump":174,"minecraft:leave_game":3,"minecraft:time_since_death":9983,"minecraft:total_world_time":45012,"minecraft:fall_one_cm":19334},"minecraft:mined":{"minecraft:oak_slab":38,"minecraft:oak_sapling":1,"minecraft:mud":34,"minecraft:grass_block":99,"minecraft:oak_log":45,"minecraft:dirt":36,"minecraft:cobblestone":10,"minecraft:spruce_leaves":25,"minecraft:stone":47,"minecraft:moss_block":50,"minecraft:oak_leaves":11},"minecraft:picked_up":{"minecraft:mud":32,"minecraft:oak_slab":105,"minecraft:stick":6,"minecraft:wooden_pickaxe":2,"minecraft:spruce_sapling":1,"minecraft:oak_log":56,"minecraft:dirt":132,"minecraft:stone_axe":2,"minecraft:wheat_seeds":1,"minecraft:smooth_stone":2,"minecraft:stone_pickaxe":2,"minecraft:oak_button":1,"minecraft:oak_sapling":1,"minecraft:moss_block":52,"minecraft:oak_planks":1,"minecraft:cobblestone":52,"minecraft:furnace":1}},"DataVersion":3953}