{"stats":{"minecraft:used":{"minecraft:moss_block":1,"minecraft:wooden_axe":59,"minecraft:chest":1,"minecraft:wooden_shovel":41,"minecraft:stone_axe":14,"minecraft:dirt":54,"minecraft:crafting_table":1,"minecraft:oak_slab":168,"minecraft:furnace":1,"minecraft:oak_sapling":5},"minecraft:dropped":{"minecraft:stick":4},"minecraft:broken":{"minecraft:wooden_axe":1},"minecraft:crafted":{"minecraft:oak_slab":138,"minecraft:oak_planks":116,"minecraft:wooden_shovel":1,"minecraft:cobblestone":6,"minecraft:crafting_table":1,"minecraft:oak_sapling":5,"minecraft:stick":12,"minecraft:wooden_pickaxe":1,"minecraft:stone_pickaxe":1,"minecraft:wooden_axe":1,"minecraft:chest":1,"minecraft:oak_button":1,"minecraft:wheat_seeds":1,"minecraft:stone_axe":1},"minecraft:custom":{"minecraft:time_since_rest":13512,"minecraft:interact_with_furnace":2,"minecraft:sprint_one_cm":10475,"minecraft:damage_taken":280,"minecraft:walk_one_cm":41162,"minecraft:drop":1,"minecraft:damage_dealt":60,"minecraft:interact_with_crafting_table":16,"minecraft:talked_to_villager":1,"minecraft:fly_one_cm":12639,"minecraft:open_chest":9,"minecraft:crouch_one_cm":31218,"minecraft:play_time":22666,"minecraft:deaths":1,"minecraft:sneak_time":7418,"minecraft:jump":67,"minecraft:time_since_death":13471,"minecraft:total_world_time":22666,"minecraft:fall_one_cm":1554},"minecraft:mined":{"minecraft:oak_slab":27,"minecraft:oak_sapling":1,"minecraft:mud":13,"minecraft:grass_block":64,"minecraft:oak_log":26,"minecraft:dirt":36,"minecraft:spruce_leaves":9,"minecraft:moss_block":17,"minecraft:oak_leaves":2},"minecraft:picked_up":{"minecraft:mud":14,"minecraft:oak_slab":30,"minecraft:stick":4,"minecraft:oak_log":30,"minecraft:dirt":102,"minecraft:oak_sapling":1,"minecraft:moss_block":23,"minecraft:furnace":1}},"DataVersion":3953}