{"stats":{"minecraft:used":{"minecraft:moss_block":12,"minecraft:stone_shovel":74,"minecraft:stone_pickaxe":176,"minecraft:chest":1,"minecraft:wooden_pickaxe":4,"minecraft:wooden_shovel":45,"minecraft:torch":2,"minecraft:dirt":54,"minecraft:oak_slab":306,"minecraft:crafting_table":1,"minecraft:wooden_axe":59,"minecraft:stone_axe":97,"minecraft:cobblestone":45,"minecraft:oak_sapling":5,"minecraft:furnace":2,"minecraft:oak_boat":2},"minecraft:dropped":{"minecraft:stone_axe":1,"minecraft:stick":4,"minecraft:wooden_pickaxe":1,"minecraft:stone_pickaxe":1},"minecraft:broken":{"minecraft:stone_pickaxe":1,"minecraft:wooden_axe":1},"minecraft:crafted":{"minecraft:smooth_stone":2,"minecraft:oak_slab":288,"minecraft:oak_planks":180,"minecraft:wooden_shovel":1,"minecraft:stone_shovel":1,"minecraft:iron_nugget":58,"minecraft:crafting_table":1,"minecraft:wooden_pickaxe":1,"minecraft:gravel":58,"minecraft:furnace":1,"minecraft:wheat_seeds":1,"minecraft:stone":2,"minecraft:stone_axe":1,"minecraft:air":0,"minecraft:cobblestone":22,"minecraft:charcoal":12,"minecraft:oak_sapling":5,"minecraft:stick":16,"minecraft:iron_ingot":6,"minecraft:stone_pickaxe":2,"minecraft:wooden_axe":1,"minecraft:chest":1,"minecraft:oak_button":1,"minecraft:torch":4},"minecraft:custom":{"minecraft:interact_with_furnace":21,"minecraft:traded_with_villager":2,"minecraft:interact_with_crafting_table":31,"minecraft:leave_game":3,"minecraft:time_since_death":45983,"minecraft:time_since_rest":46014,"minecraft:sprint_one_cm":44738,"minecraft:damage_taken":1965,"minecraft:walk_one_cm":92704,"minecraft:drop":4,"minecraft:damage_dealt":60,"minecraft:talked_to_villager":11,"minecraft:fly_one_cm":81418,"minecraft:open_chest":9,"minecraft:crouch_one_cm":56681,"minecraft:play_time":81012,"minecraft:deaths":2,"minecraft:sneak_time":13106,"minecraft:boat_one_cm":765,"minecraft:jump":343,"minecraft:total_world_time":81012,"minecraft:fall_one_cm":19961},"minecraft:mined":{"minecraft:oak_slab":43,"minecraft:oak_sapling":1,"minecraft:grass_block":138,"minecraft:cobblestone":12,"minecraft:spruce_leaves":35,"minecraft:moss_block":64,"minecraft:mud":43,"minecraft:iron_ore":3,"minecraft:coal_ore":3,"minecraft:oak_log":61,"minecraft:dirt":36,"minecraft:dripstone_block":2,"minecraft:stone":73,"minecraft:oak_leaves":23},"minecraft:picked_up":{"minecraft:mud":43,"minecraft:wooden_pickaxe":2,"minecraft:oak_log":71,"minecraft:dirt":174,"minecraft:wheat_seeds":1,"minecraft:smooth_stone":2,"minecraft:stone_pickaxe":2,"minecraft:oak_boat":2,"minecraft:moss_block":68,"minecraft:oak_planks":1,"minecraft:furnace":1,"minecraft:oak_slab":111,"minecraft:stick":6,"minecraft:raw_iron":5,"minecraft:dripstone_block":3,"minecraft:spruce_sapling":2,"minecraft:stone_axe":2,"minecraft:oak_button":1,"minecraft:oak_sapling":2,"minecraft:coal":5,"minecraft:cobblestone":82}},"DataVersion":3953}