{"stats":{"minecraft:used":{"minecraft:moss_block":1,"minecraft:wooden_axe":26,"minecraft:dirt":45,"minecraft:oak_slab":66,"minecraft:crafting_table":1,"minecraft:chest":1},"minecraft:crafted":{"minecraft:chest":1,"minecraft:oak_slab":60,"minecraft:oak_planks":52,"minecraft:crafting_table":1,"minecraft:stick":8,"minecraft:wooden_pickaxe":1,"minecraft:wooden_axe":1},"minecraft:custom":{"minecraft:open_chest":2,"minecraft:time_since_rest":1512,"minecraft:deaths":1,"minecraft:crouch_one_cm":19827,"minecraft:play_time":10666,"minecraft:damage_taken":280,"minecraft:walk_one_cm":13100,"minecraft:sneak_time":4750,"minecraft:jump":8,"minecraft:damage_dealt":60,"minecraft:time_since_death":1471,"minecraft:total_world_time":10666,"minecraft:interact_with_crafting_table":5,"minecraft:fall_one_cm":1345,"minecraft:fly_one_cm":396},"minecraft:mined":{"minecraft:oak_slab":5,"minecraft:grass_block":46,"minecraft:oak_log":11,"minecraft:dirt":32,"minecraft:moss_block":6},"minecraft:picked_up":{"minecraft:oak_slab":8,"minecraft:oak_log":13,"minecraft:moss_block":12,"minecraft:dirt":80}},"DataVersion":3953}