{"stats":{"minecraft:used":{"minecraft:oak_trapdoor":56,"minecraft:moss_block":12,"minecraft:stone_shovel":83,"minecraft:ladder":22,"minecraft:chest":27,"minecraft:iron_sword":103,"minecraft:wooden_shovel":45,"minecraft:stone_hoe":62,"minecraft:torch":35,"minecraft:dirt":142,"minecraft:jungle_planks":307,"minecraft:jungle_slab":16,"minecraft:jungle_trapdoor":20,"minecraft:granite":23,"minecraft:jungle_sapling":4,"minecraft:wooden_axe":59,"minecraft:iron_axe":492,"minecraft:furnace":2,"minecraft:oak_sapling":5,"minecraft:potato":76,"minecraft:wheat_seeds":16,"minecraft:water_bucket":47,"minecraft:diorite":21,"minecraft:stone_pickaxe":262,"minecraft:baked_potato":12,"minecraft:oak_planks":272,"minecraft:wooden_pickaxe":4,"minecraft:cobblestone_slab":214,"minecraft:jungle_boat":1,"minecraft:terracotta":2,"minecraft:oak_slab":695,"minecraft:crafting_table":2,"minecraft:blast_furnace":1,"minecraft:dripstone_block":34,"minecraft:oak_log":3,"minecraft:diamond_pickaxe":4,"minecraft:iron_pickaxe":753,"minecraft:spruce_sapling":5,"minecraft:stone_axe":131,"minecraft:jungle_sign":8,"minecraft:cobblestone":720,"minecraft:bucket":46,"minecraft:andesite":24,"minecraft:oak_boat":6,"minecraft:bone_meal":69},"minecraft:dropped":{"minecraft:iron_ingot":21,"minecraft:clay":1,"minecraft:moss_block":15,"minecraft:oak_slab":3,"minecraft:wheat_seeds":4,"minecraft:lapis_lazuli":8,"minecraft:oak_log":2,"minecraft:dripstone_block":1,"minecraft:poisonous_potato":2,"minecraft:iron_helmet":1,"minecraft:cobblestone":6,"minecraft:jungle_planks":1,"minecraft:granite":8,"minecraft:stick":4,"minecraft:dirt":6,"minecraft:jungle_slab":1,"minecraft:diorite":6,"minecraft:iron_leggings":1,"minecraft:jungle_sapling":1,"minecraft:jungle_sign":1,"minecraft:mud":1,"minecraft:redstone":5,"minecraft:stone_axe":1,"minecraft:cobbled_deepslate":4,"minecraft:raw_iron":1,"minecraft:tuff":8,"minecraft:stone_shovel":1,"minecraft:wheat":3,"minecraft:oak_planks":40,"minecraft:iron_boots":1,"minecraft:stone":2,"minecraft:trial_key":1,"minecraft:iron_chestplate":1,"minecraft:andesite":21,"minecraft:arrow":1,"minecraft:wooden_pickaxe":2,"minecraft:stone_pickaxe":1},"minecraft:broken":{"minecraft:stone_pickaxe":2,"minecraft:iron_axe":1,"minecraft:stone_axe":1,"minecraft:iron_pickaxe":3,"minecraft:wooden_axe":1},"minecraft:killed":{"minecraft:witch":2,"minecraft:spider":1,"minecraft:skeleton":75,"minecraft:creeper":56,"minecraft:zombie":83},"minecraft:killed_by":{"minecraft:zombie":1},"minecraft:custom":{"minecraft:mob_kills":218,"minecraft:inspect_hopper":1,"minecraft:interact_with_crafting_table":73,"minecraft:leave_game":7,"minecraft:time_since_death":2199,"minecraft:climb_one_cm":7067,"minecraft:sprint_one_cm":219218,"minecraft:walk_one_cm":487106,"minecraft:drop":52,"minecraft:talked_to_villager":23,"minecraft:play_time":248805,"minecraft:deaths":4,"minecraft:sneak_time":39416,"minecraft:walk_under_water_one_cm":51924,"minecraft:boat_one_cm":6557,"minecraft:jump":1376,"minecraft:interact_with_blast_furnace":20,"minecraft:walk_on_water_one_cm":37620,"minecraft:total_world_time":248805,"minecraft:interact_with_furnace":63,"minecraft:traded_with_villager":3,"minecraft:time_since_rest":2232,"minecraft:damage_taken":3118,"minecraft:damage_dealt":3893,"minecraft:swim_one_cm":36985,"minecraft:fly_one_cm":269805,"minecraft:open_chest":57,"minecraft:crouch_one_cm":190265,"minecraft:interact_with_smoker":13,"minecraft:fall_one_cm":36756},"minecraft:crafted":{"minecraft:smooth_stone":5,"minecraft:oak_planks":876,"minecraft:cobblestone_slab":234,"minecraft:stone_shovel":1,"minecraft:iron_nugget":58,"minecraft:furnace":2,"minecraft:blast_furnace":1,"minecraft:jungle_trapdoor":20,"minecraft:stone":6,"minecraft:bone_meal":69,"minecraft:oak_trapdoor":72,"minecraft:terracotta":2,"minecraft:iron_boots":2,"minecraft:iron_axe":4,"minecraft:ladder":81,"minecraft:oak_sapling":5,"minecraft:stone_pickaxe":2,"minecraft:chest":25,"minecraft:oak_button":1,"minecraft:water_bucket":2,"minecraft:stone_hoe":1,"minecraft:oak_slab":719,"minecraft:wooden_shovel":1,"minecraft:crafting_table":2,"minecraft:jungle_boat":1,"minecraft:iron_helmet":2,"minecraft:wooden_pickaxe":1,"minecraft:gravel":58,"minecraft:baked_potato":55,"minecraft:iron_sword":1,"minecraft:wheat_seeds":1,"minecraft:bucket":1,"minecraft:stone_axe":1,"minecraft:air":0,"minecraft:jungle_planks":444,"minecraft:oak_boat":1,"minecraft:iron_chestplate":2,"minecraft:diamond_pickaxe":1,"minecraft:cobblestone":52,"minecraft:charcoal":12,"minecraft:shield":1,"minecraft:stick":292,"minecraft:iron_ingot":49,"minecraft:iron_pickaxe":3,"minecraft:wooden_axe":1,"minecraft:iron_leggings":1,"minecraft:gold_ingot":32,"minecraft:torch":20,"minecraft:clay":5,"minecraft:jungle_sign":9,"minecraft:trial_key":1},"minecraft:mined":{"minecraft:oak_sapling":2,"minecraft:jungle_slab":1,"minecraft:ladder":2,"minecraft:granite":26,"minecraft:grass_block":232,"minecraft:jungle_planks":87,"minecraft:jungle_log":49,"minecraft:spruce_leaves":65,"minecraft:moss_block":102,"minecraft:redstone_ore":2,"minecraft:iron_ore":31,"minecraft:andesite":26,"minecraft:vine":4,"minecraft:potatoes":36,"minecraft:cobblestone_slab":16,"minecraft:stone":165,"minecraft:oak_slab":97,"minecraft:crafting_table":1,"minecraft:clay":13,"minecraft:torch":15,"minecraft:chest":2,"minecraft:copper_ore":4,"minecraft:cobblestone":351,"minecraft:lapis_ore":2,"minecraft:oak_planks":256,"minecraft:diorite":22,"minecraft:wall_torch":6,"minecraft:mud":78,"minecraft:wheat":6,"minecraft:oak_log":108,"minecraft:coal_ore":33,"minecraft:dripstone_block":34,"minecraft:dirt":60,"minecraft:terracotta":1,"minecraft:gold_ore":1,"minecraft:oak_leaves":47,"minecraft:jungle_wall_sign":8},"minecraft:picked_up":{"minecraft:mud":144,"minecraft:iron_chestplate":1,"minecraft:crafting_table":2,"minecraft:wheat":6,"minecraft:ladder":1,"minecraft:clay_ball":84,"minecraft:wooden_pickaxe":3,"minecraft:iron_axe":1,"minecraft:raw_copper":44,"minecraft:cobbled_deepslate":9,"minecraft:smooth_stone":4,"minecraft:trial_key":3,"minecraft:oak_boat":5,"minecraft:cobblestone_slab":19,"minecraft:jungle_sapling":6,"minecraft:iron_nugget":4,"minecraft:iron_pickaxe":1,"minecraft:chest":2,"minecraft:iron_boots":1,"minecraft:furnace":1,"minecraft:raw_iron":75,"minecraft:stick":150,"minecraft:stone":1,"minecraft:torch":38,"minecraft:diorite":39,"minecraft:carrot":2,"minecraft:redstone":52,"minecraft:arrow":5,"minecraft:rotten_flesh":10,"minecraft:stone_shovel":1,"minecraft:cobblestone":338,"minecraft:jungle_log":49,"minecraft:water_bucket":4,"minecraft:andesite":66,"minecraft:potato":129,"minecraft:tuff":8,"minecraft:oak_log":272,"minecraft:gunpowder":1,"minecraft:lapis_lazuli":78,"minecraft:dirt":423,"minecraft:bone":11,"minecraft:wheat_seeds":20,"minecraft:raw_gold":12,"minecraft:stone_pickaxe":2,"minecraft:iron_ingot":14,"minecraft:moss_block":184,"minecraft:iron_sword":1,"minecraft:oak_planks":152,"minecraft:stone_hoe":2,"minecraft:oak_slab":170,"minecraft:poisonous_potato":2,"minecraft:dripstone_block":62,"minecraft:jungle_planks":146,"minecraft:spruce_sapling":10,"minecraft:jungle_slab":1,"minecraft:clay":1,"minecraft:diamond":22,"minecraft:stone_axe":2,"minecraft:iron_helmet":1,"minecraft:granite":47,"minecraft:emerald":2,"minecraft:oak_button":1,"minecraft:baked_potato":45,"minecraft:oak_sapling":7,"minecraft:coal":48}},"DataVersion":3953}