{"stats":{"minecraft:used":{"minecraft:oak_trapdoor":56,"minecraft:moss_block":12,"minecraft:stone_shovel":83,"minecraft:ladder":22,"minecraft:chest":1,"minecraft:iron_sword":42,"minecraft:wooden_shovel":45,"minecraft:stone_hoe":62,"minecraft:torch":35,"minecraft:dirt":142,"minecraft:jungle_planks":307,"minecraft:jungle_slab":16,"minecraft:jungle_trapdoor":20,"minecraft:granite":23,"minecraft:wooden_axe":59,"minecraft:iron_axe":463,"minecraft:furnace":2,"minecraft:oak_sapling":5,"minecraft:potato":10,"minecraft:wheat_seeds":13,"minecraft:water_bucket":47,"minecraft:diorite":21,"minecraft:stone_pickaxe":262,"minecraft:baked_potato":7,"minecraft:oak_planks":272,"minecraft:wooden_pickaxe":4,"minecraft:cobblestone_slab":214,"minecraft:terracotta":2,"minecraft:oak_slab":651,"minecraft:crafting_table":2,"minecraft:blast_furnace":1,"minecraft:dripstone_block":34,"minecraft:oak_log":3,"minecraft:iron_pickaxe":458,"minecraft:spruce_sapling":5,"minecraft:stone_axe":131,"minecraft:jungle_sign":8,"minecraft:cobblestone":719,"minecraft:bucket":46,"minecraft:andesite":24,"minecraft:oak_boat":4},"minecraft:dropped":{"minecraft:iron_ingot":21,"minecraft:clay":1,"minecraft:moss_block":12,"minecraft:oak_slab":3,"minecraft:lapis_lazuli":8,"minecraft:oak_log":2,"minecraft:jungle_planks":1,"minecraft:granite":1,"minecraft:stick":4,"minecraft:jungle_slab":1,"minecraft:jungle_sapling":1,"minecraft:jungle_sign":1,"minecraft:stone_axe":1,"minecraft:tuff":8,"minecraft:oak_planks":40,"minecraft:stone":2,"minecraft:andesite":12,"minecraft:arrow":1,"minecraft:wooden_pickaxe":1,"minecraft:stone_pickaxe":1},"minecraft:broken":{"minecraft:stone_pickaxe":2,"minecraft:iron_axe":1,"minecraft:stone_axe":1,"minecraft:iron_pickaxe":1,"minecraft:wooden_axe":1},"minecraft:killed":{"minecraft:witch":1,"minecraft:skeleton":23,"minecraft:creeper":20,"minecraft:zombie":25},"minecraft:custom":{"minecraft:mob_kills":70,"minecraft:inspect_hopper":1,"minecraft:interact_with_crafting_table":65,"minecraft:leave_game":7,"minecraft:time_since_death":75632,"minecraft:climb_one_cm":7067,"minecraft:sprint_one_cm":173848,"minecraft:walk_one_cm":411075,"minecraft:drop":23,"minecraft:talked_to_villager":20,"minecraft:play_time":212805,"minecraft:deaths":3,"minecraft:sneak_time":36753,"minecraft:walk_under_water_one_cm":51924,"minecraft:boat_one_cm":6557,"minecraft:jump":1171,"minecraft:interact_with_blast_furnace":14,"minecraft:walk_on_water_one_cm":35457,"minecraft:total_world_time":212805,"minecraft:interact_with_furnace":62,"minecraft:traded_with_villager":2,"minecraft:time_since_rest":75667,"minecraft:damage_taken":2799,"minecraft:damage_dealt":1831,"minecraft:swim_one_cm":36985,"minecraft:fly_one_cm":215356,"minecraft:open_chest":27,"minecraft:crouch_one_cm":175351,"minecraft:interact_with_smoker":7,"minecraft:fall_one_cm":36547},"minecraft:crafted":{"minecraft:smooth_stone":5,"minecraft:oak_planks":876,"minecraft:cobblestone_slab":234,"minecraft:stone_shovel":1,"minecraft:iron_nugget":58,"minecraft:furnace":2,"minecraft:blast_furnace":1,"minecraft:jungle_trapdoor":20,"minecraft:stone":6,"minecraft:oak_trapdoor":72,"minecraft:terracotta":2,"minecraft:iron_axe":4,"minecraft:ladder":81,"minecraft:oak_sapling":5,"minecraft:stone_pickaxe":2,"minecraft:chest":1,"minecraft:oak_button":1,"minecraft:water_bucket":2,"minecraft:stone_hoe":1,"minecraft:oak_slab":695,"minecraft:wooden_shovel":1,"minecraft:crafting_table":2,"minecraft:wooden_pickaxe":1,"minecraft:gravel":58,"minecraft:baked_potato":7,"minecraft:iron_sword":1,"minecraft:wheat_seeds":1,"minecraft:bucket":1,"minecraft:stone_axe":1,"minecraft:air":0,"minecraft:jungle_planks":248,"minecraft:oak_boat":1,"minecraft:cobblestone":52,"minecraft:charcoal":12,"minecraft:stick":288,"minecraft:iron_ingot":49,"minecraft:iron_pickaxe":2,"minecraft:wooden_axe":1,"minecraft:torch":20,"minecraft:clay":5,"minecraft:jungle_sign":9},"minecraft:mined":{"minecraft:oak_sapling":2,"minecraft:jungle_slab":1,"minecraft:ladder":2,"minecraft:granite":26,"minecraft:grass_block":232,"minecraft:jungle_planks":87,"minecraft:jungle_log":49,"minecraft:spruce_leaves":65,"minecraft:moss_block":102,"minecraft:redstone_ore":2,"minecraft:iron_ore":31,"minecraft:andesite":26,"minecraft:vine":4,"minecraft:potatoes":4,"minecraft:cobblestone_slab":3,"minecraft:stone":165,"minecraft:oak_slab":74,"minecraft:crafting_table":1,"minecraft:clay":13,"minecraft:torch":15,"minecraft:copper_ore":4,"minecraft:cobblestone":66,"minecraft:lapis_ore":2,"minecraft:oak_planks":256,"minecraft:diorite":22,"minecraft:wall_torch":6,"minecraft:mud":78,"minecraft:wheat":3,"minecraft:oak_log":108,"minecraft:coal_ore":33,"minecraft:dripstone_block":34,"minecraft:dirt":60,"minecraft:terracotta":1,"minecraft:gold_ore":1,"minecraft:oak_leaves":47,"minecraft:jungle_wall_sign":8},"minecraft:picked_up":{"minecraft:mud":139,"minecraft:crafting_table":1,"minecraft:wheat":3,"minecraft:ladder":1,"minecraft:clay_ball":56,"minecraft:wooden_pickaxe":3,"minecraft:raw_copper":34,"minecraft:smooth_stone":4,"minecraft:oak_boat":3,"minecraft:cobblestone_slab":6,"minecraft:jungle_sapling":5,"minecraft:iron_nugget":4,"minecraft:iron_pickaxe":1,"minecraft:furnace":1,"minecraft:raw_iron":50,"minecraft:stick":148,"minecraft:stone":1,"minecraft:torch":26,"minecraft:diorite":21,"minecraft:redstone":19,"minecraft:arrow":3,"minecraft:rotten_flesh":2,"minecraft:stone_shovel":1,"minecraft:cobblestone":322,"minecraft:jungle_log":48,"minecraft:water_bucket":2,"minecraft:andesite":36,"minecraft:potato":15,"minecraft:tuff":8,"minecraft:oak_log":268,"minecraft:gunpowder":1,"minecraft:lapis_lazuli":46,"minecraft:dirt":410,"minecraft:wheat_seeds":13,"minecraft:raw_gold":3,"minecraft:stone_pickaxe":2,"minecraft:iron_ingot":11,"minecraft:moss_block":179,"minecraft:oak_planks":151,"minecraft:stone_hoe":1,"minecraft:oak_slab":150,"minecraft:dripstone_block":55,"minecraft:jungle_planks":146,"minecraft:spruce_sapling":10,"minecraft:jungle_slab":1,"minecraft:clay":1,"minecraft:stone_axe":2,"minecraft:granite":27,"minecraft:oak_button":1,"minecraft:oak_sapling":5,"minecraft:coal":35}},"DataVersion":3953}