{"stats":{"minecraft:used":{"minecraft:moss_block":12,"minecraft:wheat_seeds":4,"minecraft:diorite":21,"minecraft:water_bucket":24,"minecraft:stone_shovel":83,"minecraft:stone_pickaxe":262,"minecraft:oak_planks":265,"minecraft:baked_potato":1,"minecraft:ladder":22,"minecraft:chest":1,"minecraft:wooden_pickaxe":4,"minecraft:wooden_shovel":45,"minecraft:stone_hoe":9,"minecraft:torch":7,"minecraft:dirt":97,"minecraft:terracotta":2,"minecraft:oak_slab":327,"minecraft:crafting_table":2,"minecraft:jungle_planks":151,"minecraft:blast_furnace":1,"minecraft:dripstone_block":34,"minecraft:granite":23,"minecraft:wooden_axe":59,"minecraft:iron_axe":19,"minecraft:iron_pickaxe":408,"minecraft:jungle_sign":8,"minecraft:stone_axe":131,"minecraft:cobblestone":279,"minecraft:oak_sapling":5,"minecraft:furnace":2,"minecraft:andesite":24,"minecraft:bucket":22,"minecraft:oak_boat":2,"minecraft:potato":6},"minecraft:dropped":{"minecraft:iron_ingot":21,"minecraft:stone_axe":1,"minecraft:oak_slab":3,"minecraft:lapis_lazuli":8,"minecraft:stick":4,"minecraft:stone":2,"minecraft:wooden_pickaxe":1,"minecraft:stone_pickaxe":1},"minecraft:broken":{"minecraft:stone_pickaxe":2,"minecraft:stone_axe":1,"minecraft:iron_pickaxe":1,"minecraft:wooden_axe":1},"minecraft:crafted":{"minecraft:smooth_stone":5,"minecraft:oak_slab":288,"minecraft:oak_planks":568,"minecraft:wooden_shovel":1,"minecraft:stone_shovel":1,"minecraft:crafting_table":2,"minecraft:iron_nugget":58,"minecraft:gravel":58,"minecraft:wooden_pickaxe":1,"minecraft:baked_potato":1,"minecraft:furnace":2,"minecraft:blast_furnace":1,"minecraft:wheat_seeds":1,"minecraft:stone":6,"minecraft:bucket":1,"minecraft:stone_axe":1,"minecraft:jungle_planks":248,"minecraft:air":0,"minecraft:terracotta":2,"minecraft:charcoal":12,"minecraft:cobblestone":52,"minecraft:iron_axe":2,"minecraft:ladder":81,"minecraft:oak_sapling":5,"minecraft:stick":280,"minecraft:iron_ingot":49,"minecraft:iron_pickaxe":2,"minecraft:stone_pickaxe":2,"minecraft:wooden_axe":1,"minecraft:chest":1,"minecraft:oak_button":1,"minecraft:water_bucket":2,"minecraft:torch":4,"minecraft:stone_hoe":1,"minecraft:clay":5,"minecraft:jungle_sign":9},"minecraft:custom":{"minecraft:interact_with_furnace":57,"minecraft:mob_kills":1,"minecraft:traded_with_villager":2,"minecraft:interact_with_crafting_table":47,"minecraft:leave_game":4,"minecraft:time_since_death":15801,"minecraft:climb_one_cm":6609,"minecraft:time_since_rest":15836,"minecraft:damage_taken":2485,"minecraft:sprint_one_cm":102306,"minecraft:walk_one_cm":240276,"minecraft:drop":9,"minecraft:damage_dealt":150,"minecraft:swim_one_cm":3483,"minecraft:talked_to_villager":18,"minecraft:fly_one_cm":158601,"minecraft:open_chest":12,"minecraft:crouch_one_cm":92965,"minecraft:play_time":152974,"minecraft:deaths":3,"minecraft:sneak_time":21016,"minecraft:walk_under_water_one_cm":11816,"minecraft:boat_one_cm":765,"minecraft:jump":780,"minecraft:interact_with_blast_furnace":12,"minecraft:walk_on_water_one_cm":7738,"minecraft:total_world_time":152974,"minecraft:interact_with_smoker":2,"minecraft:fall_one_cm":31689},"minecraft:mined":{"minecraft:oak_slab":44,"minecraft:oak_sapling":2,"minecraft:clay":13,"minecraft:ladder":2,"minecraft:granite":26,"minecraft:grass_block":232,"minecraft:jungle_planks":6,"minecraft:oak_planks":5,"minecraft:copper_ore":4,"minecraft:cobblestone":19,"minecraft:spruce_leaves":65,"minecraft:lapis_ore":2,"minecraft:moss_block":102,"minecraft:diorite":22,"minecraft:wall_torch":2,"minecraft:redstone_ore":2,"minecraft:mud":78,"minecraft:iron_ore":31,"minecraft:andesite":26,"minecraft:oak_log":105,"minecraft:potatoes":2,"minecraft:coal_ore":33,"minecraft:dripstone_block":34,"minecraft:dirt":49,"minecraft:terracotta":1,"minecraft:stone":165,"minecraft:gold_ore":1,"minecraft:oak_leaves":47},"minecraft:picked_up":{"minecraft:mud":139,"minecraft:ladder":1,"minecraft:water_bucket":2,"minecraft:clay_ball":48,"minecraft:andesite":35,"minecraft:wooden_pickaxe":3,"minecraft:potato":8,"minecraft:tuff":8,"minecraft:oak_log":244,"minecraft:lapis_lazuli":28,"minecraft:dirt":405,"minecraft:raw_copper":32,"minecraft:wheat_seeds":4,"minecraft:smooth_stone":4,"minecraft:raw_gold":1,"minecraft:iron_ingot":11,"minecraft:stone_pickaxe":2,"minecraft:oak_boat":2,"minecraft:jungle_sapling":2,"minecraft:iron_nugget":4,"minecraft:iron_pickaxe":1,"minecraft:moss_block":176,"minecraft:stone_hoe":1,"minecraft:oak_planks":10,"minecraft:furnace":1,"minecraft:oak_slab":112,"minecraft:stick":148,"minecraft:raw_iron":48,"minecraft:stone":1,"minecraft:torch":4,"minecraft:dripstone_block":38,"minecraft:jungle_planks":90,"minecraft:spruce_sapling":10,"minecraft:diorite":21,"minecraft:redstone":10,"minecraft:stone_shovel":1,"minecraft:clay":1,"minecraft:stone_axe":2,"minecraft:granite":24,"minecraft:oak_button":1,"minecraft:oak_sapling":5,"minecraft:coal":34,"minecraft:cobblestone":264}},"DataVersion":3953}