{"stats":{"minecraft:used":{"minecraft:wheat_seeds":4,"minecraft:moss_block":12,"minecraft:water_bucket":6,"minecraft:stone_shovel":78,"minecraft:stone_pickaxe":262,"minecraft:chest":1,"minecraft:wooden_pickaxe":4,"minecraft:wooden_shovel":45,"minecraft:stone_hoe":8,"minecraft:torch":4,"minecraft:dirt":72,"minecraft:oak_slab":308,"minecraft:crafting_table":1,"minecraft:wooden_axe":59,"minecraft:iron_pickaxe":81,"minecraft:stone_axe":116,"minecraft:cobblestone":45,"minecraft:oak_sapling":5,"minecraft:furnace":2,"minecraft:bucket":5,"minecraft:oak_boat":2,"minecraft:potato":4},"minecraft:dropped":{"minecraft:iron_ingot":21,"minecraft:stone_axe":1,"minecraft:stick":4,"minecraft:wooden_pickaxe":1,"minecraft:stone_pickaxe":1},"minecraft:broken":{"minecraft:stone_pickaxe":2,"minecraft:wooden_axe":1},"minecraft:crafted":{"minecraft:smooth_stone":5,"minecraft:oak_slab":288,"minecraft:oak_planks":184,"minecraft:wooden_shovel":1,"minecraft:stone_shovel":1,"minecraft:iron_nugget":58,"minecraft:crafting_table":1,"minecraft:wooden_pickaxe":1,"minecraft:gravel":58,"minecraft:furnace":1,"minecraft:wheat_seeds":1,"minecraft:stone":5,"minecraft:bucket":1,"minecraft:stone_axe":1,"minecraft:air":0,"minecraft:terracotta":2,"minecraft:cobblestone":22,"minecraft:charcoal":12,"minecraft:oak_sapling":5,"minecraft:stick":20,"minecraft:iron_ingot":41,"minecraft:iron_pickaxe":1,"minecraft:stone_pickaxe":2,"minecraft:wooden_axe":1,"minecraft:chest":1,"minecraft:oak_button":1,"minecraft:water_bucket":2,"minecraft:torch":4,"minecraft:stone_hoe":1,"minecraft:clay":4},"minecraft:custom":{"minecraft:interact_with_furnace":42,"minecraft:traded_with_villager":2,"minecraft:interact_with_crafting_table":37,"minecraft:leave_game":3,"minecraft:time_since_death":57983,"minecraft:time_since_rest":58014,"minecraft:sprint_one_cm":49358,"minecraft:damage_taken":1965,"minecraft:walk_one_cm":128278,"minecraft:drop":5,"minecraft:damage_dealt":60,"minecraft:talked_to_villager":15,"minecraft:fly_one_cm":85098,"minecraft:open_chest":9,"minecraft:crouch_one_cm":59762,"minecraft:play_time":93012,"minecraft:deaths":2,"minecraft:sneak_time":13840,"minecraft:walk_under_water_one_cm":678,"minecraft:boat_one_cm":765,"minecraft:jump":369,"minecraft:walk_on_water_one_cm":136,"minecraft:total_world_time":93012,"minecraft:fall_one_cm":20437},"minecraft:mined":{"minecraft:oak_slab":44,"minecraft:oak_sapling":1,"minecraft:clay":5,"minecraft:granite":10,"minecraft:grass_block":172,"minecraft:cobblestone":12,"minecraft:spruce_leaves":42,"minecraft:moss_block":74,"minecraft:diorite":5,"minecraft:mud":57,"minecraft:iron_ore":13,"minecraft:andesite":10,"minecraft:coal_ore":14,"minecraft:oak_log":77,"minecraft:dirt":42,"minecraft:dripstone_block":15,"minecraft:stone":110,"minecraft:oak_leaves":31},"minecraft:picked_up":{"minecraft:mud":57,"minecraft:andesite":10,"minecraft:clay_ball":20,"minecraft:wooden_pickaxe":2,"minecraft:potato":6,"minecraft:oak_log":151,"minecraft:dirt":212,"minecraft:wheat_seeds":4,"minecraft:smooth_stone":2,"minecraft:stone_pickaxe":2,"minecraft:oak_boat":2,"minecraft:moss_block":78,"minecraft:oak_planks":1,"minecraft:furnace":1,"minecraft:oak_slab":112,"minecraft:stick":6,"minecraft:raw_iron":15,"minecraft:torch":2,"minecraft:dripstone_block":16,"minecraft:spruce_sapling":2,"minecraft:diorite":5,"minecraft:stone_axe":2,"minecraft:granite":10,"minecraft:oak_button":1,"minecraft:oak_sapling":2,"minecraft:coal":16,"minecraft:cobblestone":119}},"DataVersion":3953}