{"stats":{"minecraft:used":{"minecraft:moss_block":12,"minecraft:stone_shovel":83,"minecraft:ladder":22,"minecraft:chest":1,"minecraft:wooden_shovel":45,"minecraft:stone_hoe":9,"minecraft:torch":7,"minecraft:dirt":97,"minecraft:jungle_planks":169,"minecraft:granite":23,"minecraft:wooden_axe":59,"minecraft:iron_axe":263,"minecraft:furnace":2,"minecraft:oak_sapling":5,"minecraft:potato":7,"minecraft:wheat_seeds":4,"minecraft:water_bucket":27,"minecraft:diorite":21,"minecraft:stone_pickaxe":262,"minecraft:baked_potato":1,"minecraft:oak_planks":265,"minecraft:wooden_pickaxe":4,"minecraft:terracotta":2,"minecraft:oak_slab":327,"minecraft:crafting_table":2,"minecraft:blast_furnace":1,"minecraft:dripstone_block":34,"minecraft:iron_pickaxe":435,"minecraft:stone_axe":131,"minecraft:jungle_sign":8,"minecraft:cobblestone":279,"minecraft:bucket":26,"minecraft:andesite":24,"minecraft:oak_boat":2},"minecraft:dropped":{"minecraft:iron_ingot":21,"minecraft:clay":1,"minecraft:moss_block":9,"minecraft:oak_slab":3,"minecraft:lapis_lazuli":8,"minecraft:granite":1,"minecraft:stick":4,"minecraft:jungle_sapling":1,"minecraft:jungle_sign":1,"minecraft:stone_axe":1,"minecraft:stone":2,"minecraft:arrow":1,"minecraft:wooden_pickaxe":1,"minecraft:stone_pickaxe":1},"minecraft:broken":{"minecraft:stone_pickaxe":2,"minecraft:iron_axe":1,"minecraft:stone_axe":1,"minecraft:iron_pickaxe":1,"minecraft:wooden_axe":1},"minecraft:killed":{"minecraft:skeleton":1,"minecraft:creeper":1,"minecraft:zombie":1},"minecraft:custom":{"minecraft:mob_kills":4,"minecraft:inspect_hopper":1,"minecraft:interact_with_crafting_table":47,"minecraft:leave_game":6,"minecraft:time_since_death":27671,"minecraft:climb_one_cm":6609,"minecraft:sprint_one_cm":108587,"minecraft:walk_one_cm":269702,"minecraft:drop":15,"minecraft:talked_to_villager":18,"minecraft:play_time":164844,"minecraft:deaths":3,"minecraft:sneak_time":26543,"minecraft:walk_under_water_one_cm":19889,"minecraft:boat_one_cm":765,"minecraft:jump":842,"minecraft:interact_with_blast_furnace":13,"minecraft:walk_on_water_one_cm":20547,"minecraft:total_world_time":164844,"minecraft:interact_with_furnace":59,"minecraft:traded_with_villager":2,"minecraft:time_since_rest":27706,"minecraft:damage_taken":2639,"minecraft:damage_dealt":501,"minecraft:swim_one_cm":3483,"minecraft:fly_one_cm":165609,"minecraft:open_chest":13,"minecraft:crouch_one_cm":122497,"minecraft:interact_with_smoker":3,"minecraft:fall_one_cm":33001},"minecraft:crafted":{"minecraft:smooth_stone":5,"minecraft:oak_planks":568,"minecraft:stone_shovel":1,"minecraft:iron_nugget":58,"minecraft:furnace":2,"minecraft:blast_furnace":1,"minecraft:stone":6,"minecraft:terracotta":2,"minecraft:iron_axe":2,"minecraft:ladder":81,"minecraft:oak_sapling":5,"minecraft:stone_pickaxe":2,"minecraft:chest":1,"minecraft:oak_button":1,"minecraft:water_bucket":2,"minecraft:stone_hoe":1,"minecraft:oak_slab":288,"minecraft:wooden_shovel":1,"minecraft:crafting_table":2,"minecraft:wooden_pickaxe":1,"minecraft:gravel":58,"minecraft:baked_potato":1,"minecraft:wheat_seeds":1,"minecraft:bucket":1,"minecraft:stone_axe":1,"minecraft:air":0,"minecraft:jungle_planks":248,"minecraft:cobblestone":52,"minecraft:charcoal":12,"minecraft:stick":280,"minecraft:iron_ingot":49,"minecraft:iron_pickaxe":2,"minecraft:wooden_axe":1,"minecraft:torch":20,"minecraft:clay":5,"minecraft:jungle_sign":9},"minecraft:mined":{"minecraft:oak_sapling":2,"minecraft:ladder":2,"minecraft:granite":26,"minecraft:grass_block":232,"minecraft:jungle_planks":70,"minecraft:spruce_leaves":65,"minecraft:moss_block":102,"minecraft:redstone_ore":2,"minecraft:iron_ore":31,"minecraft:andesite":26,"minecraft:potatoes":3,"minecraft:stone":165,"minecraft:oak_slab":44,"minecraft:clay":13,"minecraft:copper_ore":4,"minecraft:cobblestone":46,"minecraft:lapis_ore":2,"minecraft:oak_planks":181,"minecraft:diorite":22,"minecraft:wall_torch":2,"minecraft:mud":78,"minecraft:oak_log":105,"minecraft:coal_ore":33,"minecraft:dripstone_block":34,"minecraft:dirt":49,"minecraft:terracotta":1,"minecraft:gold_ore":1,"minecraft:oak_leaves":47},"minecraft:picked_up":{"minecraft:mud":139,"minecraft:ladder":1,"minecraft:clay_ball":48,"minecraft:wooden_pickaxe":3,"minecraft:raw_copper":32,"minecraft:smooth_stone":4,"minecraft:oak_boat":2,"minecraft:jungle_sapling":2,"minecraft:iron_nugget":4,"minecraft:iron_pickaxe":1,"minecraft:furnace":1,"minecraft:raw_iron":48,"minecraft:stick":148,"minecraft:stone":1,"minecraft:torch":4,"minecraft:diorite":21,"minecraft:redstone":10,"minecraft:arrow":1,"minecraft:rotten_flesh":2,"minecraft:stone_shovel":1,"minecraft:cobblestone":267,"minecraft:water_bucket":2,"minecraft:andesite":35,"minecraft:potato":10,"minecraft:tuff":8,"minecraft:oak_log":244,"minecraft:gunpowder":1,"minecraft:lapis_lazuli":28,"minecraft:dirt":405,"minecraft:wheat_seeds":4,"minecraft:raw_gold":1,"minecraft:stone_pickaxe":2,"minecraft:iron_ingot":11,"minecraft:moss_block":176,"minecraft:oak_planks":87,"minecraft:stone_hoe":1,"minecraft:oak_slab":112,"minecraft:dripstone_block":38,"minecraft:jungle_planks":139,"minecraft:spruce_sapling":10,"minecraft:clay":1,"minecraft:stone_axe":2,"minecraft:granite":24,"minecraft:oak_button":1,"minecraft:oak_sapling":5,"minecraft:coal":34}},"DataVersion":3953}