{"stats":{"minecraft:used":{"minecraft:oak_trapdoor":56,"minecraft:moss_block":12,"minecraft:stone_shovel":83,"minecraft:ladder":22,"minecraft:chest":27,"minecraft:iron_sword":125,"minecraft:wooden_shovel":45,"minecraft:stone_hoe":62,"minecraft:trial_key":2,"minecraft:torch":35,"minecraft:dirt":142,"minecraft:jungle_planks":307,"minecraft:carrot":1,"minecraft:jungle_slab":16,"minecraft:jungle_trapdoor":20,"minecraft:granite":23,"minecraft:wooden_axe":59,"minecraft:jungle_sapling":4,"minecraft:iron_axe":506,"minecraft:bow":12,"minecraft:oak_sapling":5,"minecraft:furnace":3,"minecraft:potato":76,"minecraft:wheat_seeds":16,"minecraft:water_bucket":47,"minecraft:diorite":21,"minecraft:stone_pickaxe":262,"minecraft:baked_potato":16,"minecraft:oak_planks":272,"minecraft:wooden_pickaxe":4,"minecraft:cobblestone_slab":214,"minecraft:stonecutter":1,"minecraft:jungle_boat":1,"minecraft:terracotta":2,"minecraft:oak_slab":717,"minecraft:crafting_table":4,"minecraft:blast_furnace":1,"minecraft:dripstone_block":34,"minecraft:oak_log":3,"minecraft:diamond_pickaxe":514,"minecraft:iron_pickaxe":753,"minecraft:wind_charge":1,"minecraft:spruce_sapling":5,"minecraft:stone_axe":131,"minecraft:jungle_sign":8,"minecraft:cobblestone":720,"minecraft:andesite":24,"minecraft:bucket":46,"minecraft:oak_boat":6,"minecraft:bone_meal":69},"minecraft:dropped":{"minecraft:iron_ingot":21,"minecraft:clay":1,"minecraft:oak_slab":4,"minecraft:moss_block":15,"minecraft:wheat_seeds":4,"minecraft:lapis_lazuli":8,"minecraft:oak_log":2,"minecraft:dripstone_block":4,"minecraft:poisonous_potato":2,"minecraft:iron_helmet":1,"minecraft:cobblestone":8,"minecraft:granite":8,"minecraft:jungle_planks":1,"minecraft:stick":4,"minecraft:jungle_slab":1,"minecraft:dirt":6,"minecraft:diorite":6,"minecraft:iron_leggings":1,"minecraft:jungle_sapling":1,"minecraft:jungle_sign":1,"minecraft:mud":1,"minecraft:redstone":5,"minecraft:stone_axe":1,"minecraft:cobbled_deepslate":4,"minecraft:tuff":8,"minecraft:wheat":3,"minecraft:stone_shovel":1,"minecraft:raw_iron":1,"minecraft:rotten_flesh":4,"minecraft:oak_planks":40,"minecraft:iron_boots":1,"minecraft:cobblestone_slab":1,"minecraft:stone":2,"minecraft:trial_key":2,"minecraft:iron_chestplate":1,"minecraft:andesite":28,"minecraft:ladder":20,"minecraft:arrow":1,"minecraft:wooden_pickaxe":2,"minecraft:stone_pickaxe":1},"minecraft:broken":{"minecraft:stone_pickaxe":2,"minecraft:iron_axe":2,"minecraft:stone_axe":1,"minecraft:iron_pickaxe":3,"minecraft:wooden_axe":1},"minecraft:killed":{"minecraft:witch":2,"minecraft:spider":1,"minecraft:skeleton":101,"minecraft:creeper":94,"minecraft:zombie":118},"minecraft:killed_by":{"minecraft:skeleton":1,"minecraft:zombie":1},"minecraft:custom":{"minecraft:mob_kills":317,"minecraft:inspect_hopper":1,"minecraft:interact_with_crafting_table":77,"minecraft:leave_game":8,"minecraft:time_since_death":26780,"minecraft:climb_one_cm":12709,"minecraft:sprint_one_cm":250489,"minecraft:walk_one_cm":511187,"minecraft:drop":60,"minecraft:talked_to_villager":27,"minecraft:play_time":284593,"minecraft:sneak_time":40896,"minecraft:deaths":5,"minecraft:walk_under_water_one_cm":52330,"minecraft:boat_one_cm":6557,"minecraft:jump":1585,"minecraft:interact_with_blast_furnace":23,"minecraft:walk_on_water_one_cm":40230,"minecraft:total_world_time":284593,"minecraft:interact_with_furnace":64,"minecraft:traded_with_villager":5,"minecraft:time_since_rest":26978,"minecraft:damage_taken":3527,"minecraft:damage_dealt":4228,"minecraft:player_kills":1,"minecraft:swim_one_cm":40450,"minecraft:fly_one_cm":340557,"minecraft:open_chest":71,"minecraft:crouch_one_cm":196182,"minecraft:interact_with_smoker":15,"minecraft:fall_one_cm":41712},"minecraft:crafted":{"minecraft:smooth_stone":5,"minecraft:oak_planks":876,"minecraft:cobblestone_slab":234,"minecraft:stone_shovel":1,"minecraft:iron_nugget":58,"minecraft:furnace":2,"minecraft:blast_furnace":1,"minecraft:jungle_trapdoor":20,"minecraft:stone":6,"minecraft:bone_meal":69,"minecraft:oak_trapdoor":72,"minecraft:terracotta":2,"minecraft:iron_boots":2,"minecraft:iron_axe":4,"minecraft:ladder":81,"minecraft:oak_sapling":5,"minecraft:stone_pickaxe":2,"minecraft:chest":25,"minecraft:oak_button":1,"minecraft:water_bucket":2,"minecraft:stone_hoe":1,"minecraft:oak_slab":719,"minecraft:wooden_shovel":1,"minecraft:crafting_table":2,"minecraft:iron_helmet":2,"minecraft:jungle_boat":1,"minecraft:gravel":58,"minecraft:wooden_pickaxe":1,"minecraft:baked_potato":55,"minecraft:iron_sword":1,"minecraft:wheat_seeds":1,"minecraft:sheep_spawn_egg":2,"minecraft:bucket":1,"minecraft:stone_axe":1,"minecraft:air":0,"minecraft:jungle_planks":444,"minecraft:oak_boat":1,"minecraft:iron_chestplate":2,"minecraft:charcoal":12,"minecraft:cobblestone":52,"minecraft:diamond_pickaxe":2,"minecraft:shield":1,"minecraft:stick":296,"minecraft:iron_ingot":81,"minecraft:iron_pickaxe":3,"minecraft:wooden_axe":1,"minecraft:gold_ingot":33,"minecraft:iron_leggings":2,"minecraft:torch":20,"minecraft:clay":5,"minecraft:jungle_sign":9,"minecraft:trial_key":1},"minecraft:mined":{"minecraft:oak_sapling":2,"minecraft:jungle_slab":1,"minecraft:ladder":22,"minecraft:granite":26,"minecraft:grass_block":233,"minecraft:jungle_planks":87,"minecraft:jungle_log":49,"minecraft:spruce_leaves":65,"minecraft:moss_block":103,"minecraft:redstone_ore":2,"minecraft:iron_ore":31,"minecraft:andesite":26,"minecraft:potatoes":36,"minecraft:cobblestone_slab":16,"minecraft:vine":4,"minecraft:stone":165,"minecraft:deepslate_redstone_ore":1,"minecraft:oak_slab":98,"minecraft:clay":13,"minecraft:crafting_table":1,"minecraft:torch":15,"minecraft:chest":2,"minecraft:copper_ore":4,"minecraft:cobblestone":855,"minecraft:lapis_ore":2,"minecraft:oak_planks":256,"minecraft:diorite":23,"minecraft:wall_torch":6,"minecraft:mud":78,"minecraft:wheat":6,"minecraft:oak_log":109,"minecraft:coal_ore":33,"minecraft:dripstone_block":34,"minecraft:dirt":60,"minecraft:terracotta":1,"minecraft:gold_ore":1,"minecraft:deepslate_emerald_ore":1,"minecraft:oak_leaves":47,"minecraft:jungle_wall_sign":8},"minecraft:picked_up":{"minecraft:mud":144,"minecraft:iron_chestplate":2,"minecraft:crafting_table":3,"minecraft:wheat":6,"minecraft:ominous_bottle":1,"minecraft:ladder":21,"minecraft:clay_ball":88,"minecraft:wooden_pickaxe":3,"minecraft:shield":1,"minecraft:wind_charge":1,"minecraft:string":4,"minecraft:raw_copper":48,"minecraft:iron_axe":1,"minecraft:smooth_stone":4,"minecraft:cobbled_deepslate":11,"minecraft:trial_key":3,"minecraft:oak_boat":5,"minecraft:cobblestone_slab":21,"minecraft:jungle_sapling":6,"minecraft:iron_nugget":4,"minecraft:iron_pickaxe":1,"minecraft:chest":2,"minecraft:iron_boots":1,"minecraft:furnace":2,"minecraft:stick":150,"minecraft:raw_iron":75,"minecraft:stone":1,"minecraft:torch":38,"minecraft:diorite":43,"minecraft:carrot":2,"minecraft:redstone":61,"minecraft:arrow":32,"minecraft:stone_shovel":1,"minecraft:rotten_flesh":10,"minecraft:cobblestone":343,"minecraft:water_bucket":5,"minecraft:andesite":73,"minecraft:jungle_log":49,"minecraft:potato":129,"minecraft:tuff":8,"minecraft:oak_log":272,"minecraft:gunpowder":2,"minecraft:lapis_lazuli":78,"minecraft:dirt":424,"minecraft:bone":17,"minecraft:bow":1,"minecraft:stonecutter":1,"minecraft:wheat_seeds":20,"minecraft:raw_gold":19,"minecraft:iron_ingot":14,"minecraft:stone_pickaxe":2,"minecraft:moss_block":185,"minecraft:stone_hoe":2,"minecraft:iron_sword":2,"minecraft:oak_planks":152,"minecraft:oak_slab":176,"minecraft:poisonous_potato":2,"minecraft:dripstone_block":62,"minecraft:jungle_planks":149,"minecraft:spruce_sapling":10,"minecraft:jungle_slab":1,"minecraft:clay":1,"minecraft:diamond":26,"minecraft:stone_axe":2,"minecraft:iron_helmet":1,"minecraft:granite":47,"minecraft:emerald":34,"minecraft:oak_button":1,"minecraft:baked_potato":89,"minecraft:oak_sapling":8,"minecraft:coal":49}},"DataVersion":3953}