{
  "livingthings:recipes/bone_meal": {
    "criteria": {
      "has_tooth": "2024-10-13 02:46:12 +0000"
    },
    "done": true
  },
  "simplyswords:grant_book_on_first_join": {
    "criteria": {
      "tick": "2024-10-13 02:46:12 +0000"
    },
    "done": true
  },
  "livingthings:recipes/cooked_elephant_from_campfire_cooking": {
    "criteria": {
      "has_elephant": "2024-10-13 02:46:12 +0000",
      "has_cooked_elephant": "2024-10-13 02:46:12 +0000"
    },
    "done": true
  },
  "toms_storage:unlock_netherite": {
    "criteria": {
      "inv_changed-netherite": "2024-10-13 02:46:12 +0000"
    },
    "done": true
  },
  "toms_storage:unlock_chest": {
    "criteria": {
      "inv_changed-chest": "2024-10-13 02:46:12 +0000"
    },
    "done": true
  },
  "livingthings:recipes/cooked_giraffe": {
    "criteria": {
      "has_giraffe": "2024-10-13 02:46:13 +0000",
      "has_cooked_giraffe": "2024-10-13 02:46:12 +0000"
    },
    "done": true
  },
  "livingthings:recipes/cooked_ostrich_from_smoking": {
    "criteria": {
      "has_ostrich": "2024-10-13 02:46:12 +0000",
      "has_cooked_ostrich": "2024-10-13 02:46:13 +0000"
    },
    "done": true
  },
  "frostiful:recipes/combat/armor/armored_ice_skates": {
    "criteria": {
      "has_fur_boots": "2024-10-13 02:46:12 +0000"
    },
    "done": true
  },
  "livingthings:recipes/cooked_ostrich_from_campfire_cooking": {
    "criteria": {
      "has_ostrich": "2024-10-13 02:46:12 +0000",
      "has_cooked_ostrich": "2024-10-13 02:46:12 +0000"
    },
    "done": true
  },
  "livingthings:recipes/lexicon": {
    "criteria": {
      "has_book": "2024-10-13 02:46:12 +0000"
    },
    "done": true
  },
  "livingthings:recipes/cooked_elephant": {
    "criteria": {
      "has_elephant": "2024-10-13 02:46:12 +0000",
      "has_cooked_elephant": "2024-10-13 02:46:12 +0000"
    },
    "done": true
  },
  "meadow:main/root": {
    "criteria": {
      "seeds": "2024-10-13 02:46:12 +0000"
    },
    "done": true
  },
  "livingthings:recipes/cooked_ostrich": {
    "criteria": {
      "has_ostrich": "2024-10-13 02:46:12 +0000",
      "has_cooked_ostrich": "2024-10-13 02:46:13 +0000"
    },
    "done": true
  },
  "frostiful:recipes/combat/armor/fur_padded_chainmail_leggings": {
    "criteria": {
      "has_fur_armor": "2024-10-13 02:46:12 +0000"
    },
    "done": true
  },
  "vinery:main/root": {
    "criteria": {
      "seeds": "2024-10-13 02:46:12 +0000"
    },
    "done": true
  },
  "livingthings:recipes/cooked_elephant_from_smoking": {
    "criteria": {
      "has_elephant": "2024-10-13 02:46:12 +0000",
      "has_cooked_elephant": "2024-10-13 02:46:12 +0000"
    },
    "done": true
  },
  "livingthings:recipes/cooked_lion_from_smoking": {
    "criteria": {
      "has_lion": "2024-10-13 02:46:13 +0000",
      "has_cooked_lion": "2024-10-13 02:46:12 +0000"
    },
    "done": true
  },
  "frostiful:recipes/combat/armor/ice_skates": {
    "criteria": {
      "has_fur_boots": "2024-10-13 02:46:12 +0000"
    },
    "done": true
  },
  "guardiansgalore:guardian_block_granite": {
    "criteria": {
      "has_stone": "2024-10-13 02:46:12 +0000"
    },
    "done": true
  },
  "guardiansgalore:guardian_bowls": {
    "criteria": {
      "has_bowl": "2024-10-13 02:46:12 +0000"
    },
    "done": true
  },
  "toms_storage:unlock_dia_pearl": {
    "criteria": {
      "inv_changed-ender_pearl": "2024-10-13 02:46:12 +0000",
      "inv_changed-diamond": "2024-10-13 02:46:13 +0000"
    },
    "done": true
  },
  "guardiansgalore:guardian_block": {
    "criteria": {
      "has_stone": "2024-10-13 02:46:12 +0000"
    },
    "done": true
  },
  "toms_storage:unlock_glowstone": {
    "criteria": {
      "inv_changed-glowstone": "2024-10-13 02:46:12 +0000"
    },
    "done": true
  },
  "livingthings:recipes/cooked_giraffe_from_smoking": {
    "criteria": {
      "has_giraffe": "2024-10-13 02:46:12 +0000",
      "has_cooked_giraffe": "2024-10-13 02:46:12 +0000"
    },
    "done": true
  },
  "archon:root": {
    "criteria": {
      "tick": "2024-10-13 02:46:12 +0000"
    },
    "done": true
  },
  "livingthings:recipes/cooked_lion_from_campfire_cooking": {
    "criteria": {
      "has_lion": "2024-10-13 02:46:12 +0000",
      "has_cooked_lion": "2024-10-13 02:46:13 +0000"
    },
    "done": true
  },
  "livingthings:recipes/cooked_crab_from_campfire_cooking": {
    "criteria": {
      "has_crab": "2024-10-13 02:46:12 +0000",
      "has_cooked_crab": "2024-10-13 02:46:12 +0000"
    },
    "done": true
  },
  "bakery:main/root": {
    "criteria": {
      "seeds": "2024-10-13 02:46:12 +0000"
    },
    "done": true
  },
  "livingthings:recipes/cooked_crab_from_smoking": {
    "criteria": {
      "has_crab": "2024-10-13 02:46:13 +0000",
      "has_cooked_crab": "2024-10-13 02:46:12 +0000"
    },
    "done": true
  },
  "livingthings:recipes/cooked_crab": {
    "criteria": {
      "has_crab": "2024-10-13 02:46:12 +0000",
      "has_cooked_crab": "2024-10-13 02:46:13 +0000"
    },
    "done": true
  },
  "guardiansgalore:guardian_block_diorite": {
    "criteria": {
      "has_stone": "2024-10-13 02:46:12 +0000"
    },
    "done": true
  },
  "livingthings:recipes/arrow": {
    "criteria": {
      "has_feather": "2024-10-13 02:46:13 +0000",
      "has_tooth": "2024-10-13 02:46:12 +0000"
    },
    "done": true
  },
  "frostiful:recipes/combat/armor/fur_padded_chainmail_chestplate": {
    "criteria": {
      "has_fur_armor": "2024-10-13 02:46:12 +0000"
    },
    "done": true
  },
  "frostiful:recipes/combat/armor/fur_padded_chainmail_boots": {
    "criteria": {
      "has_fur_armor": "2024-10-13 02:46:12 +0000"
    },
    "done": true
  },
  "besmirchment:demonic_deed": {
    "criteria": {
      "has_item": "2024-10-13 02:46:12 +0000"
    },
    "done": true
  },
  "spellbladenext:spellblades/root": {
    "criteria": {
      "always": "2024-10-13 02:46:13 +0000"
    },
    "done": true
  },
  "guardiansgalore:blaze_bell": {
    "criteria": {
      "has_gold_ingot": "2024-10-13 02:46:13 +0000"
    },
    "done": true
  },
  "minecraft:recipes/decorations/crafting_table": {
    "criteria": {
      "unlock_right_away": "2024-10-13 02:46:13 +0000"
    },
    "done": true
  },
  "betterdungeons:root": {
    "criteria": {
      "always": "2024-10-13 02:46:13 +0000"
    },
    "done": true
  },
  "frostiful:recipes/misc/snowflake_banner_pattern": {
    "criteria": {
      "has_packed_snowball": "2024-10-13 02:46:13 +0000"
    },
    "done": true
  },
  "minecraft:clutter/root": {
    "criteria": {
      "requirement": "2024-10-13 02:46:13 +0000"
    },
    "done": true
  },
  "rpg_classes:root": {
    "criteria": {
      "always": "2024-10-13 02:46:13 +0000"
    },
    "done": true
  },
  "mythicmobs:mythicmobs": {
    "criteria": {
      "tick": "2024-10-13 02:46:13 +0000"
    },
    "done": true
  },
  "betterdeserttemples:root": {
    "criteria": {
      "always": "2024-10-13 02:46:13 +0000"
    },
    "done": true
  },
  "soaringstructures2:soaringstart": {
    "criteria": {
      "adv_test": "2024-10-13 02:46:13 +0000"
    },
    "done": true
  },
  "totw_reworked:root": {
    "criteria": {
      "sample_trigger": "2024-10-13 02:46:13 +0000"
    },
    "done": true
  },
  "livingthings:recipes/cooked_giraffe_from_campfire_cooking": {
    "criteria": {
      "has_giraffe": "2024-10-13 02:46:13 +0000",
      "has_cooked_giraffe": "2024-10-13 02:46:13 +0000"
    },
    "done": true
  },
  "artifality:root": {
    "criteria": {
      "start": "2024-10-13 02:46:13 +0000"
    },
    "done": true
  },
  "repurposed_structures:root": {
    "criteria": {
      "always": "2024-10-13 02:46:13 +0000"
    },
    "done": true
  },
  "livingthings:recipes/cooked_lion": {
    "criteria": {
      "has_lion": "2024-10-13 02:46:13 +0000",
      "has_cooked_lion": "2024-10-13 02:46:13 +0000"
    },
    "done": true
  },
  "more_rpg_content:root": {
    "criteria": {
      "always": "2024-10-13 02:46:13 +0000"
    },
    "done": true
  },
  "guardiansgalore:guardian_block_sandstone": {
    "criteria": {
      "has_stone": "2024-10-13 02:46:13 +0000"
    },
    "done": true
  },
  "frostiful:recipes/combat/armor/fur_padded_chainmail_helmet": {
    "criteria": {
      "has_fur_armor": "2024-10-13 02:46:13 +0000"
    },
    "done": true
  },
  "lootr:root": {
    "criteria": {
      "always_true": "2024-10-13 02:46:13 +0000"
    },
    "done": true
  },
  "farmersdelight:main/root": {
    "criteria": {
      "seeds": "2024-10-13 02:46:13 +0000"
    },
    "done": true
  },
  "betternether:root": {
    "criteria": {
      "welcome": "2024-10-13 02:46:14 +0000"
    },
    "done": true
  },
  "betterend:root": {
    "criteria": {
      "welcome": "2024-10-13 02:46:14 +0000"
    },
    "done": true
  },
  "regions_unexplored:parent": {
    "criteria": {
      "load_in_world": "2024-10-13 02:46:14 +0000"
    },
    "done": true
  },
  "mcdw:recipes/double_axes/double_axe_cursed": {
    "criteria": {
      "has_rotten_flesh": "2024-10-13 02:48:58 +0000"
    },
    "done": true
  },
  "mcda:recipes/crafting_items/glut_charm": {
    "criteria": {
      "has_rotten_flesh": "2024-10-13 02:48:58 +0000"
    },
    "done": true
  },
  "farmersdelight:recipes/farmersdelight/cooking/dog_food": {
    "criteria": {
      "has_any_ingredient": "2024-10-13 02:48:58 +0000"
    },
    "done": true
  },
  "farmersdelight:recipes/farmersdelight/organic_compost_from_rotten_flesh": {
    "criteria": {
      "has_rotten_flesh": "2024-10-13 02:48:58 +0000"
    },
    "done": true
  },
  "DataVersion": 3465
}