{
  "livingthings:recipes/bone_meal": {
    "criteria": {
      "has_tooth": "2024-10-13 02:46:12 +0000"
    },
    "done": true
  },
  "simplyswords:grant_book_on_first_join": {
    "criteria": {
      "tick": "2024-10-13 02:46:12 +0000"
    },
    "done": true
  },
  "livingthings:recipes/cooked_elephant_from_campfire_cooking": {
    "criteria": {
      "has_elephant": "2024-10-13 02:46:12 +0000",
      "has_cooked_elephant": "2024-10-13 02:46:12 +0000"
    },
    "done": true
  },
  "toms_storage:unlock_netherite": {
    "criteria": {
      "inv_changed-netherite": "2024-10-13 02:46:12 +0000"
    },
    "done": true
  },
  "toms_storage:unlock_chest": {
    "criteria": {
      "inv_changed-chest": "2024-10-13 02:46:12 +0000"
    },
    "done": true
  },
  "livingthings:recipes/cooked_giraffe": {
    "criteria": {
      "has_giraffe": "2024-10-13 02:46:13 +0000",
      "has_cooked_giraffe": "2024-10-13 02:46:12 +0000"
    },
    "done": true
  },
  "livingthings:recipes/cooked_ostrich_from_smoking": {
    "criteria": {
      "has_ostrich": "2024-10-13 02:46:12 +0000",
      "has_cooked_ostrich": "2024-10-13 02:46:13 +0000"
    },
    "done": true
  },
  "frostiful:recipes/combat/armor/armored_ice_skates": {
    "criteria": {
      "has_fur_boots": "2024-10-13 02:46:12 +0000"
    },
    "done": true
  },
  "livingthings:recipes/cooked_ostrich_from_campfire_cooking": {
    "criteria": {
      "has_ostrich": "2024-10-13 02:46:12 +0000",
      "has_cooked_ostrich": "2024-10-13 02:46:12 +0000"
    },
    "done": true
  },
  "livingthings:recipes/lexicon": {
    "criteria": {
      "has_book": "2024-10-13 02:46:12 +0000"
    },
    "done": true
  },
  "livingthings:recipes/cooked_elephant": {
    "criteria": {
      "has_elephant": "2024-10-13 02:46:12 +0000",
      "has_cooked_elephant": "2024-10-13 02:46:12 +0000"
    },
    "done": true
  },
  "meadow:main/root": {
    "criteria": {
      "seeds": "2024-10-13 02:46:12 +0000"
    },
    "done": true
  },
  "livingthings:recipes/cooked_ostrich": {
    "criteria": {
      "has_ostrich": "2024-10-13 02:46:12 +0000",
      "has_cooked_ostrich": "2024-10-13 02:46:13 +0000"
    },
    "done": true
  },
  "frostiful:recipes/combat/armor/fur_padded_chainmail_leggings": {
    "criteria": {
      "has_fur_armor": "2024-10-13 02:46:12 +0000"
    },
    "done": true
  },
  "vinery:main/root": {
    "criteria": {
      "seeds": "2024-10-13 02:46:12 +0000"
    },
    "done": true
  },
  "livingthings:recipes/cooked_elephant_from_smoking": {
    "criteria": {
      "has_elephant": "2024-10-13 02:46:12 +0000",
      "has_cooked_elephant": "2024-10-13 02:46:12 +0000"
    },
    "done": true
  },
  "livingthings:recipes/cooked_lion_from_smoking": {
    "criteria": {
      "has_lion": "2024-10-13 02:46:13 +0000",
      "has_cooked_lion": "2024-10-13 02:46:12 +0000"
    },
    "done": true
  },
  "frostiful:recipes/combat/armor/ice_skates": {
    "criteria": {
      "has_fur_boots": "2024-10-13 02:46:12 +0000"
    },
    "done": true
  },
  "guardiansgalore:guardian_block_granite": {
    "criteria": {
      "has_stone": "2024-10-13 02:46:12 +0000"
    },
    "done": true
  },
  "guardiansgalore:guardian_bowls": {
    "criteria": {
      "has_bowl": "2024-10-13 02:46:12 +0000"
    },
    "done": true
  },
  "toms_storage:unlock_dia_pearl": {
    "criteria": {
      "inv_changed-ender_pearl": "2024-10-13 02:46:12 +0000",
      "inv_changed-diamond": "2024-10-13 02:46:13 +0000"
    },
    "done": true
  },
  "guardiansgalore:guardian_block": {
    "criteria": {
      "has_stone": "2024-10-13 02:46:12 +0000"
    },
    "done": true
  },
  "toms_storage:unlock_glowstone": {
    "criteria": {
      "inv_changed-glowstone": "2024-10-13 02:46:12 +0000"
    },
    "done": true
  },
  "livingthings:recipes/cooked_giraffe_from_smoking": {
    "criteria": {
      "has_giraffe": "2024-10-13 02:46:12 +0000",
      "has_cooked_giraffe": "2024-10-13 02:46:12 +0000"
    },
    "done": true
  },
  "archon:root": {
    "criteria": {
      "tick": "2024-10-13 02:46:12 +0000"
    },
    "done": true
  },
  "livingthings:recipes/cooked_lion_from_campfire_cooking": {
    "criteria": {
      "has_lion": "2024-10-13 02:46:12 +0000",
      "has_cooked_lion": "2024-10-13 02:46:13 +0000"
    },
    "done": true
  },
  "livingthings:recipes/cooked_crab_from_campfire_cooking": {
    "criteria": {
      "has_crab": "2024-10-13 02:46:12 +0000",
      "has_cooked_crab": "2024-10-13 02:46:12 +0000"
    },
    "done": true
  },
  "bakery:main/root": {
    "criteria": {
      "seeds": "2024-10-13 02:46:12 +0000"
    },
    "done": true
  },
  "livingthings:recipes/cooked_crab_from_smoking": {
    "criteria": {
      "has_crab": "2024-10-13 02:46:13 +0000",
      "has_cooked_crab": "2024-10-13 02:46:12 +0000"
    },
    "done": true
  },
  "livingthings:recipes/cooked_crab": {
    "criteria": {
      "has_crab": "2024-10-13 02:46:12 +0000",
      "has_cooked_crab": "2024-10-13 02:46:13 +0000"
    },
    "done": true
  },
  "guardiansgalore:guardian_block_diorite": {
    "criteria": {
      "has_stone": "2024-10-13 02:46:12 +0000"
    },
    "done": true
  },
  "livingthings:recipes/arrow": {
    "criteria": {
      "has_feather": "2024-10-13 02:46:13 +0000",
      "has_tooth": "2024-10-13 02:46:12 +0000"
    },
    "done": true
  },
  "frostiful:recipes/combat/armor/fur_padded_chainmail_chestplate": {
    "criteria": {
      "has_fur_armor": "2024-10-13 02:46:12 +0000"
    },
    "done": true
  },
  "frostiful:recipes/combat/armor/fur_padded_chainmail_boots": {
    "criteria": {
      "has_fur_armor": "2024-10-13 02:46:12 +0000"
    },
    "done": true
  },
  "besmirchment:demonic_deed": {
    "criteria": {
      "has_item": "2024-10-13 02:46:12 +0000"
    },
    "done": true
  },
  "spellbladenext:spellblades/root": {
    "criteria": {
      "always": "2024-10-13 02:46:13 +0000"
    },
    "done": true
  },
  "guardiansgalore:blaze_bell": {
    "criteria": {
      "has_gold_ingot": "2024-10-13 02:46:13 +0000"
    },
    "done": true
  },
  "minecraft:recipes/decorations/crafting_table": {
    "criteria": {
      "unlock_right_away": "2024-10-13 02:46:13 +0000"
    },
    "done": true
  },
  "betterdungeons:root": {
    "criteria": {
      "always": "2024-10-13 02:46:13 +0000"
    },
    "done": true
  },
  "frostiful:recipes/misc/snowflake_banner_pattern": {
    "criteria": {
      "has_packed_snowball": "2024-10-13 02:46:13 +0000"
    },
    "done": true
  },
  "minecraft:clutter/root": {
    "criteria": {
      "requirement": "2024-10-13 02:46:13 +0000"
    },
    "done": true
  },
  "rpg_classes:root": {
    "criteria": {
      "always": "2024-10-13 02:46:13 +0000"
    },
    "done": true
  },
  "mythicmobs:mythicmobs": {
    "criteria": {
      "tick": "2024-10-13 02:46:13 +0000"
    },
    "done": true
  },
  "betterdeserttemples:root": {
    "criteria": {
      "always": "2024-10-13 02:46:13 +0000"
    },
    "done": true
  },
  "soaringstructures2:soaringstart": {
    "criteria": {
      "adv_test": "2024-10-13 02:46:13 +0000"
    },
    "done": true
  },
  "totw_reworked:root": {
    "criteria": {
      "sample_trigger": "2024-10-13 02:46:13 +0000"
    },
    "done": true
  },
  "livingthings:recipes/cooked_giraffe_from_campfire_cooking": {
    "criteria": {
      "has_giraffe": "2024-10-13 02:46:13 +0000",
      "has_cooked_giraffe": "2024-10-13 02:46:13 +0000"
    },
    "done": true
  },
  "artifality:root": {
    "criteria": {
      "start": "2024-10-13 02:46:13 +0000"
    },
    "done": true
  },
  "repurposed_structures:root": {
    "criteria": {
      "always": "2024-10-13 02:46:13 +0000"
    },
    "done": true
  },
  "livingthings:recipes/cooked_lion": {
    "criteria": {
      "has_lion": "2024-10-13 02:46:13 +0000",
      "has_cooked_lion": "2024-10-13 02:46:13 +0000"
    },
    "done": true
  },
  "more_rpg_content:root": {
    "criteria": {
      "always": "2024-10-13 02:46:13 +0000"
    },
    "done": true
  },
  "guardiansgalore:guardian_block_sandstone": {
    "criteria": {
      "has_stone": "2024-10-13 02:46:13 +0000"
    },
    "done": true
  },
  "frostiful:recipes/combat/armor/fur_padded_chainmail_helmet": {
    "criteria": {
      "has_fur_armor": "2024-10-13 02:46:13 +0000"
    },
    "done": true
  },
  "lootr:root": {
    "criteria": {
      "always_true": "2024-10-13 02:46:13 +0000"
    },
    "done": true
  },
  "farmersdelight:main/root": {
    "criteria": {
      "seeds": "2024-10-13 02:46:13 +0000"
    },
    "done": true
  },
  "betternether:root": {
    "criteria": {
      "welcome": "2024-10-13 02:46:14 +0000"
    },
    "done": true
  },
  "betterend:root": {
    "criteria": {
      "welcome": "2024-10-13 02:46:14 +0000"
    },
    "done": true
  },
  "regions_unexplored:parent": {
    "criteria": {
      "load_in_world": "2024-10-13 02:46:14 +0000"
    },
    "done": true
  },
  "mcda:recipes/base_armors/goat_gear_helmet": {
    "criteria": {
      "has_leather_helmet": "2024-10-13 02:54:52 +0000"
    },
    "done": true
  },
  "regions_unexplored:recipes/transportation/maple_boat": {
    "criteria": {
      "in_water": "2024-10-13 02:57:06 +0000"
    },
    "done": true
  },
  "mutantmonsters:root": {
    "criteria": {
      "killed_by_something": "2024-10-13 03:03:23 +0000"
    },
    "done": true
  },
  "smallships:recipes/transportation/bamboo_galley": {
    "criteria": {
      "in_water": "2024-10-13 02:57:06 +0000"
    },
    "done": true
  },
  "mcda:recipes/base_armors/emerald_gear_helmet": {
    "criteria": {
      "has_emerald": "2024-10-13 02:56:42 +0000"
    },
    "done": true
  },
  "mcdw:recipes/crossbows/crossbow_slayer": {
    "criteria": {
      "has_string": "2024-10-13 02:53:11 +0000"
    },
    "done": true
  },
  "deeperdarker:recipes/transportation/echo_boat": {
    "criteria": {
      "in_water": "2024-10-13 02:57:06 +0000"
    },
    "done": true
  },
  "smallships:recipes/transportation/spruce_cog": {
    "criteria": {
      "in_water": "2024-10-13 02:57:06 +0000"
    },
    "done": true
  },
  "smallships:recipes/transportation/acacia_cog": {
    "criteria": {
      "in_water": "2024-10-13 02:57:06 +0000"
    },
    "done": true
  },
  "bewitchment:recipes/transportation/juniper_boat": {
    "criteria": {
      "in_water": "2024-10-13 02:57:06 +0000"
    },
    "done": true
  },
  "bewitchment:recipes/decorations/golden_witch_altar": {
    "criteria": {
      "has_item": "2024-10-13 03:13:02 +0000"
    },
    "done": true
  },
  "farmersdelight:recipes/farmersdelight/cooking/fish_stew": {
    "criteria": {
      "has_any_ingredient": "2024-10-13 02:54:19 +0000"
    },
    "done": true
  },
  "minecraft:recipes/misc/gold_nugget": {
    "criteria": {
      "has_gold_ingot": "2024-10-13 03:13:02 +0000"
    },
    "done": true
  },
  "farmersdelight:recipes/food/cooking/rabbit_stew": {
    "criteria": {
      "has_any_ingredient": "2024-10-13 02:54:21 +0000"
    },
    "done": true
  },
  "mcdw:recipes/bows/bow_masters_bow": {
    "criteria": {
      "has_string": "2024-10-13 02:53:11 +0000"
    },
    "done": true
  },
  "minecraft:recipes/tools/golden_shovel": {
    "criteria": {
      "has_gold_ingot": "2024-10-13 03:13:02 +0000"
    },
    "done": true
  },
  "variantshields:recipes/combat/dark_oak_golden_shield": {
    "criteria": {
      "has_gold_ingot": "2024-10-13 03:13:02 +0000"
    },
    "done": true
  },
  "minecraft:recipes/food/golden_apple": {
    "criteria": {
      "has_gold_ingot": "2024-10-13 03:13:02 +0000"
    },
    "done": true
  },
  "minecraft:recipes/combat/golden_boots": {
    "criteria": {
      "has_gold_ingot": "2024-10-13 03:13:02 +0000"
    },
    "done": true
  },
  "mcdw:recipes/daggers/dagger_the_beginning": {
    "criteria": {
      "has_gold_ingot": "2024-10-13 03:13:02 +0000"
    },
    "done": true
  },
  "regions_unexplored:recipes/transportation/magnolia_boat": {
    "criteria": {
      "in_water": "2024-10-13 02:57:06 +0000"
    },
    "done": true
  },
  "smallships:recipes/transportation/jungle_cog": {
    "criteria": {
      "in_water": "2024-10-13 02:57:06 +0000"
    },
    "done": true
  },
  "bewitchment:recipes/tools/vampiric_poppet": {
    "criteria": {
      "has_item": "2024-10-13 02:53:30 +0000"
    },
    "done": true
  },
  "bakery:recipes/butter": {
    "criteria": {
      "has_water_bucket": "2024-10-13 02:56:41 +0000"
    },
    "done": true
  },
  "minecraft:recipes/decorations/chest": {
    "criteria": {
      "has_lots_of_items": "2024-10-13 02:54:21 +0000"
    },
    "done": true
  },
  "mcdw:recipes/crossbows/crossbow_nautical_crossbow": {
    "criteria": {
      "has_gold_ingot": "2024-10-13 03:13:02 +0000"
    },
    "done": true
  },
  "mcdw:recipes/crossbows/crossbow_corrupted_crossbow": {
    "criteria": {
      "has_string": "2024-10-13 02:53:11 +0000"
    },
    "done": true
  },
  "slayersbeasts:recipes/transportation/eucalyptus_boat": {
    "criteria": {
      "in_water": "2024-10-13 02:57:06 +0000"
    },
    "done": true
  },
  "mcdw:recipes/daggers/dagger_resolute_tempest_knife": {
    "criteria": {
      "has_gold_ingot": "2024-10-13 03:13:02 +0000"
    },
    "done": true
  },
  "mcdw:recipes/shields/shield_royal_guard": {
    "criteria": {
      "has_gold_ingot": "2024-10-13 03:13:02 +0000"
    },
    "done": true
  },
  "minecraft:recipes/transportation/cherry_boat": {
    "criteria": {
      "in_water": "2024-10-13 02:57:06 +0000"
    },
    "done": true
  },
  "slayersbeasts:recipes/transportation/redwood_boat": {
    "criteria": {
      "in_water": "2024-10-13 02:57:06 +0000"
    },
    "done": true
  },
  "mcdw:recipes/swords/sword_masters_katana": {
    "criteria": {
      "has_gold_ingot": "2024-10-13 03:13:02 +0000"
    },
    "done": true
  },
  "minecraft:recipes/combat/golden_chestplate": {
    "criteria": {
      "has_gold_ingot": "2024-10-13 03:13:02 +0000"
    },
    "done": true
  },
  "minecraft:recipes/redstone/tripwire_hook": {
    "criteria": {
      "has_string": "2024-10-13 02:53:11 +0000"
    },
    "done": true
  },
  "smallships:recipes/transportation/oak_drakkar": {
    "criteria": {
      "in_water": "2024-10-13 02:57:06 +0000"
    },
    "done": true
  },
  "mcdw:recipes/double_axes/double_axe_cursed": {
    "criteria": {
      "has_rotten_flesh": "2024-10-13 02:48:58 +0000"
    },
    "done": true
  },
  "minecraft:recipes/decorations/candle": {
    "criteria": {
      "has_string": "2024-10-13 02:53:11 +0000"
    },
    "done": true
  },
  "clutter:recipes/misc/butterfly_wings": {
    "criteria": {
      "has_item": "2024-10-13 02:53:11 +0000"
    },
    "done": true
  },
  "smallships:recipes/transportation/jungle_brigg": {
    "criteria": {
      "in_water": "2024-10-13 02:57:06 +0000"
    },
    "done": true
  },
  "davespotioneering:recipes/tools/blue_umbrella": {
    "criteria": {
      "has_shield": "2024-10-13 03:19:25 +0000"
    },
    "done": true
  },
  "bewitchment:recipes/tools/mending_poppet": {
    "criteria": {
      "has_item": "2024-10-13 02:53:30 +0000"
    },
    "done": true
  },
  "mcdw:recipes/shields/shield_tower_guard": {
    "criteria": {
      "has_gold_ingot": "2024-10-13 03:13:02 +0000"
    },
    "done": true
  },
  "mcdw:recipes/bows/bow_bubble_bow": {
    "criteria": {
      "has_string": "2024-10-13 02:53:11 +0000"
    },
    "done": true
  },
  "bakery:recipes/crafting_bowl": {
    "criteria": {
      "has_dried_kelp": "2024-10-13 02:56:10 +0000"
    },
    "done": true
  },
  "smallships:recipes/transportation/spruce_galley": {
    "criteria": {
      "in_water": "2024-10-13 02:57:06 +0000"
    },
    "done": true
  },
  "smallships:recipes/transportation/birch_cog": {
    "criteria": {
      "in_water": "2024-10-13 02:57:06 +0000"
    },
    "done": true
  },
  "clutter:recipes/misc/tiara": {
    "criteria": {
      "has_emerald": "2024-10-13 02:56:42 +0000"
    },
    "done": true
  },
  "clutter:recipes/misc/crown": {
    "criteria": {
      "has_emerald": "2024-10-13 02:56:42 +0000"
    },
    "done": true
  },
  "nova_structures:adventure/find_tavern": {
    "criteria": {
      "nova_structures:tavern_oak": "2024-10-13 02:53:26 +0000"
    },
    "done": true
  },
  "mcdw:recipes/shortbows/bow_shortbow": {
    "criteria": {
      "has_string": "2024-10-13 02:53:11 +0000"
    },
    "done": true
  },
  "minecraft:recipes/decorations/campfire": {
    "criteria": {
      "has_coal": "2024-10-13 02:54:17 +0000"
    },
    "done": true
  },
  "minecraft:recipes/food/cooked_salmon_from_campfire_cooking": {
    "criteria": {
      "has_salmon": "2024-10-13 02:54:33 +0000"
    },
    "done": true
  },
  "mcdw:recipes/shortbows/bow_mechanical_shortbow": {
    "criteria": {
      "has_string": "2024-10-13 02:53:11 +0000"
    },
    "done": true
  },
  "mcdw:recipes/spears/spear_fortune": {
    "criteria": {
      "has_gold_ingot": "2024-10-13 03:13:02 +0000"
    },
    "done": true
  },
  "lootr:1barrel": {
    "criteria": {
      "opened_barrel": "2024-10-13 02:54:15 +0000"
    },
    "done": true
  },
  "mcda:recipes/base_armors/goat_gear_leggings": {
    "criteria": {
      "has_leather_leggings": "2024-10-13 02:54:51 +0000"
    },
    "done": true
  },
  "farmersdelight:recipes/farmersdelight/cooking/mushroom_rice": {
    "criteria": {
      "has_any_ingredient": "2024-10-13 03:16:49 +0000"
    },
    "done": true
  },
  "mcdw:recipes/bows/bow_sabrewing": {
    "criteria": {
      "has_gold_ingot": "2024-10-13 03:13:02 +0000"
    },
    "done": true
  },
  "minecraft:recipes/combat/golden_sword": {
    "criteria": {
      "has_gold_ingot": "2024-10-13 03:13:02 +0000"
    },
    "done": true
  },
  "farmersdelight:recipes/farmersdelight/cooking/beef_stew": {
    "criteria": {
      "has_any_ingredient": "2024-10-13 02:53:50 +0000"
    },
    "done": true
  },
  "minecraft:recipes/building_blocks/gold_block": {
    "criteria": {
      "has_gold_ingot": "2024-10-13 03:13:02 +0000"
    },
    "done": true
  },
  "mcdw:recipes/bows/bow_echo_of_the_valley": {
    "criteria": {
      "has_string": "2024-10-13 02:53:11 +0000"
    },
    "done": true
  },
  "minecraft:recipes/transportation/acacia_boat": {
    "criteria": {
      "in_water": "2024-10-13 02:57:06 +0000"
    },
    "done": true
  },
  "mcda:recipes/base_armors/evocation_robe_leggings": {
    "criteria": {
      "has_gold_ingot": "2024-10-13 03:13:02 +0000"
    },
    "done": true
  },
  "mcdw:recipes/bows/bow_web_bow": {
    "criteria": {
      "has_string": "2024-10-13 02:53:11 +0000"
    },
    "done": true
  },
  "meadow:recipes/cheese_bread": {
    "criteria": {
      "has_bread": "2024-10-13 02:53:48 +0000"
    },
    "done": true
  },
  "clutter:recipes/misc/beach_hat": {
    "criteria": {
      "has_wheat": "2024-10-13 02:54:05 +0000"
    },
    "done": true
  },
  "mcdw:recipes/bows/bow_lost_souls": {
    "criteria": {
      "has_string": "2024-10-13 02:53:11 +0000"
    },
    "done": true
  },
  "slayersbeasts:recipes/transportation/aspen_boat": {
    "criteria": {
      "in_water": "2024-10-13 02:57:06 +0000"
    },
    "done": true
  },
  "mcdw:recipes/bows/bow_power_bow": {
    "criteria": {
      "has_string": "2024-10-13 02:53:11 +0000"
    },
    "done": true
  },
  "smallships:recipes/transportation/bamboo_brigg": {
    "criteria": {
      "in_water": "2024-10-13 02:57:06 +0000"
    },
    "done": true
  },
  "variantshields:recipes/decorations/shield": {
    "criteria": {
      "has_variant_item": "2024-10-13 03:19:25 +0000"
    },
    "done": true
  },
  "mcda:recipes/unique_armors/archers_helmet": {
    "criteria": {
      "has_leather_helmet": "2024-10-13 02:54:52 +0000"
    },
    "done": true
  },
  "davespotioneering:recipes/tools/green_umbrella": {
    "criteria": {
      "has_shield": "2024-10-13 03:19:25 +0000"
    },
    "done": true
  },
  "mcdw:recipes/bows/bow_nocturnal_bow": {
    "criteria": {
      "has_string": "2024-10-13 02:53:11 +0000"
    },
    "done": true
  },
  "mcdw:recipes/bows/bow_burst_gale_bow": {
    "criteria": {
      "has_string": "2024-10-13 02:53:11 +0000"
    },
    "done": true
  },
  "mcdw:recipes/shortbows/bow_purple_storm": {
    "criteria": {
      "has_string": "2024-10-13 02:53:11 +0000"
    },
    "done": true
  },
  "minecraft:recipes/transportation/jungle_boat": {
    "criteria": {
      "in_water": "2024-10-13 02:57:06 +0000"
    },
    "done": true
  },
  "variantshields:recipes/combat/oak_golden_shield": {
    "criteria": {
      "has_gold_ingot": "2024-10-13 03:13:02 +0000"
    },
    "done": true
  },
  "mcdw:recipes/bows/bow_void_bow": {
    "criteria": {
      "has_string": "2024-10-13 02:53:11 +0000"
    },
    "done": true
  },
  "davespotioneering:recipes/tools/yellow_umbrella": {
    "criteria": {
      "has_shield": "2024-10-13 03:19:25 +0000"
    },
    "done": true
  },
  "mcda:recipes/base_armors/guards_armor_helmet": {
    "criteria": {
      "has_leather_helmet": "2024-10-13 02:54:52 +0000"
    },
    "done": true
  },
  "mcdw:recipes/swords/sword_hawkbrand_vanilla_sword": {
    "criteria": {
      "has_emerald": "2024-10-13 02:56:42 +0000",
      "has_the_recipe": "2024-10-13 02:56:42 +0000"
    },
    "done": true
  },
  "mcdw:recipes/crossbows/crossbow_butterfly": {
    "criteria": {
      "has_string": "2024-10-13 02:53:11 +0000"
    },
    "done": true
  },
  "smallships:recipes/transportation/bamboo_cog": {
    "criteria": {
      "in_water": "2024-10-13 02:57:06 +0000"
    },
    "done": true
  },
  "vinery:recipes/basket": {
    "criteria": {
      "has_wheat": "2024-10-13 02:54:05 +0000"
    },
    "done": true
  },
  "minecraft:recipes/food/baked_potato_from_campfire_cooking": {
    "criteria": {
      "has_potato": "2024-10-13 02:53:50 +0000"
    },
    "done": true
  },
  "regions_unexplored:recipes/transportation/pine_boat": {
    "criteria": {
      "in_water": "2024-10-13 02:57:06 +0000"
    },
    "done": true
  },
  "farmersdelight:recipes/farmersdelight/kelp_roll": {
    "criteria": {
      "has_dried_kelp": "2024-10-13 02:56:10 +0000"
    },
    "done": true
  },
  "farmersdelight:recipes/farmersdelight/cooking/baked_cod_stew": {
    "criteria": {
      "has_any_ingredient": "2024-10-13 02:53:50 +0000"
    },
    "done": true
  },
  "mcdw:recipes/crossbows/crossbow_slicer": {
    "criteria": {
      "has_string": "2024-10-13 02:53:11 +0000"
    },
    "done": true
  },
  "mcdw:recipes/longbows/bow_longbow": {
    "criteria": {
      "has_string": "2024-10-13 02:53:11 +0000"
    },
    "done": true
  },
  "betterend:recipes/misc/shadow_berry_jelly": {
    "criteria": {
      "has_tag_c_water_bottles": "2024-10-13 02:56:41 +0000"
    },
    "done": true
  },
  "mcdw:recipes/bows/bow_pink_scoundrel": {
    "criteria": {
      "has_string": "2024-10-13 02:53:11 +0000"
    },
    "done": true
  },
  "promenade:recipes/crafting/maple/boat": {
    "criteria": {
      "in_water": "2024-10-13 02:57:06 +0000"
    },
    "done": true
  },
  "mcdw:recipes/shields/shield_vanguard": {
    "criteria": {
      "has_gold_ingot": "2024-10-13 03:13:02 +0000"
    },
    "done": true
  },
  "bewitchment:recipes/tools/voodoo_protection_poppet": {
    "criteria": {
      "has_item": "2024-10-13 02:53:30 +0000"
    },
    "done": true
  },
  "minecraft:recipes/combat/bow": {
    "criteria": {
      "has_string": "2024-10-13 02:53:11 +0000"
    },
    "done": true
  },
  "mcda:recipes/crafting_items/glut_charm": {
    "criteria": {
      "has_rotten_flesh": "2024-10-13 02:48:58 +0000"
    },
    "done": true
  },
  "mcdw:recipes/bows/bow_trickbow": {
    "criteria": {
      "has_string": "2024-10-13 02:53:11 +0000"
    },
    "done": true
  },
  "minecraft:recipes/combat/golden_helmet": {
    "criteria": {
      "has_gold_ingot": "2024-10-13 03:13:02 +0000"
    },
    "done": true
  },
  "mcdw:recipes/hammers/hammer_boneclub": {
    "criteria": {
      "has_string": "2024-10-13 02:53:11 +0000"
    },
    "done": true
  },
  "mcdw:recipes/daggers/dagger_chill_gale_knife": {
    "criteria": {
      "has_gold_ingot": "2024-10-13 03:13:02 +0000"
    },
    "done": true
  },
  "bewitchment:recipes/tools/voodoo_poppet": {
    "criteria": {
      "has_item": "2024-10-13 02:53:30 +0000"
    },
    "done": true
  },
  "bewitchment:recipes/tools/fatigue_poppet": {
    "criteria": {
      "has_item": "2024-10-13 02:53:30 +0000"
    },
    "done": true
  },
  "minecraft:recipes/building_blocks/emerald_block": {
    "criteria": {
      "has_emerald": "2024-10-13 02:56:42 +0000"
    },
    "done": true
  },
  "variantshields:recipes/combat/spruce_golden_shield": {
    "criteria": {
      "has_gold_ingot": "2024-10-13 03:13:02 +0000"
    },
    "done": true
  },
  "regions_unexplored:recipes/transportation/socotra_boat": {
    "criteria": {
      "in_water": "2024-10-13 02:57:06 +0000"
    },
    "done": true
  },
  "mcdw:recipes/swords/sword_broken_sawblade": {
    "criteria": {
      "has_gold_ingot": "2024-10-13 03:13:02 +0000"
    },
    "done": true
  },
  "variantshields:recipes/combat/mangrove_golden_shield": {
    "criteria": {
      "has_gold_ingot": "2024-10-13 03:13:02 +0000"
    },
    "done": true
  },
  "mcdw:recipes/swords/sword_great_axeblade": {
    "criteria": {
      "has_emerald": "2024-10-13 02:56:42 +0000"
    },
    "done": true
  },
  "farmersdelight:recipes/farmersdelight/wheat_dough_from_eggs": {
    "criteria": {
      "has_wheat": "2024-10-13 02:54:05 +0000"
    },
    "done": true
  },
  "mcdw:recipes/bows/bow_bonebow": {
    "criteria": {
      "has_string": "2024-10-13 02:53:11 +0000"
    },
    "done": true
  },
  "minecraft:recipes/transportation/spruce_boat": {
    "criteria": {
      "in_water": "2024-10-13 02:57:06 +0000"
    },
    "done": true
  },
  "variantshields:recipes/combat/bamboo_golden_shield": {
    "criteria": {
      "has_gold_ingot": "2024-10-13 03:13:02 +0000"
    },
    "done": true
  },
  "smallships:recipes/transportation/acacia_brigg": {
    "criteria": {
      "in_water": "2024-10-13 02:57:06 +0000"
    },
    "done": true
  },
  "regions_unexplored:recipes/transportation/dead_boat": {
    "criteria": {
      "in_water": "2024-10-13 02:57:06 +0000"
    },
    "done": true
  },
  "mcdw:recipes/crossbows/crossbow_azure_seeker": {
    "criteria": {
      "has_string": "2024-10-13 02:53:11 +0000"
    },
    "done": true
  },
  "farmersdelight:recipes/farmersdelight/cooking/noodle_soup": {
    "criteria": {
      "has_any_ingredient": "2024-10-13 02:56:10 +0000"
    },
    "done": true
  },
  "mcdw:recipes/swords/sword_beestinger": {
    "criteria": {
      "has_gold_ingot": "2024-10-13 03:13:02 +0000"
    },
    "done": true
  },
  "smallships:recipes/transportation/mangrove_galley": {
    "criteria": {
      "in_water": "2024-10-13 02:57:06 +0000"
    },
    "done": true
  },
  "minecraft:recipes/transportation/mangrove_boat": {
    "criteria": {
      "in_water": "2024-10-13 02:57:06 +0000"
    },
    "done": true
  },
  "nova_structures:root": {
    "criteria": {
      "nova_structures:adventure/find_tavern": "2024-10-13 02:53:26 +0000"
    },
    "done": true
  },
  "mcda:recipes/base_armors/squid_armor_helmet": {
    "criteria": {
      "has_leather_helmet": "2024-10-13 02:54:52 +0000"
    },
    "done": true
  },
  "minecraft:recipes/combat/shield": {
    "criteria": {
      "has_the_recipe": "2024-10-13 03:19:25 +0000"
    },
    "done": true
  },
  "rpg_classes:obtain_fire_rune": {
    "criteria": {
      "runes": "2024-10-13 03:13:05 +0000"
    },
    "done": true
  },
  "davespotioneering:recipes/tools/gray_umbrella": {
    "criteria": {
      "has_shield": "2024-10-13 03:19:25 +0000"
    },
    "done": true
  },
  "variantshields:recipes/combat/acacia_golden_shield": {
    "criteria": {
      "has_gold_ingot": "2024-10-13 03:13:02 +0000"
    },
    "done": true
  },
  "minecraft:recipes/food/cooked_salmon_from_smoking": {
    "criteria": {
      "has_salmon": "2024-10-13 02:54:33 +0000"
    },
    "done": true
  },
  "mcdw:recipes/bows/bow_winters_touch": {
    "criteria": {
      "has_string": "2024-10-13 02:53:11 +0000"
    },
    "done": true
  },
  "mcdw:recipes/whips/whip_whip": {
    "criteria": {
      "has_string": "2024-10-13 02:53:11 +0000"
    },
    "done": true
  },
  "smallships:recipes/transportation/dark_oak_drakkar": {
    "criteria": {
      "in_water": "2024-10-13 02:57:06 +0000"
    },
    "done": true
  },
  "minecraft:recipes/building_blocks/dried_kelp_block": {
    "criteria": {
      "has_dried_kelp": "2024-10-13 02:56:10 +0000"
    },
    "done": true
  },
  "mcdw:recipes/crossbows/crossbow_soul": {
    "criteria": {
      "has_string": "2024-10-13 02:53:11 +0000"
    },
    "done": true
  },
  "galosphere:recipes/decorations/gilded_beads": {
    "criteria": {
      "has_gold_ingot": "2024-10-13 03:13:02 +0000"
    },
    "done": true
  },
  "smallships:recipes/transportation/jungle_drakkar": {
    "criteria": {
      "in_water": "2024-10-13 02:57:06 +0000"
    },
    "done": true
  },
  "mcdw:recipes/swords/sword_frost_slayer": {
    "criteria": {
      "has_iron_ingot": "2024-10-13 03:13:02 +0000"
    },
    "done": true
  },
  "mcdw:recipes/sickles/sickle_last_laugh_gold": {
    "criteria": {
      "has_gold_ingot": "2024-10-13 03:13:02 +0000"
    },
    "done": true
  },
  "mcdw:recipes/glaives/spear_grave_bane": {
    "criteria": {
      "has_gold_ingot": "2024-10-13 03:13:02 +0000"
    },
    "done": true
  },
  "mcda:recipes/base_armors/evocation_robe_helmet": {
    "criteria": {
      "has_gold_ingot": "2024-10-13 03:13:02 +0000"
    },
    "done": true
  },
  "mcda:recipes/base_armors/scale_mail_leggings": {
    "criteria": {
      "has_leather_leggings": "2024-10-13 02:54:51 +0000"
    },
    "done": true
  },
  "farmersdelight:recipes/farmersdelight/steak_and_potatoes": {
    "criteria": {
      "has_baked_potato": "2024-10-13 02:54:21 +0000"
    },
    "done": true
  },
  "regions_unexplored:regions_explored": {
    "criteria": {
      "grassy_beach": "2024-10-13 03:10:39 +0000",
      "bamboo_forest": "2024-10-13 03:10:38 +0000"
    },
    "done": false
  },
  "nova_structures:adventure/tavern_quest": {
    "criteria": {
      "open_tavern_chest": "2024-10-13 03:06:08 +0000"
    },
    "done": true
  },
  "smallships:recipes/transportation/birch_brigg": {
    "criteria": {
      "in_water": "2024-10-13 02:57:06 +0000"
    },
    "done": true
  },
  "mcda:recipes/base_armors/evocation_robe_chestplate": {
    "criteria": {
      "has_gold_ingot": "2024-10-13 03:13:02 +0000"
    },
    "done": true
  },
  "minecraft:recipes/food/baked_potato_from_smoking": {
    "criteria": {
      "has_potato": "2024-10-13 02:53:50 +0000"
    },
    "done": true
  },
  "betterend:recipes/misc/blossom_berry_jelly": {
    "criteria": {
      "has_tag_c_water_bottles": "2024-10-13 02:56:41 +0000"
    },
    "done": true
  },
  "mcdw:recipes/crossbows/crossbow_dual": {
    "criteria": {
      "has_string": "2024-10-13 02:53:11 +0000"
    },
    "done": true
  },
  "regions_unexplored:recipes/transportation/baobab_boat": {
    "criteria": {
      "in_water": "2024-10-13 02:57:06 +0000"
    },
    "done": true
  },
  "bewitchment:recipes/decorations/cypress_chest": {
    "criteria": {
      "has_lots_of_items": "2024-10-13 02:54:21 +0000"
    },
    "done": true
  },
  "regions_unexplored:pioneer": {
    "criteria": {
      "grassy_beach": "2024-10-13 03:10:39 +0000",
      "bamboo_forest": "2024-10-13 03:10:38 +0000"
    },
    "done": false
  },
  "smallships:recipes/transportation/cherry_brigg": {
    "criteria": {
      "in_water": "2024-10-13 02:57:06 +0000"
    },
    "done": true
  },
  "smallships:recipes/transportation/spruce_brigg": {
    "criteria": {
      "in_water": "2024-10-13 02:57:06 +0000"
    },
    "done": true
  },
  "minecraft:recipes/food/cooked_cod_from_campfire_cooking": {
    "criteria": {
      "has_cod": "2024-10-13 02:54:19 +0000"
    },
    "done": true
  },
  "slayersbeasts:recipes/transportation/desert_oak_boat": {
    "criteria": {
      "in_water": "2024-10-13 02:57:06 +0000"
    },
    "done": true
  },
  "mcdw:recipes/crossbows/crossbow_imploding": {
    "criteria": {
      "has_string": "2024-10-13 02:53:11 +0000"
    },
    "done": true
  },
  "mcda:recipes/base_armors/guards_armor_leggings": {
    "criteria": {
      "has_leather_leggings": "2024-10-13 02:54:51 +0000"
    },
    "done": true
  },
  "bewitchment:recipes/tools/judgment_poppet": {
    "criteria": {
      "has_item": "2024-10-13 02:53:30 +0000"
    },
    "done": true
  },
  "minecraft:recipes/tools/golden_hoe": {
    "criteria": {
      "has_gold_ingot": "2024-10-13 03:13:02 +0000"
    },
    "done": true
  },
  "minecraft:recipes/food/mushroom_stew": {
    "criteria": {
      "has_mushroom_stew": "2024-10-13 02:54:24 +0000"
    },
    "done": true
  },
  "minecraft:husbandry/balanced_diet": {
    "criteria": {
      "baked_potato": "2024-10-13 03:02:54 +0000"
    },
    "done": false
  },
  "minecraft:recipes/food/cooked_cod": {
    "criteria": {
      "has_cod": "2024-10-13 02:54:19 +0000"
    },
    "done": true
  },
  "minecraft:recipes/food/dried_kelp": {
    "criteria": {
      "has_dried_kelp_block": "2024-10-13 02:55:49 +0000"
    },
    "done": true
  },
  "mythicmetals:recipes/carmot_staff_smithing_template": {
    "criteria": {
      "found_template": "2024-10-13 03:16:35 +0000"
    },
    "done": true
  },
  "mcdw:recipes/crossbows/crossbow_rapid": {
    "criteria": {
      "has_string": "2024-10-13 02:53:11 +0000"
    },
    "done": true
  },
  "smallships:recipes/transportation/mangrove_cog": {
    "criteria": {
      "in_water": "2024-10-13 02:57:06 +0000"
    },
    "done": true
  },
  "regions_unexplored:recipes/transportation/joshua_boat": {
    "criteria": {
      "in_water": "2024-10-13 02:57:06 +0000"
    },
    "done": true
  },
  "minecraft:recipes/transportation/dark_oak_boat": {
    "criteria": {
      "in_water": "2024-10-13 02:57:06 +0000"
    },
    "done": true
  },
  "mythicmetals:carmot_staff_template": {
    "criteria": {
      "beckers_secret_recipe": "2024-10-13 03:16:35 +0000"
    },
    "done": true
  },
  "mcda:recipes/base_armors/vanguard_armor_helmet": {
    "criteria": {
      "has_gold_ingot": "2024-10-13 03:13:02 +0000"
    },
    "done": true
  },
  "mcdw:recipes/gauntlets/gauntlet_soul_fist": {
    "criteria": {
      "has_gold_ingot": "2024-10-13 03:13:02 +0000"
    },
    "done": true
  },
  "mcdw:recipes/bows/bow_green_menace": {
    "criteria": {
      "has_string": "2024-10-13 02:53:11 +0000"
    },
    "done": true
  },
  "variantshields:recipes/combat/jungle_golden_shield": {
    "criteria": {
      "has_gold_ingot": "2024-10-13 03:13:02 +0000"
    },
    "done": true
  },
  "minecraft:recipes/tools/golden_axe": {
    "criteria": {
      "has_gold_ingot": "2024-10-13 03:13:02 +0000"
    },
    "done": true
  },
  "minecraft:recipes/tools/golden_pickaxe": {
    "criteria": {
      "has_gold_ingot": "2024-10-13 03:13:02 +0000"
    },
    "done": true
  },
  "mcda:recipes/base_armors/emerald_gear_chestplate": {
    "criteria": {
      "has_emerald": "2024-10-13 02:56:42 +0000"
    },
    "done": true
  },
  "minecraft:recipes/food/cooked_cod_from_smoking": {
    "criteria": {
      "has_cod": "2024-10-13 02:54:19 +0000"
    },
    "done": true
  },
  "mcdw:recipes/bows/bow_twin_bow": {
    "criteria": {
      "has_string": "2024-10-13 02:53:11 +0000"
    },
    "done": true
  },
  "farmersdelight:recipes/farmersdelight/cooking/fried_rice": {
    "criteria": {
      "has_any_ingredient": "2024-10-13 03:16:49 +0000"
    },
    "done": true
  },
  "farmersdelight:main/get_fd_seed": {
    "criteria": {
      "rice": "2024-10-13 03:16:49 +0000"
    },
    "done": true
  },
  "davespotioneering:recipes/brewing/compound_brewing_stand": {
    "criteria": {
      "has_shield": "2024-10-13 03:19:25 +0000"
    },
    "done": true
  },
  "davespotioneering:recipes/tools/red_umbrella": {
    "criteria": {
      "has_shield": "2024-10-13 03:19:25 +0000"
    },
    "done": true
  },
  "farmersdelight:recipes/farmersdelight/cooking/cooked_rice": {
    "criteria": {
      "has_rice": "2024-10-13 03:16:49 +0000"
    },
    "done": true
  },
  "smallships:recipes/transportation/dark_oak_brigg": {
    "criteria": {
      "in_water": "2024-10-13 02:57:06 +0000"
    },
    "done": true
  },
  "mcdw:recipes/bows/bow_wind_bow": {
    "criteria": {
      "has_string": "2024-10-13 02:53:11 +0000"
    },
    "done": true
  },
  "slayersbeasts:recipes/transportation/willow_boat": {
    "criteria": {
      "in_water": "2024-10-13 02:57:06 +0000"
    },
    "done": true
  },
  "smallships:recipes/transportation/birch_galley": {
    "criteria": {
      "in_water": "2024-10-13 02:57:06 +0000"
    },
    "done": true
  },
  "minecraft:recipes/transportation/bamboo_raft": {
    "criteria": {
      "in_water": "2024-10-13 02:57:06 +0000"
    },
    "done": true
  },
  "smallships:recipes/transportation/mangrove_brigg": {
    "criteria": {
      "in_water": "2024-10-13 02:57:06 +0000"
    },
    "done": true
  },
  "mcdw:recipes/crossbows/crossbow_scatter": {
    "criteria": {
      "has_string": "2024-10-13 02:53:11 +0000"
    },
    "done": true
  },
  "minecraft:recipes/food/bread": {
    "criteria": {
      "has_wheat": "2024-10-13 02:54:05 +0000"
    },
    "done": true
  },
  "bewitchment:recipes/tools/protection_poppet": {
    "criteria": {
      "has_item": "2024-10-13 02:53:30 +0000"
    },
    "done": true
  },
  "minecraft:recipes/building_blocks/hay_block": {
    "criteria": {
      "has_wheat": "2024-10-13 02:54:05 +0000"
    },
    "done": true
  },
  "mcdw:recipes/bows/bow_bubble_burster": {
    "criteria": {
      "has_string": "2024-10-13 02:53:11 +0000"
    },
    "done": true
  },
  "minecraft:recipes/redstone/target": {
    "criteria": {
      "has_hay_block": "2024-10-13 02:53:30 +0000"
    },
    "done": true
  },
  "mcda:recipes/base_armors/climbing_gear_helmet": {
    "criteria": {
      "has_leather_helmet": "2024-10-13 02:54:52 +0000"
    },
    "done": true
  },
  "regions_unexplored:recipes/transportation/kapok_boat": {
    "criteria": {
      "in_water": "2024-10-13 02:57:06 +0000"
    },
    "done": true
  },
  "mcda:recipes/base_armors/battle_robe_leggings": {
    "criteria": {
      "has_gold_ingot": "2024-10-13 03:13:02 +0000"
    },
    "done": true
  },
  "mcda:recipes/upgrade_cores/upgrade_core_oceanic": {
    "criteria": {
      "has_core_specification_item": "2024-10-13 02:56:41 +0000"
    },
    "done": true
  },
  "minecraft:recipes/redstone/light_weighted_pressure_plate": {
    "criteria": {
      "has_gold_ingot": "2024-10-13 03:13:02 +0000"
    },
    "done": true
  },
  "regions_unexplored:recipes/transportation/cypress_boat": {
    "criteria": {
      "in_water": "2024-10-13 02:57:06 +0000"
    },
    "done": true
  },
  "davespotioneering:recipes/tools/gilded_umbrella": {
    "criteria": {
      "has_shield": "2024-10-13 03:19:25 +0000"
    },
    "done": true
  },
  "mcdw:recipes/crossbows/crossbow_burst": {
    "criteria": {
      "has_string": "2024-10-13 02:53:11 +0000"
    },
    "done": true
  },
  "bewitchment:recipes/transportation/elder_boat": {
    "criteria": {
      "in_water": "2024-10-13 02:57:06 +0000"
    },
    "done": true
  },
  "lootr:social": {
    "criteria": {
      "opened_barrel": "2024-10-13 02:54:15 +0000",
      "opened_chest": "2024-10-13 02:53:46 +0000"
    },
    "done": false
  },
  "mcdw:recipes/swords/sword_hawkbrand": {
    "criteria": {
      "has_emerald": "2024-10-13 02:56:42 +0000"
    },
    "done": true
  },
  "smallships:recipes/transportation/mangrove_drakkar": {
    "criteria": {
      "in_water": "2024-10-13 02:57:06 +0000"
    },
    "done": true
  },
  "variantshields:recipes/combat/warped_golden_shield": {
    "criteria": {
      "has_gold_ingot": "2024-10-13 03:13:02 +0000"
    },
    "done": true
  },
  "alloy_forgery:recipes/alloy_forgery/gold_block": {
    "criteria": {
      "has_the_recipe": "2024-10-13 03:13:02 +0000"
    },
    "done": true
  },
  "mcdw:recipes/crossbows/crossbow_exploding": {
    "criteria": {
      "has_string": "2024-10-13 02:53:11 +0000"
    },
    "done": true
  },
  "smallships:recipes/misc/sail": {
    "criteria": {
      "in_water": "2024-10-13 02:57:06 +0000"
    },
    "done": true
  },
  "bakery:recipes/yeast": {
    "criteria": {
      "has_the_recipe": "2024-10-13 02:56:41 +0000"
    },
    "done": true
  },
  "mcdw:recipes/crossbows/crossbow_feral_soul": {
    "criteria": {
      "has_string": "2024-10-13 02:53:11 +0000"
    },
    "done": true
  },
  "regions_unexplored:recipes/transportation/larch_boat": {
    "criteria": {
      "in_water": "2024-10-13 02:57:06 +0000"
    },
    "done": true
  },
  "mcda:recipes/base_armors/battle_robe_chestplate": {
    "criteria": {
      "has_gold_ingot": "2024-10-13 03:13:02 +0000"
    },
    "done": true
  },
  "vinery:recipes/campfire": {
    "criteria": {
      "has_coal": "2024-10-13 02:54:17 +0000",
      "has_the_recipe": "2024-10-13 02:54:17 +0000"
    },
    "done": true
  },
  "mcdw:recipes/bows/bow_haunted_bow": {
    "criteria": {
      "has_string": "2024-10-13 02:53:11 +0000"
    },
    "done": true
  },
  "farmersdelight:recipes/farmersdelight/cooking/dog_food": {
    "criteria": {
      "has_any_ingredient": "2024-10-13 02:48:58 +0000"
    },
    "done": true
  },
  "mcda:recipes/base_armors/squid_armor_leggings": {
    "criteria": {
      "has_leather_leggings": "2024-10-13 02:54:51 +0000"
    },
    "done": true
  },
  "vinery:recipes/vinemaker_leggings": {
    "criteria": {
      "has_gold_ingot": "2024-10-13 03:13:02 +0000"
    },
    "done": true
  },
  "lootr:25loot": {
    "criteria": {
      "loot_stat": "2024-10-13 02:59:15 +0000"
    },
    "done": true
  },
  "davespotioneering:recipes/tools/white_umbrella": {
    "criteria": {
      "has_shield": "2024-10-13 03:19:25 +0000"
    },
    "done": true
  },
  "betterend:recipes/misc/golden_hammer": {
    "criteria": {
      "has_gold_ingot": "2024-10-13 03:13:02 +0000"
    },
    "done": true
  },
  "davespotioneering:recipes/brewing/reinforced_cauldron": {
    "criteria": {
      "has_gold": "2024-10-13 03:13:02 +0000"
    },
    "done": true
  },
  "variantshields:recipes/combat/crimson_golden_shield": {
    "criteria": {
      "has_gold_ingot": "2024-10-13 03:13:02 +0000"
    },
    "done": true
  },
  "farmersdelight:recipes/farmersdelight/pie_crust": {
    "criteria": {
      "has_wheat": "2024-10-13 02:54:05 +0000"
    },
    "done": true
  },
  "farmersdelight:recipes/farmersdelight/rice_bag": {
    "criteria": {
      "has_rice": "2024-10-13 03:16:49 +0000"
    },
    "done": true
  },
  "smallships:recipes/transportation/acacia_galley": {
    "criteria": {
      "in_water": "2024-10-13 02:57:06 +0000"
    },
    "done": true
  },
  "minecraft:recipes/brewing/cauldron": {
    "criteria": {
      "has_water_bucket": "2024-10-13 02:56:41 +0000"
    },
    "done": true
  },
  "minecraft:adventure/root": {
    "criteria": {
      "killed_by_something": "2024-10-13 03:03:23 +0000"
    },
    "done": true
  },
  "mcdw:recipes/crossbows/crossbow_harp": {
    "criteria": {
      "has_string": "2024-10-13 02:53:11 +0000"
    },
    "done": true
  },
  "davespotioneering:recipes/tools/cyan_umbrella": {
    "criteria": {
      "has_shield": "2024-10-13 03:19:25 +0000"
    },
    "done": true
  },
  "mcdw:recipes/bows/bow_call_of_the_void": {
    "criteria": {
      "has_string": "2024-10-13 02:53:11 +0000"
    },
    "done": true
  },
  "bewitchment:recipes/decorations/golden_candelabra": {
    "criteria": {
      "has_item": "2024-10-13 03:13:02 +0000"
    },
    "done": true
  },
  "minecraft:recipes/combat/crossbow": {
    "criteria": {
      "has_string": "2024-10-13 02:53:11 +0000"
    },
    "done": true
  },
  "davespotioneering:recipes/tools/light_blue_umbrella": {
    "criteria": {
      "has_shield": "2024-10-13 03:19:25 +0000"
    },
    "done": true
  },
  "mcdw:recipes/crossbows/crossbow_heavy": {
    "criteria": {
      "has_string": "2024-10-13 02:53:11 +0000"
    },
    "done": true
  },
  "bewitchment:recipes/tools/curse_poppet": {
    "criteria": {
      "has_item": "2024-10-13 02:53:30 +0000"
    },
    "done": true
  },
  "smallships:recipes/transportation/jungle_galley": {
    "criteria": {
      "in_water": "2024-10-13 02:57:06 +0000"
    },
    "done": true
  },
  "farmersdelight:recipes/farmersdelight/grilled_salmon": {
    "criteria": {
      "has_salmon": "2024-10-13 02:54:33 +0000"
    },
    "done": true
  },
  "smallships:recipes/transportation/dark_oak_galley": {
    "criteria": {
      "in_water": "2024-10-13 02:57:06 +0000"
    },
    "done": true
  },
  "mcdw:recipes/crossbows/crossbow_doom_crossbow": {
    "criteria": {
      "has_string": "2024-10-13 02:53:11 +0000"
    },
    "done": true
  },
  "smallships:recipes/transportation/spruce_drakkar": {
    "criteria": {
      "in_water": "2024-10-13 02:57:06 +0000"
    },
    "done": true
  },
  "betterend:recipes/misc/gold_chandelier": {
    "criteria": {
      "has_gold_ingot": "2024-10-13 03:13:02 +0000"
    },
    "done": true
  },
  "davespotioneering:recipes/tools/orange_umbrella": {
    "criteria": {
      "has_shield": "2024-10-13 03:19:25 +0000"
    },
    "done": true
  },
  "mcdw:recipes/bows/bow_phantom_bow": {
    "criteria": {
      "has_string": "2024-10-13 02:53:11 +0000"
    },
    "done": true
  },
  "regions_unexplored:recipes/transportation/blackwood_boat": {
    "criteria": {
      "in_water": "2024-10-13 02:57:06 +0000"
    },
    "done": true
  },
  "mcda:recipes/base_armors/emerald_gear_leggings": {
    "criteria": {
      "has_emerald": "2024-10-13 02:56:42 +0000"
    },
    "done": true
  },
  "bewitchment:recipes/decorations/dragons_blood_chest": {
    "criteria": {
      "has_lots_of_items": "2024-10-13 02:54:21 +0000"
    },
    "done": true
  },
  "slayersbeasts:recipes/transportation/kapok_boat": {
    "criteria": {
      "in_water": "2024-10-13 02:57:06 +0000"
    },
    "done": true
  },
  "lootr:1chest": {
    "criteria": {
      "opened_chest": "2024-10-13 02:53:46 +0000"
    },
    "done": true
  },
  "mcdw:recipes/crossbows/crossbow_auto": {
    "criteria": {
      "has_string": "2024-10-13 02:53:11 +0000"
    },
    "done": true
  },
  "bewitchment:recipes/decorations/juniper_chest": {
    "criteria": {
      "has_lots_of_items": "2024-10-13 02:54:21 +0000"
    },
    "done": true
  },
  "smallships:recipes/transportation/oak_brigg": {
    "criteria": {
      "in_water": "2024-10-13 02:57:06 +0000"
    },
    "done": true
  },
  "bewitchment:recipes/transportation/dragons_blood_boat": {
    "criteria": {
      "in_water": "2024-10-13 02:57:06 +0000"
    },
    "done": true
  },
  "davespotioneering:recipes/tools/magenta_umbrella": {
    "criteria": {
      "has_shield": "2024-10-13 03:19:25 +0000"
    },
    "done": true
  },
  "regions_unexplored:recipes/transportation/eucalyptus_boat": {
    "criteria": {
      "in_water": "2024-10-13 02:57:06 +0000"
    },
    "done": true
  },
  "meadow:recipes/cheese_tart": {
    "criteria": {
      "has_wheat": "2024-10-13 02:54:05 +0000"
    },
    "done": true
  },
  "bakery:recipes/sandwich": {
    "criteria": {
      "has_bread": "2024-10-13 02:53:48 +0000"
    },
    "done": true
  },
  "minecraft:recipes/misc/bowl": {
    "criteria": {
      "has_mushroom_stew": "2024-10-13 02:54:24 +0000"
    },
    "done": true
  },
  "mcdw:recipes/whips/whip_vine_whip": {
    "criteria": {
      "has_string": "2024-10-13 02:53:11 +0000"
    },
    "done": true
  },
  "minecraft:recipes/food/baked_potato": {
    "criteria": {
      "has_potato": "2024-10-13 02:53:50 +0000"
    },
    "done": true
  },
  "hybrid-aquatic:recipes/tools/fishing_net": {
    "criteria": {
      "string": "2024-10-13 02:53:11 +0000"
    },
    "done": true
  },
  "minecraft:recipes/food/cooked_salmon": {
    "criteria": {
      "has_salmon": "2024-10-13 02:54:33 +0000"
    },
    "done": true
  },
  "minecraft:recipes/tools/fishing_rod": {
    "criteria": {
      "has_string": "2024-10-13 02:53:11 +0000"
    },
    "done": true
  },
  "mcdw:recipes/daggers/dagger_moon": {
    "criteria": {
      "has_gold_ingot": "2024-10-13 03:13:02 +0000"
    },
    "done": true
  },
  "regions_unexplored:recipes/transportation/palm_boat": {
    "criteria": {
      "in_water": "2024-10-13 02:57:06 +0000"
    },
    "done": true
  },
  "vinery:recipes/grapevine_lattice": {
    "criteria": {
      "has_coal": "2024-10-13 02:54:17 +0000"
    },
    "done": true
  },
  "davespotioneering:recipes/tools/lime_umbrella": {
    "criteria": {
      "has_shield": "2024-10-13 03:19:25 +0000"
    },
    "done": true
  },
  "smallships:recipes/transportation/oak_cog": {
    "criteria": {
      "in_water": "2024-10-13 02:57:06 +0000"
    },
    "done": true
  },
  "mcda:recipes/base_armors/shulker_armor_chestplate": {
    "criteria": {
      "has_gold_ingot": "2024-10-13 03:13:02 +0000"
    },
    "done": true
  },
  "mcdw:recipes/swords/sword_cutlass": {
    "criteria": {
      "has_gold_ingot": "2024-10-13 03:13:02 +0000"
    },
    "done": true
  },
  "mcdw:recipes/bows/bow_soul_bow": {
    "criteria": {
      "has_string": "2024-10-13 02:53:11 +0000"
    },
    "done": true
  },
  "dummmmmmy:recipes/dummy_crafting": {
    "criteria": {
      "has_hay_block": "2024-10-13 02:53:30 +0000"
    },
    "done": true
  },
  "smallships:recipes/transportation/oak_galley": {
    "criteria": {
      "in_water": "2024-10-13 02:57:06 +0000"
    },
    "done": true
  },
  "regions_unexplored:recipes/transportation/oak_boat": {
    "criteria": {
      "in_water": "2024-10-13 02:57:06 +0000"
    },
    "done": true
  },
  "mcdw:recipes/shortbows/bow_love_spell_bow": {
    "criteria": {
      "has_string": "2024-10-13 02:53:11 +0000"
    },
    "done": true
  },
  "mcdw:recipes/bows/bow_elite_power_bow": {
    "criteria": {
      "has_string": "2024-10-13 02:53:11 +0000"
    },
    "done": true
  },
  "minecraft:husbandry/root": {
    "criteria": {
      "consumed_item": "2024-10-13 03:02:54 +0000"
    },
    "done": true
  },
  "minecraft:recipes/transportation/birch_boat": {
    "criteria": {
      "in_water": "2024-10-13 02:57:06 +0000"
    },
    "done": true
  },
  "mcdw:recipes/longbows/bow_guardian_bow": {
    "criteria": {
      "has_string": "2024-10-13 02:53:11 +0000"
    },
    "done": true
  },
  "mcdw:recipes/crossbows/crossbow_voidcaller_crossbow": {
    "criteria": {
      "has_string": "2024-10-13 02:53:11 +0000"
    },
    "done": true
  },
  "bewitchment:recipes/transportation/cypress_boat": {
    "criteria": {
      "in_water": "2024-10-13 02:57:06 +0000"
    },
    "done": true
  },
  "minecraft:recipes/transportation/oak_boat": {
    "criteria": {
      "has_the_recipe": "2024-10-13 02:57:06 +0000",
      "in_water": "2024-10-13 02:57:06 +0000"
    },
    "done": true
  },
  "minecraft:recipes/building_blocks/coal_block": {
    "criteria": {
      "has_coal": "2024-10-13 02:54:17 +0000"
    },
    "done": true
  },
  "mcdw:recipes/crossbows/crossbow_shadow_crossbow": {
    "criteria": {
      "has_string": "2024-10-13 02:53:11 +0000"
    },
    "done": true
  },
  "davespotioneering:recipes/tools/light_gray_umbrella": {
    "criteria": {
      "has_shield": "2024-10-13 03:19:25 +0000"
    },
    "done": true
  },
  "smallships:recipes/transportation/dark_oak_cog": {
    "criteria": {
      "in_water": "2024-10-13 02:57:06 +0000"
    },
    "done": true
  },
  "smallships:recipes/transportation/birch_drakkar": {
    "criteria": {
      "in_water": "2024-10-13 02:57:06 +0000"
    },
    "done": true
  },
  "betterend:recipes/misc/sweet_berry_jelly": {
    "criteria": {
      "has_tag_c_water_bottles": "2024-10-13 02:56:41 +0000"
    },
    "done": true
  },
  "mcdw:recipes/bows/bow_hunting_bow": {
    "criteria": {
      "has_string": "2024-10-13 02:53:11 +0000"
    },
    "done": true
  },
  "promenade:recipes/crafting/sakura/boat": {
    "criteria": {
      "in_water": "2024-10-13 02:57:06 +0000"
    },
    "done": true
  },
  "regions_unexplored:recipes/transportation/mauve_boat": {
    "criteria": {
      "in_water": "2024-10-13 02:57:06 +0000"
    },
    "done": true
  },
  "regions_unexplored:recipes/transportation/redwood_boat": {
    "criteria": {
      "in_water": "2024-10-13 02:57:06 +0000"
    },
    "done": true
  },
  "promenade:recipes/crafting/palm/boat": {
    "criteria": {
      "in_water": "2024-10-13 02:57:06 +0000"
    },
    "done": true
  },
  "mcdw:recipes/daggers/dagger_the_end": {
    "criteria": {
      "has_gold_ingot": "2024-10-13 03:13:02 +0000"
    },
    "done": true
  },
  "vinery:recipes/straw_hat": {
    "criteria": {
      "has_wheat": "2024-10-13 02:54:05 +0000"
    },
    "done": true
  },
  "davespotioneering:recipes/tools/black_umbrella": {
    "criteria": {
      "has_shield": "2024-10-13 03:19:25 +0000"
    },
    "done": true
  },
  "variantshields:recipes/combat/birch_golden_shield": {
    "criteria": {
      "has_gold_ingot": "2024-10-13 03:13:02 +0000"
    },
    "done": true
  },
  "bewitchment:recipes/decorations/elder_chest": {
    "criteria": {
      "has_lots_of_items": "2024-10-13 02:54:21 +0000"
    },
    "done": true
  },
  "mcdw:recipes/longbows/bow_red_snake": {
    "criteria": {
      "has_string": "2024-10-13 02:53:11 +0000"
    },
    "done": true
  },
  "lootr:10loot": {
    "criteria": {
      "loot_stat": "2024-10-13 02:56:10 +0000"
    },
    "done": true
  },
  "farmersdelight:recipes/farmersdelight/wheat_dough_from_water": {
    "criteria": {
      "has_wheat": "2024-10-13 02:54:05 +0000"
    },
    "done": true
  },
  "smallships:recipes/transportation/acacia_drakkar": {
    "criteria": {
      "in_water": "2024-10-13 02:57:06 +0000"
    },
    "done": true
  },
  "davespotioneering:recipes/tools/purple_umbrella": {
    "criteria": {
      "has_shield": "2024-10-13 03:19:25 +0000"
    },
    "done": true
  },
  "mcda:recipes/crafting_items/gemstone_green": {
    "criteria": {
      "has_emerald": "2024-10-13 02:56:42 +0000"
    },
    "done": true
  },
  "mcda:recipes/base_armors/climbing_gear_leggings": {
    "criteria": {
      "has_leather_leggings": "2024-10-13 02:54:51 +0000"
    },
    "done": true
  },
  "farmersdelight:recipes/farmersdelight/stuffed_potato": {
    "criteria": {
      "has_baked_potato": "2024-10-13 02:54:21 +0000"
    },
    "done": true
  },
  "mcda:recipes/unique_armors/archers_leggings": {
    "criteria": {
      "has_leather_leggings": "2024-10-13 02:54:51 +0000"
    },
    "done": true
  },
  "smallships:recipes/transportation/cherry_galley": {
    "criteria": {
      "in_water": "2024-10-13 02:57:06 +0000"
    },
    "done": true
  },
  "farmersdelight:recipes/farmersdelight/organic_compost_from_rotten_flesh": {
    "criteria": {
      "has_rotten_flesh": "2024-10-13 02:48:58 +0000"
    },
    "done": true
  },
  "meadow:recipes/cheesecake": {
    "criteria": {
      "has_wheat": "2024-10-13 02:54:05 +0000"
    },
    "done": true
  },
  "mcdw:recipes/bows/bow_snow_bow": {
    "criteria": {
      "has_string": "2024-10-13 02:53:11 +0000"
    },
    "done": true
  },
  "mcda:recipes/base_armors/emerald_gear_boots": {
    "criteria": {
      "has_emerald": "2024-10-13 02:56:42 +0000"
    },
    "done": true
  },
  "minecraft:recipes/building_blocks/white_wool_from_string": {
    "criteria": {
      "has_string": "2024-10-13 02:53:11 +0000"
    },
    "done": true
  },
  "mcdw:recipes/staves/staff_growing_staff": {
    "criteria": {
      "has_gold_ingot": "2024-10-13 03:13:02 +0000"
    },
    "done": true
  },
  "minecraft:adventure/adventuring_time": {
    "criteria": {
      "minecraft:beach": "2024-10-13 02:53:02 +0000",
      "minecraft:lukewarm_ocean": "2024-10-13 03:09:58 +0000",
      "minecraft:desert": "2024-10-13 03:12:40 +0000"
    },
    "done": false
  },
  "davespotioneering:recipes/tools/brown_umbrella": {
    "criteria": {
      "has_shield": "2024-10-13 03:19:25 +0000"
    },
    "done": true
  },
  "immersive_armors:recipes/misc/warrior": {
    "criteria": {
      "has_item": "2024-10-13 02:54:51 +0000"
    },
    "done": true
  },
  "davespotioneering:recipes/tools/aged_umbrella": {
    "criteria": {
      "has_shield": "2024-10-13 03:19:25 +0000"
    },
    "done": true
  },
  "davespotioneering:recipes/tools/pink_umbrella": {
    "criteria": {
      "has_shield": "2024-10-13 03:19:25 +0000"
    },
    "done": true
  },
  "archon:learn_spell": {
    "criteria": {
      "spell": "2024-10-13 02:57:14 +0000"
    },
    "done": true
  },
  "minecraft:recipes/misc/wheat": {
    "criteria": {
      "has_hay_block": "2024-10-13 02:53:30 +0000"
    },
    "done": true
  },
  "regions_unexplored:recipes/transportation/willow_boat": {
    "criteria": {
      "in_water": "2024-10-13 02:57:06 +0000"
    },
    "done": true
  },
  "minecraft:recipes/decorations/loom": {
    "criteria": {
      "has_string": "2024-10-13 02:53:11 +0000"
    },
    "done": true
  },
  "bewitchment:recipes/tools/death_protection_poppet": {
    "criteria": {
      "has_item": "2024-10-13 02:53:30 +0000"
    },
    "done": true
  },
  "variantshields:recipes/combat/cherry_golden_shield": {
    "criteria": {
      "has_gold_ingot": "2024-10-13 03:13:02 +0000"
    },
    "done": true
  },
  "smallships:recipes/transportation/cherry_cog": {
    "criteria": {
      "in_water": "2024-10-13 02:57:06 +0000"
    },
    "done": true
  },
  "farmersdelight:recipes/farmersdelight/golden_knife": {
    "criteria": {
      "has_gold_ingot": "2024-10-13 03:13:02 +0000"
    },
    "done": true
  },
  "minecraft:recipes/combat/golden_leggings": {
    "criteria": {
      "has_gold_ingot": "2024-10-13 03:13:02 +0000"
    },
    "done": true
  },
  "DataVersion": 3465
}